sample_id,scenario_family,satellite_count,news_count,satellite_low_count,satellite_nominal_count,satellite_high_count,time_span_minutes,max_pairwise_distance_km,label
1,nominal_satellite_with_news,1,2,0,1,0,20.552455783333336,2.003345344221716,1
2,correlated_satellite_news_false_alarm,1,2,0,1,0,12.049160833333334,2.100245624425673,0
3,news_only_before_satellite,0,1,0,0,0,0.0,0.0,1
4,satellite_only_before_news,2,0,0,1,1,3.9750844499999998,0.6777034834827353,1
5,high_confidence_satellite_false_positive,1,0,0,0,1,0.0,0.0,0
6,low_confidence_satellite_noise,2,0,2,0,0,4.3631838499999995,2.4859597865482796,0
7,low_confidence_satellite_noise,2,0,2,0,0,15.764994366666667,1.1477768249593285,0
8,news_rumor_no_fire,0,1,0,0,0,0.0,0.0,0
9,multi_satellite_plus_multi_news,4,3,0,2,2,33.393167850000005,2.826648832650172,1
10,correlated_satellite_news_false_alarm,1,2,0,1,0,1.25742185,2.3464533610028306,0
11,correlated_satellite_news_false_alarm,2,2,1,1,0,24.17886005,2.068575748011352,0
12,low_confidence_satellite_noise,3,0,3,0,0,29.9669752,2.1007906129323777,0
13,correlated_satellite_news_false_alarm,1,1,1,0,0,3.196623283333333,1.7946857597443842,0
14,multi_satellite_plus_multi_news,3,2,0,2,1,36.59039301666667,1.9134470571885371,1
15,news_only_before_satellite,0,2,0,0,0,4.96326075,1.0234455793416208,1
16,news_rumor_no_fire,0,1,0,0,0,0.0,0.0,0
17,news_rumor_no_fire,0,1,0,0,0,0.0,0.0,0
18,news_rumor_no_fire,0,1,0,0,0,0.0,0.0,0
19,news_rumor_no_fire,0,1,0,0,0,0.0,0.0,0
20,news_rumor_no_fire,0,1,0,0,0,0.0,0.0,0
21,news_only_before_satellite,0,2,0,0,0,4.520386366666667,0.5072721744367491,1
22,news_only_before_satellite,0,2,0,0,0,9.987869833333333,0.6115318377463673,1
23,multi_satellite_real_fire,3,0,0,3,0,8.273433933333333,2.6222370449378785,1
24,multiple_news_same_false_alarm,0,4,0,0,0,35.2092632,1.5755542475385036,0
25,multi_satellite_real_fire,3,0,0,2,1,20.948184916666666,3.134897564509653,1
26,multi_satellite_plus_multi_news,4,2,0,1,3,37.17008941666666,3.135763311794956,1
27,correlated_satellite_news_false_alarm,2,2,0,2,0,18.634058033333336,2.306972508063375,0
28,multi_satellite_real_fire,4,0,0,3,1,32.651387916666664,2.3028937667338907,1
29,multi_satellite_real_fire,4,0,0,2,2,29.14701081666667,2.6805549628197314,1
30,satellite_only_before_news,2,0,0,2,0,6.1622324,0.7250862267364432,1
31,low_confidence_satellite_noise,3,0,3,0,0,4.544511616666667,3.387921901460609,0
32,nominal_satellite_false_heat_source,2,0,0,2,0,9.030277566666665,0.18927057453293314,0
33,multiple_news_same_false_alarm,0,3,0,0,0,42.41695898333333,0.6229236553734095,0
34,correlated_satellite_news_false_alarm,2,2,0,2,0,24.21200525,2.5245065123206576,0
35,news_rumor_no_fire,0,1,0,0,0,0.0,0.0,0
36,multi_satellite_plus_multi_news,3,3,0,2,1,26.375593633333335,2.625272058350042,1
37,high_confidence_satellite_with_news,3,1,0,0,3,26.100469516666667,1.8836225448612167,1
38,news_rumor_no_fire,0,1,0,0,0,0.0,0.0,0
39,high_confidence_satellite_with_news,3,1,0,0,3,21.085228649999998,2.1020151842769232,1
40,high_confidence_satellite_with_news,2,1,0,0,2,13.079242816666666,1.6364882392675237,1
41,multiple_news_same_false_alarm,0,2,0,0,0,8.014811216666667,0.7190735410093052,0
42,correlated_satellite_news_false_alarm,2,1,1,1,0,16.483573133333334,3.432477918424762,0
43,multi_satellite_real_fire,2,0,0,2,0,2.4760043,2.1199974670235537,1
44,multi_satellite_real_fire,3,0,0,3,0,24.32952665,2.231129530719012,1
45,nominal_satellite_false_heat_source,2,0,0,2,0,0.23955473333333333,0.31170234719614476,0
46,high_confidence_satellite_false_positive,1,0,0,0,1,0.0,0.0,0
47,nominal_satellite_false_heat_source,1,0,0,1,0,0.0,0.0,0
48,high_confidence_satellite_false_positive,1,0,0,0,1,0.0,0.0,0
49,high_confidence_satellite_false_positive,1,0,0,0,1,0.0,0.0,0
50,correlated_satellite_news_false_alarm,2,1,2,0,0,23.046429149999998,2.508130717729931,0
51,nominal_satellite_with_news,2,2,0,2,0,26.36651936666667,2.0421767833444404,1
52,multi_satellite_plus_multi_news,2,2,0,0,2,30.830969866666667,1.6115279258525468,1
53,persistent_non_wildfire_heat_source,3,0,1,2,0,7.994352083333334,2.902759476795463,0
54,multi_satellite_real_fire,4,0,0,3,1,39.639045233333334,3.29681484764035,1
55,satellite_only_before_news,1,0,0,0,1,0.0,0.0,1
56,multiple_news_same_false_alarm,0,2,0,0,0,3.3805439500000003,0.6463786793927029,0
57,nominal_satellite_false_heat_source,2,0,0,2,0,0.7150506833333333,0.9755667364121902,0
58,high_confidence_satellite_false_positive,1,0,0,0,1,0.0,0.0,0
59,news_rumor_no_fire,0,1,0,0,0,0.0,0.0,0
60,news_only_before_satellite,0,1,0,0,0,0.0,0.0,1
61,news_only_before_satellite,0,2,0,0,0,0.22665223333333331,0.10146084464371093,1
62,multi_satellite_real_fire,2,0,0,2,0,33.058845866666665,1.3003982028473253,1
63,multi_satellite_real_fire,4,0,0,4,0,12.304481683333334,2.123962659332638,1
64,high_confidence_satellite_with_news,1,1,0,0,1,19.176251383333334,3.2107735615558943,1
65,satellite_only_before_news,2,0,0,0,2,16.990612366666667,1.401758865032828,1
66,news_only_before_satellite,0,1,0,0,0,0.0,0.0,1
67,multi_satellite_plus_multi_news,4,3,0,3,1,36.338419333333334,3.6697101867462543,1
68,low_confidence_satellite_noise,2,0,2,0,0,5.3888185,0.5808120766044559,0
69,multiple_news_same_false_alarm,0,2,0,0,0,24.795065,0.981039511324832,0
70,nominal_satellite_with_news,1,1,0,1,0,17.20860085,1.404997899768977,1
71,nominal_satellite_with_news,2,2,0,2,0,23.561578266666668,2.2646101373698815,1
72,high_confidence_satellite_false_positive,1,0,0,0,1,0.0,0.0,0
73,nominal_satellite_false_heat_source,1,0,0,1,0,0.0,0.0,0
74,news_only_before_satellite,0,1,0,0,0,0.0,0.0,1
75,news_rumor_no_fire,0,1,0,0,0,0.0,0.0,0
76,nominal_satellite_false_heat_source,2,0,0,2,0,4.906565483333334,0.6044230433670306,0
77,multiple_news_same_false_alarm,0,4,0,0,0,27.7453711,1.745268845794716,0
78,persistent_non_wildfire_heat_source,2,0,1,1,0,7.200559233333333,2.1307059886238853,0
79,persistent_non_wildfire_heat_source,4,0,3,1,0,38.663356,3.824327155137475,0
80,nominal_satellite_with_news,2,2,0,2,0,15.683224033333333,2.1233014105952592,1
81,multiple_news_same_false_alarm,0,4,0,0,0,34.4255819,0.7928260574923974,0
82,satellite_only_before_news,1,0,0,1,0,0.0,0.0,1
83,satellite_only_before_news,1,0,0,0,1,0.0,0.0,1
84,multi_satellite_real_fire,2,0,0,2,0,33.9365634,0.207646834000385,1
85,high_confidence_satellite_with_news,1,1,0,0,1,22.776241266666666,2.430353005249556,1
86,high_confidence_satellite_with_news,2,1,0,0,2,7.925341683333333,0.8134729000834227,1
87,nominal_satellite_with_news,1,1,0,1,0,26.71677755,2.077842106495106,1
88,nominal_satellite_with_news,2,1,0,2,0,17.800536416666667,2.898017761391755,1
89,news_only_before_satellite,0,2,0,0,0,5.830366466666666,0.32935582783019357,1
90,persistent_non_wildfire_heat_source,2,0,0,2,0,0.8728485166666666,3.3643089717656123,0
91,low_confidence_satellite_noise,1,0,1,0,0,0.0,0.0,0
92,multiple_news_same_false_alarm,0,3,0,0,0,24.173012316666664,0.7350746132491777,0
93,correlated_satellite_news_false_alarm,1,1,0,1,0,7.743558516666667,0.3434105321087699,0
94,multi_satellite_real_fire,3,0,0,2,1,15.508596166666667,1.9391443547408003,1
95,persistent_non_wildfire_heat_source,2,0,1,1,0,3.279525833333333,0.7100662786162389,0
96,multiple_news_same_false_alarm,0,3,0,0,0,9.02403935,1.4949865153101127,0
97,news_only_before_satellite,0,2,0,0,0,6.15628705,0.38309399188546306,1
98,persistent_non_wildfire_heat_source,4,0,1,3,0,41.97055838333333,2.190267343428474,0
99,low_confidence_satellite_noise,1,0,1,0,0,0.0,0.0,0
100,multi_satellite_plus_multi_news,4,2,0,2,2,15.983192683333334,2.3944774734305803,1
101,low_confidence_satellite_noise,2,0,2,0,0,4.691422766666666,2.347213683368246,0
102,nominal_satellite_with_news,1,2,0,1,0,30.50910598333333,2.1937594963649296,1
103,low_confidence_satellite_noise,1,0,1,0,0,0.0,0.0,0
104,multiple_news_same_false_alarm,0,2,0,0,0,9.1241254,1.6908977943209555,0
105,low_confidence_satellite_noise,2,0,2,0,0,5.872378566666667,1.0326176445238684,0
106,high_confidence_satellite_with_news,2,2,0,0,2,23.90792895,3.0482505786644407,1
107,multiple_news_same_false_alarm,0,3,0,0,0,14.228265933333335,1.0660682009804572,0
108,multiple_news_same_false_alarm,0,3,0,0,0,16.178126566666666,1.7149043237933923,0
109,persistent_non_wildfire_heat_source,4,0,3,1,0,47.50212345,1.8831827352937904,0
110,multi_satellite_real_fire,4,0,0,4,0,36.85077386666667,2.006748147549308,1
111,high_confidence_satellite_false_positive,1,0,0,0,1,0.0,0.0,0
112,nominal_satellite_with_news,2,1,0,2,0,22.816159833333334,1.4555293891876242,1
113,nominal_satellite_false_heat_source,1,0,0,1,0,0.0,0.0,0
114,multi_satellite_real_fire,2,0,0,2,0,21.189272633333335,1.747633774076496,1
115,news_rumor_no_fire,0,1,0,0,0,0.0,0.0,0
116,satellite_only_before_news,1,0,0,1,0,0.0,0.0,1
117,high_confidence_satellite_false_positive,1,0,0,0,1,0.0,0.0,0
118,news_only_before_satellite,0,1,0,0,0,0.0,0.0,1
119,satellite_only_before_news,1,0,0,0,1,0.0,0.0,1
120,correlated_satellite_news_false_alarm,2,1,0,2,0,2.4961149666666667,2.333101334665704,0
121,persistent_non_wildfire_heat_source,2,0,0,2,0,5.3000427666666665,0.499788394131048,0
122,multiple_news_same_false_alarm,0,4,0,0,0,19.583600633333333,0.6195037883324415,0
123,satellite_only_before_news,1,0,0,1,0,0.0,0.0,1
124,nominal_satellite_false_heat_source,2,0,0,2,0,0.4014667333333334,0.7611073977008767,0
125,satellite_only_before_news,2,0,0,1,1,0.8806383166666667,1.345052902063395,1
126,low_confidence_satellite_noise,3,0,3,0,0,20.4374,1.9902263279603236,0
127,high_confidence_satellite_with_news,1,2,0,0,1,20.764499683333334,3.11967937189757,1
128,multi_satellite_real_fire,2,0,0,1,1,10.155379333333334,1.4411750807011012,1
129,low_confidence_satellite_noise,3,0,3,0,0,28.692171716666667,1.051663562845122,0
130,multi_satellite_plus_multi_news,2,3,0,0,2,30.815826016666666,2.5743606405883668,1
131,multi_satellite_plus_multi_news,4,2,0,0,4,35.837625116666665,2.779498019411135,1
132,multi_satellite_real_fire,4,0,0,3,1,25.856011350000003,3.9263288132909855,1
133,correlated_satellite_news_false_alarm,1,2,0,1,0,11.075397866666666,3.2221485764181947,0
134,nominal_satellite_with_news,1,2,0,1,0,10.156038333333333,1.9530567498782025,1
135,low_confidence_satellite_noise,1,0,1,0,0,0.0,0.0,0
136,multiple_news_same_false_alarm,0,2,0,0,0,1.3703031,0.8442525516709424,0
137,nominal_satellite_false_heat_source,1,0,0,1,0,0.0,0.0,0
138,multiple_news_same_false_alarm,0,2,0,0,0,16.45506728333333,1.1435860424595077,0
139,nominal_satellite_false_heat_source,1,0,0,1,0,0.0,0.0,0
140,high_confidence_satellite_false_positive,1,0,0,0,1,0.0,0.0,0
141,high_confidence_satellite_false_positive,1,0,0,0,1,0.0,0.0,0
142,multi_satellite_real_fire,2,0,0,2,0,36.715265216666666,1.6413843975766915,1
143,correlated_satellite_news_false_alarm,2,1,2,0,0,10.086025166666667,2.219293908502303,0
144,correlated_satellite_news_false_alarm,1,2,1,0,0,9.788851233333332,1.6942953845985427,0
145,persistent_non_wildfire_heat_source,4,0,3,1,0,30.036344966666665,2.908469800652613,0
146,multi_satellite_real_fire,3,0,0,3,0,37.2713113,0.7243138709512016,1
147,correlated_satellite_news_false_alarm,2,1,0,2,0,20.492326716666664,3.2634374225806195,0
148,low_confidence_satellite_noise,1,0,1,0,0,0.0,0.0,0
149,nominal_satellite_false_heat_source,1,0,0,1,0,0.0,0.0,0
150,high_confidence_satellite_with_news,3,1,0,0,3,16.612837199999998,1.955923456596236,1
151,news_rumor_no_fire,0,1,0,0,0,0.0,0.0,0
152,nominal_satellite_false_heat_source,2,0,0,2,0,1.9219102333333333,0.8940578343183325,0
153,multi_satellite_plus_multi_news,4,2,0,1,3,48.04871503333333,3.8057409097256967,1
154,high_confidence_satellite_false_positive,1,0,0,0,1,0.0,0.0,0
155,nominal_satellite_with_news,2,1,0,2,0,32.235228916666664,0.863622741893893,1
156,multi_satellite_plus_multi_news,4,2,0,2,2,26.991852883333333,3.9524437142217903,1
157,high_confidence_satellite_false_positive,1,0,0,0,1,0.0,0.0,0
158,nominal_satellite_false_heat_source,1,0,0,1,0,0.0,0.0,0
159,persistent_non_wildfire_heat_source,4,0,3,1,0,25.431533116666667,2.996829949065836,0
160,correlated_satellite_news_false_alarm,2,2,1,1,0,15.056910216666667,2.864586858421282,0
161,multiple_news_same_false_alarm,0,2,0,0,0,1.9910433666666667,0.8046143053818008,0
162,multi_satellite_plus_multi_news,4,2,0,2,2,18.845915833333333,2.0600188904779406,1
163,nominal_satellite_false_heat_source,2,0,0,2,0,1.3398182,0.6162660633826486,0
164,news_only_before_satellite,0,2,0,0,0,0.9884142166666667,0.4587747458234598,1
165,news_rumor_no_fire,0,1,0,0,0,0.0,0.0,0
166,multiple_news_same_false_alarm,0,3,0,0,0,8.333181066666667,1.41585429497366,0
167,low_confidence_satellite_noise,3,0,3,0,0,31.63449425,2.4307532507018155,0
168,low_confidence_satellite_noise,1,0,1,0,0,0.0,0.0,0
169,low_confidence_satellite_noise,3,0,3,0,0,25.474171233333333,2.452283320468097,0
170,satellite_only_before_news,1,0,0,0,1,0.0,0.0,1
171,correlated_satellite_news_false_alarm,2,1,2,0,0,23.409336516666666,1.590012378059597,0
172,high_confidence_satellite_false_positive,1,0,0,0,1,0.0,0.0,0
173,nominal_satellite_false_heat_source,1,0,0,1,0,0.0,0.0,0
174,low_confidence_satellite_noise,2,0,2,0,0,6.620353383333334,1.0165203717352311,0
175,correlated_satellite_news_false_alarm,2,2,0,2,0,18.29669853333333,1.5788258013122949,0
176,news_only_before_satellite,0,2,0,0,0,2.873966183333333,1.0537170058282939,1
177,news_only_before_satellite,0,2,0,0,0,7.463919083333334,1.2076707915862583,1
178,persistent_non_wildfire_heat_source,4,0,4,0,0,25.17280356666667,2.8908517519061547,0
179,high_confidence_satellite_with_news,2,2,0,0,2,17.8098685,3.263225710876653,1
180,correlated_satellite_news_false_alarm,1,2,0,1,0,11.855180416666666,1.842503122857141,0
181,high_confidence_satellite_false_positive,1,0,0,0,1,0.0,0.0,0
182,persistent_non_wildfire_heat_source,3,0,3,0,0,12.488503333333334,3.2557360656099905,0
183,news_only_before_satellite,0,2,0,0,0,11.614862483333333,1.0961018781681837,1
184,news_rumor_no_fire,0,1,0,0,0,0.0,0.0,0
185,nominal_satellite_false_heat_source,1,0,0,1,0,0.0,0.0,0
186,nominal_satellite_with_news,1,1,0,1,0,10.110120833333333,1.6572204713462189,1
187,news_only_before_satellite,0,1,0,0,0,0.0,0.0,1
188,multi_satellite_real_fire,4,0,0,2,2,34.143516500000004,1.4487447540597462,1
189,multi_satellite_real_fire,4,0,0,2,2,25.931353633333334,1.9850640559487147,1
190,multi_satellite_plus_multi_news,2,2,0,2,0,46.02855771666667,1.2536136055655354,1
191,satellite_only_before_news,1,0,0,0,1,0.0,0.0,1
192,correlated_satellite_news_false_alarm,1,2,0,1,0,4.904295916666666,2.193313073975004,0
193,multi_satellite_real_fire,3,0,0,1,2,14.989376516666665,1.3720507576159933,1
194,multi_satellite_real_fire,2,0,0,2,0,10.892774733333333,0.9432549039459541,1
195,low_confidence_satellite_noise,3,0,3,0,0,4.172806983333333,1.198493578814956,0
196,high_confidence_satellite_with_news,3,1,0,0,3,24.548622966666667,2.824879366454948,1
197,high_confidence_satellite_false_positive,1,0,0,0,1,0.0,0.0,0
198,nominal_satellite_with_news,1,1,0,1,0,4.620576083333333,2.963236989883422,1
199,news_only_before_satellite,0,2,0,0,0,14.836679333333333,1.40711360128378,1
200,persistent_non_wildfire_heat_source,4,0,3,1,0,23.77931305,2.4451528284273056,0
201,multi_satellite_real_fire,3,0,0,2,1,16.092727500000002,1.3717779413127982,1
202,nominal_satellite_false_heat_source,2,0,0,2,0,3.3818618166666665,0.481699539209033,0
203,persistent_non_wildfire_heat_source,3,0,1,2,0,38.30543826666667,1.8833206301937149,0
204,multi_satellite_real_fire,3,0,0,1,2,15.952300416666667,2.3035224072446496,1
205,satellite_only_before_news,2,0,0,1,1,4.743943683333333,1.5705746684618527,1
206,high_confidence_satellite_with_news,2,2,0,0,2,13.1220945,2.7274611854236115,1
207,low_confidence_satellite_noise,2,0,2,0,0,27.227404216666667,0.22532443678189573,0
208,high_confidence_satellite_false_positive,1,0,0,0,1,0.0,0.0,0
209,high_confidence_satellite_with_news,2,2,0,0,2,8.747101766666667,2.1786809715340576,1
210,high_confidence_satellite_false_positive,1,0,0,0,1,0.0,0.0,0
211,high_confidence_satellite_false_positive,1,0,0,0,1,0.0,0.0,0
212,news_rumor_no_fire,0,1,0,0,0,0.0,0.0,0
213,high_confidence_satellite_with_news,1,2,0,0,1,1.4214929,1.0789856399068831,1
214,nominal_satellite_with_news,2,2,0,2,0,22.924868333333333,2.677946773185075,1
215,multiple_news_same_false_alarm,0,4,0,0,0,15.300896833333333,1.4729594375289823,0
216,persistent_non_wildfire_heat_source,2,0,1,1,0,25.903310216666668,1.804434752477799,0
217,satellite_only_before_news,1,0,0,1,0,0.0,0.0,1
218,news_rumor_no_fire,0,1,0,0,0,0.0,0.0,0
219,multi_satellite_plus_multi_news,4,3,0,3,1,37.200403683333334,2.418274926926892,1
220,high_confidence_satellite_with_news,1,1,0,0,1,10.9615543,1.1312713188333485,1
221,multi_satellite_plus_multi_news,2,3,0,0,2,37.9724262,2.770067206083141,1
222,low_confidence_satellite_noise,1,0,1,0,0,0.0,0.0,0
223,nominal_satellite_false_heat_source,2,0,0,2,0,1.2357375333333331,0.44294121609358167,0
224,nominal_satellite_false_heat_source,2,0,0,2,0,3.6427863,0.306845600822982,0
225,multi_satellite_plus_multi_news,4,2,0,2,2,40.62476175,2.7567873117605606,1
226,news_rumor_no_fire,0,1,0,0,0,0.0,0.0,0
227,high_confidence_satellite_with_news,2,1,0,0,2,6.229568566666667,2.570387796199766,1
228,news_only_before_satellite,0,2,0,0,0,5.96016795,1.675805944727303,1
229,news_only_before_satellite,0,1,0,0,0,0.0,0.0,1
230,multi_satellite_plus_multi_news,4,2,0,2,2,43.09795473333334,2.897290086718353,1
231,multi_satellite_real_fire,2,0,0,1,1,28.074139783333333,3.333446047666656,1
232,multi_satellite_real_fire,2,0,0,2,0,13.625988833333334,1.5954997719974842,1
233,high_confidence_satellite_false_positive,1,0,0,0,1,0.0,0.0,0
234,multi_satellite_real_fire,2,0,0,1,1,15.315702766666668,1.4473975231481206,1
235,nominal_satellite_false_heat_source,1,0,0,1,0,0.0,0.0,0
236,multi_satellite_real_fire,3,0,0,3,0,8.604320966666668,1.5639855477721922,1
237,persistent_non_wildfire_heat_source,2,0,1,1,0,2.482423116666667,1.4369278378007635,0
238,news_only_before_satellite,0,2,0,0,0,22.371194616666667,0.7156241960185723,1
239,news_only_before_satellite,0,2,0,0,0,18.611196083333333,1.0055674555503082,1
240,multi_satellite_plus_multi_news,4,2,0,2,2,46.699235716666664,2.526519410987208,1
241,high_confidence_satellite_false_positive,1,0,0,0,1,0.0,0.0,0
242,nominal_satellite_false_heat_source,2,0,0,2,0,1.7365313166666667,0.9844929308797218,0
243,multi_satellite_plus_multi_news,2,3,0,1,1,40.17245845,2.816985067162274,1
244,news_rumor_no_fire,0,1,0,0,0,0.0,0.0,0
245,nominal_satellite_with_news,2,1,0,2,0,33.041797583333334,1.7946334890310742,1
246,satellite_only_before_news,2,0,0,1,1,14.090979866666666,0.9284327553313338,1
247,news_only_before_satellite,0,2,0,0,0,3.7148071666666667,0.5903717042571703,1
248,correlated_satellite_news_false_alarm,1,1,1,0,0,20.782624966666667,1.8938364650471502,0
249,multiple_news_same_false_alarm,0,3,0,0,0,27.416516466666668,1.2012608462472554,0
250,satellite_only_before_news,1,0,0,1,0,0.0,0.0,1
251,satellite_only_before_news,1,0,0,1,0,0.0,0.0,1
252,correlated_satellite_news_false_alarm,2,1,1,1,0,19.229305800000002,1.657768231997588,0
253,persistent_non_wildfire_heat_source,3,0,2,1,0,14.789526733333334,1.6307339662590254,0
254,news_only_before_satellite,0,2,0,0,0,0.5899180333333334,0.6510160629056658,1
255,news_only_before_satellite,0,2,0,0,0,7.601644666666667,0.8715940715085891,1
256,high_confidence_satellite_with_news,2,1,0,0,2,14.493629466666667,2.108113595796646,1
257,low_confidence_satellite_noise,2,0,2,0,0,2.6740359333333337,1.1154379675341426,0
258,news_rumor_no_fire,0,1,0,0,0,0.0,0.0,0
259,multiple_news_same_false_alarm,0,2,0,0,0,6.951552166666667,0.9240813378427791,0
260,nominal_satellite_false_heat_source,1,0,0,1,0,0.0,0.0,0
261,news_rumor_no_fire,0,1,0,0,0,0.0,0.0,0
262,multi_satellite_plus_multi_news,3,3,0,1,2,44.29635321666667,3.6417534562645857,1
263,satellite_only_before_news,2,0,0,0,2,0.8240763999999999,0.40936915198128165,1
264,news_rumor_no_fire,0,1,0,0,0,0.0,0.0,0
265,multiple_news_same_false_alarm,0,4,0,0,0,37.732296483333336,0.9979239104163095,0
266,news_rumor_no_fire,0,1,0,0,0,0.0,0.0,0
267,high_confidence_satellite_false_positive,1,0,0,0,1,0.0,0.0,0
268,news_only_before_satellite,0,2,0,0,0,17.705331333333334,0.835205947468794,1
269,high_confidence_satellite_with_news,3,2,0,0,3,10.985899366666667,2.555591964817823,1
270,high_confidence_satellite_false_positive,1,0,0,0,1,0.0,0.0,0
271,high_confidence_satellite_false_positive,1,0,0,0,1,0.0,0.0,0
272,multi_satellite_plus_multi_news,3,2,0,2,1,17.5873308,3.441665841039225,1
273,satellite_only_before_news,2,0,0,0,2,3.796925133333333,1.0926073977630406,1
274,news_rumor_no_fire,0,1,0,0,0,0.0,0.0,0
275,satellite_only_before_news,1,0,0,1,0,0.0,0.0,1
276,news_only_before_satellite,0,2,0,0,0,3.7414354166666666,0.801309136793172,1
277,high_confidence_satellite_with_news,1,2,0,0,1,10.09414795,2.853916712811657,1
278,satellite_only_before_news,1,0,0,0,1,0.0,0.0,1
279,satellite_only_before_news,2,0,0,1,1,13.714782466666666,0.22140967508533907,1
280,multiple_news_same_false_alarm,0,2,0,0,0,13.775279383333332,0.8370734926311888,0
281,persistent_non_wildfire_heat_source,4,0,2,2,0,15.488909666666666,1.4865528686858307,0
282,high_confidence_satellite_with_news,2,2,0,0,2,16.745107533333332,3.3554221786058975,1
283,satellite_only_before_news,1,0,0,1,0,0.0,0.0,1
284,multiple_news_same_false_alarm,0,2,0,0,0,15.4080499,1.0360489398295216,0
285,multiple_news_same_false_alarm,0,4,0,0,0,29.163671150000003,1.2659729366423407,0
286,multi_satellite_real_fire,4,0,0,4,0,32.50552765,2.0456798881678577,1
287,nominal_satellite_false_heat_source,1,0,0,1,0,0.0,0.0,0
288,persistent_non_wildfire_heat_source,2,0,1,1,0,13.39388125,2.305777928234806,0
289,nominal_satellite_with_news,2,1,0,2,0,14.41087505,1.7148748048056606,1
290,nominal_satellite_false_heat_source,2,0,0,2,0,4.93572325,0.7669933960598967,0
291,news_only_before_satellite,0,1,0,0,0,0.0,0.0,1
292,correlated_satellite_news_false_alarm,1,2,1,0,0,13.019423766666668,1.384768166562619,0
293,nominal_satellite_with_news,1,1,0,1,0,0.8392674833333333,3.26815151052436,1
294,nominal_satellite_false_heat_source,1,0,0,1,0,0.0,0.0,0
295,multi_satellite_plus_multi_news,4,3,0,3,1,45.968166616666664,1.8255488110182554,1
296,satellite_only_before_news,1,0,0,0,1,0.0,0.0,1
297,news_only_before_satellite,0,2,0,0,0,12.8355534,0.4734965934369249,1
298,multi_satellite_plus_multi_news,3,3,0,2,1,24.28610555,3.493516643356352,1
299,nominal_satellite_false_heat_source,1,0,0,1,0,0.0,0.0,0
300,multiple_news_same_false_alarm,0,2,0,0,0,3.022292466666667,0.293389979205446,0
301,multiple_news_same_false_alarm,0,4,0,0,0,29.898861466666666,1.0308726444303922,0
302,high_confidence_satellite_false_positive,1,0,0,0,1,0.0,0.0,0
303,news_rumor_no_fire,0,1,0,0,0,0.0,0.0,0
304,high_confidence_satellite_false_positive,1,0,0,0,1,0.0,0.0,0
305,multi_satellite_real_fire,4,0,0,3,1,6.721911016666667,2.529160859845257,1
306,low_confidence_satellite_noise,3,0,3,0,0,9.979033766666667,1.326046191348224,0
307,correlated_satellite_news_false_alarm,2,2,2,0,0,25.126941166666665,1.7116357034100553,0
308,satellite_only_before_news,1,0,0,0,1,0.0,0.0,1
309,high_confidence_satellite_with_news,1,1,0,0,1,20.889833383333333,1.3299908876267483,1
310,multi_satellite_plus_multi_news,2,2,0,1,1,33.274093,1.0682778859414472,1
311,correlated_satellite_news_false_alarm,1,1,0,1,0,12.626240300000001,0.6237517647673728,0
312,multiple_news_same_false_alarm,0,4,0,0,0,40.91355023333333,1.6658803382055112,0
313,multi_satellite_real_fire,2,0,0,1,1,20.706829983333332,0.7754642983091522,1
314,multi_satellite_plus_multi_news,4,2,0,1,3,26.82877595,3.667464749329284,1
315,satellite_only_before_news,2,0,0,2,0,6.112357616666667,2.215154642473572,1
316,news_only_before_satellite,0,2,0,0,0,8.9569569,0.21263493925635932,1
317,multi_satellite_plus_multi_news,4,2,0,2,2,38.54595105,3.0022941773712573,1
318,correlated_satellite_news_false_alarm,1,1,1,0,0,0.8758355166666667,2.3579260054752647,0
319,high_confidence_satellite_false_positive,1,0,0,0,1,0.0,0.0,0
320,news_rumor_no_fire,0,1,0,0,0,0.0,0.0,0
321,satellite_only_before_news,1,0,0,0,1,0.0,0.0,1
322,multi_satellite_plus_multi_news,4,3,0,0,4,36.87460203333333,3.6991668028733464,1
323,satellite_only_before_news,1,0,0,1,0,0.0,0.0,1
324,multiple_news_same_false_alarm,0,2,0,0,0,15.811009366666667,1.7848906358390446,0
325,correlated_satellite_news_false_alarm,1,2,1,0,0,5.126970983333334,1.116854795818971,0
326,low_confidence_satellite_noise,3,0,3,0,0,19.033684116666667,3.5605869568066266,0
327,multi_satellite_plus_multi_news,3,3,0,1,2,18.824916183333336,3.349974176342674,1
328,persistent_non_wildfire_heat_source,4,0,1,3,0,31.247366483333334,0.7550140256040625,0
329,satellite_only_before_news,1,0,0,0,1,0.0,0.0,1
330,low_confidence_satellite_noise,2,0,2,0,0,0.5025727833333333,1.3678484003018199,0
331,persistent_non_wildfire_heat_source,2,0,2,0,0,19.211805000000002,2.3454277251685096,0
332,high_confidence_satellite_false_positive,1,0,0,0,1,0.0,0.0,0
333,high_confidence_satellite_false_positive,1,0,0,0,1,0.0,0.0,0
334,news_only_before_satellite,0,2,0,0,0,2.4880723833333334,0.5288109705421443,1
335,news_only_before_satellite,0,1,0,0,0,0.0,0.0,1
336,persistent_non_wildfire_heat_source,4,0,2,2,0,43.550804166666666,2.8963781839133995,0
337,nominal_satellite_false_heat_source,2,0,0,2,0,4.987934433333334,0.2028904918521037,0
338,nominal_satellite_false_heat_source,1,0,0,1,0,0.0,0.0,0
339,persistent_non_wildfire_heat_source,4,0,3,1,0,43.6742243,2.9951417046915827,0
340,news_only_before_satellite,0,2,0,0,0,9.233262783333334,0.7654271895299284,1
341,news_rumor_no_fire,0,1,0,0,0,0.0,0.0,0
342,news_rumor_no_fire,0,1,0,0,0,0.0,0.0,0
343,high_confidence_satellite_with_news,3,2,0,0,3,22.508910483333334,1.932235667456698,1
344,low_confidence_satellite_noise,1,0,1,0,0,0.0,0.0,0
345,high_confidence_satellite_with_news,3,2,0,0,3,26.71117915,2.2546701558796616,1
346,low_confidence_satellite_noise,3,0,3,0,0,15.834155383333332,1.2244011764674638,0
347,multiple_news_same_false_alarm,0,3,0,0,0,33.453060783333335,1.4714745955645971,0
348,correlated_satellite_news_false_alarm,2,2,0,2,0,6.667425283333333,1.9685401504129347,0
349,low_confidence_satellite_noise,2,0,2,0,0,1.1721647,1.920379578145304,0
350,nominal_satellite_false_heat_source,1,0,0,1,0,0.0,0.0,0
351,satellite_only_before_news,2,0,0,0,2,11.006043866666666,0.5393084870617803,1
352,high_confidence_satellite_with_news,3,2,0,0,3,12.130891133333334,2.1323590281984637,1
353,multi_satellite_real_fire,2,0,0,2,0,4.5796513,1.191775976967601,1
354,multi_satellite_real_fire,2,0,0,2,0,25.00510825,1.8276242752230727,1
355,high_confidence_satellite_false_positive,1,0,0,0,1,0.0,0.0,0
356,multi_satellite_real_fire,3,0,0,1,2,30.3753585,1.3328211051556083,1
357,low_confidence_satellite_noise,2,0,2,0,0,15.71509045,1.233091081724962,0
358,correlated_satellite_news_false_alarm,2,1,0,2,0,2.7930623166666666,1.621858263175307,0
359,persistent_non_wildfire_heat_source,4,0,2,2,0,42.143024350000005,3.025946168932026,0
360,high_confidence_satellite_false_positive,1,0,0,0,1,0.0,0.0,0
361,high_confidence_satellite_false_positive,1,0,0,0,1,0.0,0.0,0
362,satellite_only_before_news,1,0,0,0,1,0.0,0.0,1
363,multi_satellite_real_fire,4,0,0,3,1,24.10155255,2.6421401126144395,1
364,high_confidence_satellite_false_positive,1,0,0,0,1,0.0,0.0,0
365,persistent_non_wildfire_heat_source,3,0,1,2,0,38.61510213333334,3.0254083368965325,0
366,multi_satellite_plus_multi_news,2,3,0,1,1,32.95662466666667,2.4458231053348163,1
367,satellite_only_before_news,1,0,0,1,0,0.0,0.0,1
368,high_confidence_satellite_with_news,1,1,0,0,1,9.212553566666665,2.1152153684386117,1
369,high_confidence_satellite_with_news,2,2,0,0,2,8.349743116666666,2.477903330753019,1
370,nominal_satellite_false_heat_source,2,0,0,2,0,7.743525983333333,0.471911357631438,0
371,correlated_satellite_news_false_alarm,2,1,2,0,0,8.205357716666667,1.0112096806053854,0
372,satellite_only_before_news,1,0,0,0,1,0.0,0.0,1
373,nominal_satellite_with_news,2,1,0,2,0,9.418107083333332,1.3647073026920116,1
374,high_confidence_satellite_false_positive,1,0,0,0,1,0.0,0.0,0
375,low_confidence_satellite_noise,2,0,2,0,0,23.7202038,0.29624345537113905,0
376,news_rumor_no_fire,0,1,0,0,0,0.0,0.0,0
377,low_confidence_satellite_noise,3,0,3,0,0,12.8845507,1.0692333472867248,0
378,low_confidence_satellite_noise,2,0,2,0,0,20.5256409,1.7923434281800716,0
379,multi_satellite_real_fire,3,0,0,2,1,20.9534953,2.330399807691434,1
380,low_confidence_satellite_noise,2,0,2,0,0,26.088741366666667,2.494917131178382,0
381,correlated_satellite_news_false_alarm,2,1,1,1,0,13.080047916666667,1.8305576653684077,0
382,high_confidence_satellite_false_positive,1,0,0,0,1,0.0,0.0,0
383,high_confidence_satellite_false_positive,1,0,0,0,1,0.0,0.0,0
384,multi_satellite_plus_multi_news,3,2,0,1,2,34.2678104,2.0955239728925066,1
385,correlated_satellite_news_false_alarm,2,2,2,0,0,12.452164983333335,0.9856826057980189,0
386,news_rumor_no_fire,0,1,0,0,0,0.0,0.0,0
387,news_only_before_satellite,0,2,0,0,0,0.0774294,0.8968929160212082,1
388,high_confidence_satellite_with_news,2,1,0,0,2,21.348923966666668,1.9836889381310183,1
389,news_only_before_satellite,0,1,0,0,0,0.0,0.0,1
390,news_rumor_no_fire,0,1,0,0,0,0.0,0.0,0
391,satellite_only_before_news,2,0,0,0,2,4.525914766666667,1.3961892106261624,1
392,low_confidence_satellite_noise,3,0,3,0,0,20.919914600000002,2.6904775394589753,0
393,nominal_satellite_with_news,2,2,0,2,0,14.093821966666667,1.82528022026592,1
394,nominal_satellite_with_news,2,2,0,2,0,32.511412533333335,1.469989098517789,1
395,multiple_news_same_false_alarm,0,4,0,0,0,21.030931333333335,0.9442397951060241,0
396,nominal_satellite_false_heat_source,1,0,0,1,0,0.0,0.0,0
397,nominal_satellite_false_heat_source,1,0,0,1,0,0.0,0.0,0
398,multi_satellite_real_fire,4,0,0,2,2,41.49349263333333,3.739147147288345,1
399,persistent_non_wildfire_heat_source,2,0,2,0,0,37.909709,0.31748910700672595,0
400,multiple_news_same_false_alarm,0,3,0,0,0,17.1647603,0.4079929629967161,0
401,nominal_satellite_with_news,2,2,0,2,0,17.784556983333335,3.754840690331883,1
402,multiple_news_same_false_alarm,0,2,0,0,0,7.382506633333334,1.1627196387442533,0
403,multiple_news_same_false_alarm,0,2,0,0,0,14.777880966666666,0.2579120878170403,0
404,nominal_satellite_with_news,1,2,0,1,0,23.008375666666666,1.1694054014977322,1
405,high_confidence_satellite_false_positive,1,0,0,0,1,0.0,0.0,0
406,low_confidence_satellite_noise,1,0,1,0,0,0.0,0.0,0
407,persistent_non_wildfire_heat_source,3,0,3,0,0,46.77122085,0.6376106912671559,0
408,news_only_before_satellite,0,1,0,0,0,0.0,0.0,1
409,nominal_satellite_with_news,2,2,0,2,0,35.478858100000004,1.3063554532601682,1
410,news_rumor_no_fire,0,1,0,0,0,0.0,0.0,0
411,persistent_non_wildfire_heat_source,4,0,1,3,0,35.84854911666666,1.8160092016909501,0
412,news_only_before_satellite,0,1,0,0,0,0.0,0.0,1
413,low_confidence_satellite_noise,3,0,3,0,0,25.997886,0.7108017769771297,0
414,satellite_only_before_news,2,0,0,2,0,0.5634786166666667,1.7913553480195736,1
415,high_confidence_satellite_false_positive,1,0,0,0,1,0.0,0.0,0
416,nominal_satellite_false_heat_source,2,0,0,2,0,3.322371916666667,0.3686447713665292,0
417,satellite_only_before_news,2,0,0,1,1,16.413953683333332,0.9198895531050773,1
418,multiple_news_same_false_alarm,0,3,0,0,0,31.675987000000003,0.9730382522934872,0
419,news_rumor_no_fire,0,1,0,0,0,0.0,0.0,0
420,correlated_satellite_news_false_alarm,2,2,0,2,0,21.531216883333332,2.658933074745757,0
421,nominal_satellite_with_news,1,2,0,1,0,12.541265166666667,1.952862421058624,1
422,multi_satellite_plus_multi_news,2,2,0,1,1,9.236689633333333,2.6566019511008196,1
423,satellite_only_before_news,1,0,0,1,0,0.0,0.0,1
424,correlated_satellite_news_false_alarm,2,1,1,1,0,9.085452949999999,0.9801989266146667,0
425,low_confidence_satellite_noise,2,0,2,0,0,26.95062025,0.24969288357186623,0
426,multiple_news_same_false_alarm,0,2,0,0,0,13.010867916666665,1.4621603918340391,0
427,news_rumor_no_fire,0,1,0,0,0,0.0,0.0,0
428,satellite_only_before_news,2,0,0,1,1,7.027843183333333,0.5072045662945809,1
429,low_confidence_satellite_noise,1,0,1,0,0,0.0,0.0,0
430,nominal_satellite_with_news,1,1,0,1,0,4.758169816666666,2.593405949924335,1
431,multi_satellite_real_fire,2,0,0,1,1,9.469215383333333,2.685562247887385,1
432,news_rumor_no_fire,0,1,0,0,0,0.0,0.0,0
433,persistent_non_wildfire_heat_source,2,0,1,1,0,5.809561666666666,0.7351409342794903,0
434,satellite_only_before_news,1,0,0,0,1,0.0,0.0,1
435,multiple_news_same_false_alarm,0,4,0,0,0,14.852684483333332,1.4206789243868534,0
436,news_rumor_no_fire,0,1,0,0,0,0.0,0.0,0
437,satellite_only_before_news,1,0,0,1,0,0.0,0.0,1
438,news_rumor_no_fire,0,1,0,0,0,0.0,0.0,0
439,high_confidence_satellite_false_positive,1,0,0,0,1,0.0,0.0,0
440,multiple_news_same_false_alarm,0,3,0,0,0,4.882050933333333,0.8668812575107728,0
441,multi_satellite_plus_multi_news,2,3,0,1,1,27.014762166666667,1.2544542861213968,1
442,low_confidence_satellite_noise,3,0,3,0,0,35.46903618333333,2.2257625174514555,0
443,multi_satellite_plus_multi_news,2,2,0,1,1,13.587820850000002,3.2797321010714042,1
444,nominal_satellite_with_news,1,1,0,1,0,1.2074046333333333,0.6345921208605074,1
445,news_only_before_satellite,0,2,0,0,0,9.4694149,1.0880009440468092,1
446,high_confidence_satellite_with_news,1,2,0,0,1,5.204070316666667,1.9531423692792356,1
447,multi_satellite_real_fire,3,0,0,3,0,32.485955233333335,1.4290653204187416,1
448,persistent_non_wildfire_heat_source,3,0,1,2,0,10.587112883333333,0.9147999344959378,0
449,high_confidence_satellite_with_news,2,2,0,0,2,23.22251783333333,3.3555598809230776,1
450,persistent_non_wildfire_heat_source,4,0,2,2,0,12.643744083333333,1.0770351176009745,0
451,high_confidence_satellite_false_positive,1,0,0,0,1,0.0,0.0,0
452,news_only_before_satellite,0,2,0,0,0,1.0507329333333333,0.3038607794930257,1
453,satellite_only_before_news,1,0,0,1,0,0.0,0.0,1
454,low_confidence_satellite_noise,2,0,2,0,0,5.83953465,0.9613892563064222,0
455,nominal_satellite_false_heat_source,1,0,0,1,0,0.0,0.0,0
456,nominal_satellite_false_heat_source,2,0,0,2,0,1.7526017666666667,0.6437110569512405,0
457,news_rumor_no_fire,0,1,0,0,0,0.0,0.0,0
458,correlated_satellite_news_false_alarm,1,2,0,1,0,20.687384650000002,0.8913833652913721,0
459,persistent_non_wildfire_heat_source,4,0,1,3,0,32.265422783333335,2.3981019600583497,0
460,satellite_only_before_news,2,0,0,1,1,14.454667833333334,0.5186344606470843,1
461,correlated_satellite_news_false_alarm,1,2,1,0,0,20.193274799999998,1.6342479881641383,0
462,correlated_satellite_news_false_alarm,2,1,2,0,0,18.678866233333334,1.216698317497306,0
463,low_confidence_satellite_noise,1,0,1,0,0,0.0,0.0,0
464,low_confidence_satellite_noise,1,0,1,0,0,0.0,0.0,0
465,low_confidence_satellite_noise,3,0,3,0,0,15.323301716666666,1.4452712034951771,0
466,satellite_only_before_news,2,0,0,1,1,4.692945633333333,1.3996823651404282,1
467,high_confidence_satellite_false_positive,1,0,0,0,1,0.0,0.0,0
468,nominal_satellite_with_news,2,1,0,2,0,15.734375266666666,0.767649173113397,1
469,high_confidence_satellite_false_positive,1,0,0,0,1,0.0,0.0,0
470,multi_satellite_real_fire,4,0,0,2,2,43.41861205,2.6449092871977817,1
471,multi_satellite_real_fire,4,0,0,3,1,22.689968099999998,3.3878552102002253,1
472,news_only_before_satellite,0,2,0,0,0,14.18113005,0.5916051944449554,1
473,multi_satellite_real_fire,3,0,0,3,0,32.180266233333334,3.8081514424309715,1
474,news_rumor_no_fire,0,1,0,0,0,0.0,0.0,0
475,multi_satellite_real_fire,4,0,0,2,2,20.53946655,3.799790776327748,1
476,multiple_news_same_false_alarm,0,3,0,0,0,5.7587,1.7777192399994721,0
477,high_confidence_satellite_false_positive,1,0,0,0,1,0.0,0.0,0
478,high_confidence_satellite_with_news,1,1,0,0,1,0.5538545500000001,0.3836197334619537,1
479,nominal_satellite_false_heat_source,2,0,0,2,0,5.19784735,0.9059234505675325,0
480,multiple_news_same_false_alarm,0,4,0,0,0,21.086584733333332,1.3374957010578619,0
481,nominal_satellite_with_news,2,2,0,2,0,23.54121715,1.625114790335219,1
482,high_confidence_satellite_false_positive,1,0,0,0,1,0.0,0.0,0
483,multi_satellite_real_fire,2,0,0,2,0,25.403091116666666,1.3012449657574225,1
484,low_confidence_satellite_noise,3,0,3,0,0,13.121932683333334,3.823732682912695,0
485,multiple_news_same_false_alarm,0,2,0,0,0,5.5489955,1.3223992996087466,0
486,news_only_before_satellite,0,2,0,0,0,15.329459333333334,1.0262171991403153,1
487,persistent_non_wildfire_heat_source,4,0,2,2,0,39.9158083,3.39583345759129,0
488,nominal_satellite_with_news,2,1,0,2,0,36.59952388333333,1.751388985575652,1
489,multi_satellite_real_fire,3,0,0,1,2,5.85288435,3.250908067557959,1
490,low_confidence_satellite_noise,3,0,3,0,0,34.022321266666665,3.1543293092419566,0
491,multi_satellite_plus_multi_news,3,3,0,2,1,39.523854433333334,2.061284737688844,1
492,high_confidence_satellite_false_positive,1,0,0,0,1,0.0,0.0,0
493,multiple_news_same_false_alarm,0,4,0,0,0,30.604130933333334,1.6355805439305526,0
494,persistent_non_wildfire_heat_source,3,0,0,3,0,18.184926150000003,2.6663411096332625,0
495,high_confidence_satellite_with_news,1,2,0,0,1,6.27011875,2.3519658701811195,1
496,multi_satellite_plus_multi_news,2,3,0,2,0,33.10136058333333,2.4455605668975973,1
497,multi_satellite_real_fire,3,0,0,2,1,29.573540666666666,3.00184241895979,1
498,nominal_satellite_with_news,2,1,0,2,0,6.358500116666666,2.3925357804438407,1
499,news_only_before_satellite,0,1,0,0,0,0.0,0.0,1
500,multiple_news_same_false_alarm,0,2,0,0,0,4.51927035,0.10990418839835914,0
501,low_confidence_satellite_noise,3,0,3,0,0,36.18135796666666,2.3782014217286114,0
502,news_only_before_satellite,0,1,0,0,0,0.0,0.0,1
503,nominal_satellite_with_news,1,2,0,1,0,20.528251833333336,1.1686999430656744,1
504,multi_satellite_plus_multi_news,3,2,0,1,2,37.24756528333333,2.4004088117043447,1
505,multi_satellite_real_fire,3,0,0,3,0,19.392080216666667,2.5384142061037798,1
506,correlated_satellite_news_false_alarm,1,1,0,1,0,11.975521966666667,1.6848207366863654,0
507,multiple_news_same_false_alarm,0,3,0,0,0,36.855385383333335,0.16229365842814358,0
508,multi_satellite_plus_multi_news,3,2,0,1,2,42.69105201666666,2.6571068172526666,1
509,news_only_before_satellite,0,1,0,0,0,0.0,0.0,1
510,correlated_satellite_news_false_alarm,1,2,1,0,0,6.036013116666667,1.4544694827317945,0
511,news_only_before_satellite,0,1,0,0,0,0.0,0.0,1
512,high_confidence_satellite_false_positive,1,0,0,0,1,0.0,0.0,0
513,multi_satellite_plus_multi_news,2,3,0,1,1,36.00227495,2.618120229201,1
514,correlated_satellite_news_false_alarm,2,1,1,1,0,18.472108233333334,2.1888468430546997,0
515,news_rumor_no_fire,0,1,0,0,0,0.0,0.0,0
516,nominal_satellite_false_heat_source,1,0,0,1,0,0.0,0.0,0
517,high_confidence_satellite_with_news,3,2,0,0,3,16.188765983333333,0.7444892040664031,1
518,news_only_before_satellite,0,1,0,0,0,0.0,0.0,1
519,multiple_news_same_false_alarm,0,4,0,0,0,35.73626441666667,1.1129244009782708,0
520,nominal_satellite_false_heat_source,1,0,0,1,0,0.0,0.0,0
521,satellite_only_before_news,1,0,0,1,0,0.0,0.0,1
522,high_confidence_satellite_false_positive,1,0,0,0,1,0.0,0.0,0
523,high_confidence_satellite_with_news,2,1,0,0,2,9.5814081,0.8174406301011616,1
524,persistent_non_wildfire_heat_source,3,0,3,0,0,14.985707883333333,1.9038550535144987,0
525,nominal_satellite_false_heat_source,2,0,0,2,0,5.227448483333333,0.7127567683931891,0
526,news_only_before_satellite,0,2,0,0,0,9.96535995,0.5588062185445516,1
527,correlated_satellite_news_false_alarm,1,1,1,0,0,9.016315783333333,1.7001751711399948,0
528,persistent_non_wildfire_heat_source,2,0,1,1,0,12.49866465,0.9385630842161234,0
529,high_confidence_satellite_false_positive,1,0,0,0,1,0.0,0.0,0
530,low_confidence_satellite_noise,1,0,1,0,0,0.0,0.0,0
531,multiple_news_same_false_alarm,0,3,0,0,0,11.999118766666667,0.9502050351820835,0
532,multi_satellite_real_fire,2,0,0,2,0,17.765032533333333,0.6698568592927814,1
533,nominal_satellite_with_news,2,1,0,2,0,15.52577765,2.487705658724398,1
534,multi_satellite_plus_multi_news,2,3,0,1,1,41.34315525,1.6923546331332142,1
535,low_confidence_satellite_noise,3,0,3,0,0,26.09722395,2.845413004587243,0
536,low_confidence_satellite_noise,1,0,1,0,0,0.0,0.0,0
537,nominal_satellite_with_news,2,1,0,2,0,32.79818651666667,2.0304944336588644,1
538,multi_satellite_real_fire,2,0,0,0,2,16.318661,1.3801671252492531,1
539,multi_satellite_real_fire,3,0,0,2,1,32.12702065,3.1238539511110432,1
540,multi_satellite_plus_multi_news,2,3,0,1,1,42.67916245,2.9735482855730524,1
541,multiple_news_same_false_alarm,0,2,0,0,0,5.634759316666666,1.0900368526780122,0
542,nominal_satellite_with_news,2,2,0,2,0,31.749392633333333,1.9610784001555277,1
543,nominal_satellite_with_news,1,2,0,1,0,15.78092045,1.8793034980833812,1
544,high_confidence_satellite_false_positive,1,0,0,0,1,0.0,0.0,0
545,satellite_only_before_news,2,0,0,2,0,1.9952047,0.5862138836813489,1
546,multiple_news_same_false_alarm,0,4,0,0,0,30.566044283333333,1.172367100313758,0
547,multi_satellite_plus_multi_news,2,2,0,0,2,38.76452005,2.946404562330445,1
548,high_confidence_satellite_false_positive,1,0,0,0,1,0.0,0.0,0
549,news_only_before_satellite,0,1,0,0,0,0.0,0.0,1
550,high_confidence_satellite_false_positive,1,0,0,0,1,0.0,0.0,0
551,high_confidence_satellite_false_positive,1,0,0,0,1,0.0,0.0,0
552,multi_satellite_plus_multi_news,2,3,0,2,0,47.74352925,3.3465500815755043,1
553,multiple_news_same_false_alarm,0,3,0,0,0,14.996884166666666,0.48848401095022476,0
554,nominal_satellite_false_heat_source,1,0,0,1,0,0.0,0.0,0
555,satellite_only_before_news,1,0,0,1,0,0.0,0.0,1
556,correlated_satellite_news_false_alarm,2,2,1,1,0,15.019970599999999,2.0127236829936406,0
557,satellite_only_before_news,1,0,0,1,0,0.0,0.0,1
558,high_confidence_satellite_false_positive,1,0,0,0,1,0.0,0.0,0
559,correlated_satellite_news_false_alarm,2,1,0,2,0,21.144754933333335,2.1352528299843208,0
560,correlated_satellite_news_false_alarm,1,2,0,1,0,17.341987233333334,2.0591076787408977,0
561,low_confidence_satellite_noise,3,0,3,0,0,17.019224466666667,2.059475582284648,0
562,news_rumor_no_fire,0,1,0,0,0,0.0,0.0,0
563,news_rumor_no_fire,0,1,0,0,0,0.0,0.0,0
564,correlated_satellite_news_false_alarm,1,1,0,1,0,23.6760648,1.455889738222078,0
565,satellite_only_before_news,2,0,0,2,0,2.5563609833333336,1.5782272416946812,1
566,nominal_satellite_false_heat_source,1,0,0,1,0,0.0,0.0,0
567,multi_satellite_real_fire,4,0,0,4,0,1.3566730166666665,2.7489778887779086,1
568,persistent_non_wildfire_heat_source,4,0,2,2,0,35.10293026666667,3.8838345423757787,0
569,high_confidence_satellite_with_news,2,2,0,0,2,16.820957116666666,2.6715062658350286,1
570,high_confidence_satellite_with_news,1,2,0,0,1,24.005061650000002,2.315381393995993,1
571,correlated_satellite_news_false_alarm,2,1,1,1,0,18.292199333333333,3.0401189046741326,0
572,news_only_before_satellite,0,1,0,0,0,0.0,0.0,1
573,news_rumor_no_fire,0,1,0,0,0,0.0,0.0,0
574,high_confidence_satellite_with_news,3,2,0,0,3,16.748211866666665,2.5172098660948143,1
575,high_confidence_satellite_with_news,1,2,0,0,1,18.412813233333335,1.782503174902379,1
576,news_rumor_no_fire,0,1,0,0,0,0.0,0.0,0
577,multi_satellite_real_fire,4,0,0,3,1,22.148699099999998,3.107840239354934,1
578,low_confidence_satellite_noise,1,0,1,0,0,0.0,0.0,0
579,multi_satellite_plus_multi_news,3,3,0,2,1,27.70125158333333,3.668836676652009,1
580,satellite_only_before_news,1,0,0,0,1,0.0,0.0,1
581,multi_satellite_real_fire,4,0,0,3,1,33.138006116666666,2.2140396542771614,1
582,multiple_news_same_false_alarm,0,3,0,0,0,35.53847218333333,1.4443721225835078,0
583,satellite_only_before_news,1,0,0,0,1,0.0,0.0,1
584,satellite_only_before_news,2,0,0,1,1,3.9595251166666667,0.5022471404541188,1
585,low_confidence_satellite_noise,3,0,3,0,0,20.162778716666665,1.3764494313127167,0
586,news_rumor_no_fire,0,1,0,0,0,0.0,0.0,0
587,low_confidence_satellite_noise,2,0,2,0,0,28.766662166666666,2.2714268234693322,0
588,high_confidence_satellite_false_positive,1,0,0,0,1,0.0,0.0,0
589,high_confidence_satellite_false_positive,1,0,0,0,1,0.0,0.0,0
590,high_confidence_satellite_with_news,2,2,0,0,2,18.97046656666667,2.6290166750692032,1
591,correlated_satellite_news_false_alarm,1,2,0,1,0,19.4939213,1.5221505594746536,0
592,persistent_non_wildfire_heat_source,4,0,3,1,0,20.818863816666667,3.1298316443106238,0
593,high_confidence_satellite_with_news,3,2,0,0,3,13.574747,1.8222448407257397,1
594,satellite_only_before_news,1,0,0,0,1,0.0,0.0,1
595,nominal_satellite_with_news,2,2,0,2,0,32.83847146666667,1.6988742620079953,1
596,correlated_satellite_news_false_alarm,2,1,1,1,0,22.183017133333333,2.2542681494531567,0
597,low_confidence_satellite_noise,2,0,2,0,0,5.996556633333333,2.8690343302546832,0
598,high_confidence_satellite_with_news,2,2,0,0,2,22.3258528,3.7525811442288117,1
599,multi_satellite_plus_multi_news,3,2,0,3,0,26.379280733333335,3.993055507987556,1
600,news_only_before_satellite,0,2,0,0,0,12.767655116666667,0.7291362481822767,1
601,persistent_non_wildfire_heat_source,3,0,3,0,0,8.3443202,0.892727846999051,0
602,news_rumor_no_fire,0,1,0,0,0,0.0,0.0,0
603,multi_satellite_real_fire,2,0,0,1,1,28.360182766666664,1.2436593212052032,1
604,multi_satellite_plus_multi_news,4,2,0,4,0,42.36684183333333,3.2228194652846804,1
605,news_only_before_satellite,0,1,0,0,0,0.0,0.0,1
606,correlated_satellite_news_false_alarm,2,2,1,1,0,26.41279988333333,2.9568168881137136,0
607,satellite_only_before_news,2,0,0,1,1,13.911931966666666,0.45453520125504754,1
608,correlated_satellite_news_false_alarm,1,1,1,0,0,3.450682983333333,0.7529313953155228,0
609,multi_satellite_real_fire,3,0,0,3,0,24.666187516666664,2.068300906454589,1
610,high_confidence_satellite_false_positive,1,0,0,0,1,0.0,0.0,0
611,satellite_only_before_news,1,0,0,0,1,0.0,0.0,1
612,multi_satellite_real_fire,3,0,0,2,1,8.794157883333332,2.619243898021863,1
613,correlated_satellite_news_false_alarm,2,1,1,1,0,7.084233483333334,2.239324277316514,0
614,nominal_satellite_false_heat_source,2,0,0,2,0,8.414780216666667,1.2728792394310608,0
615,satellite_only_before_news,2,0,0,1,1,3.04305565,1.1404449852158658,1
616,low_confidence_satellite_noise,2,0,2,0,0,0.17935571666666666,1.9508197788140142,0
617,persistent_non_wildfire_heat_source,3,0,1,2,0,39.51671018333333,1.5235291738005814,0
618,nominal_satellite_false_heat_source,1,0,0,1,0,0.0,0.0,0
619,news_only_before_satellite,0,1,0,0,0,0.0,0.0,1
620,news_only_before_satellite,0,1,0,0,0,0.0,0.0,1
621,high_confidence_satellite_false_positive,1,0,0,0,1,0.0,0.0,0
622,correlated_satellite_news_false_alarm,2,1,0,2,0,17.47638165,0.8238865704258529,0
623,nominal_satellite_with_news,2,2,0,2,0,22.290685250000003,3.053198193909113,1
624,multi_satellite_plus_multi_news,2,2,0,2,0,21.719581116666667,3.2721406539044224,1
625,nominal_satellite_false_heat_source,1,0,0,1,0,0.0,0.0,0
626,news_only_before_satellite,0,2,0,0,0,16.73010305,0.458938589909514,1
627,news_rumor_no_fire,0,1,0,0,0,0.0,0.0,0
628,high_confidence_satellite_false_positive,1,0,0,0,1,0.0,0.0,0
629,multi_satellite_plus_multi_news,2,2,0,1,1,47.718469049999996,2.9428476267409254,1
630,multi_satellite_plus_multi_news,3,3,0,2,1,25.097337016666664,3.4354061148397883,1
631,multi_satellite_plus_multi_news,2,2,0,0,2,11.328874016666667,3.603637939492529,1
632,satellite_only_before_news,1,0,0,0,1,0.0,0.0,1
633,low_confidence_satellite_noise,3,0,3,0,0,4.732911583333333,3.6122036890793594,0
634,high_confidence_satellite_with_news,2,2,0,0,2,16.489689266666666,2.5442881272297666,1
635,multiple_news_same_false_alarm,0,3,0,0,0,24.331388049999997,0.9011527801803306,0
636,news_rumor_no_fire,0,1,0,0,0,0.0,0.0,0
637,multi_satellite_plus_multi_news,2,3,0,0,2,41.94233618333333,3.329248612323739,1
638,news_only_before_satellite,0,2,0,0,0,18.441313966666666,0.5350802378996243,1
639,low_confidence_satellite_noise,1,0,1,0,0,0.0,0.0,0
640,high_confidence_satellite_with_news,2,2,0,0,2,26.421457616666665,1.9424378444982247,1
641,news_only_before_satellite,0,1,0,0,0,0.0,0.0,1
642,nominal_satellite_with_news,1,1,0,1,0,9.926209133333334,0.8356072421232568,1
643,persistent_non_wildfire_heat_source,3,0,3,0,0,43.102892,0.5865813341545679,0
644,news_rumor_no_fire,0,1,0,0,0,0.0,0.0,0
645,high_confidence_satellite_false_positive,1,0,0,0,1,0.0,0.0,0
646,multiple_news_same_false_alarm,0,4,0,0,0,43.54809746666667,1.1273554815252906,0
647,low_confidence_satellite_noise,2,0,2,0,0,17.418404966666667,1.955527428110397,0
648,news_rumor_no_fire,0,1,0,0,0,0.0,0.0,0
649,multi_satellite_real_fire,4,0,0,2,2,11.773906916666666,3.6413267749596234,1
650,high_confidence_satellite_with_news,3,2,0,0,3,19.43112378333333,2.550092203714827,1
651,multi_satellite_plus_multi_news,4,3,0,1,3,47.659579816666664,3.229751896517085,1
652,news_only_before_satellite,0,2,0,0,0,12.777843616666667,0.8674576082557505,1
653,low_confidence_satellite_noise,1,0,1,0,0,0.0,0.0,0
654,multi_satellite_real_fire,4,0,0,3,1,30.546731283333333,3.040306143919639,1
655,news_rumor_no_fire,0,1,0,0,0,0.0,0.0,0
656,news_rumor_no_fire,0,1,0,0,0,0.0,0.0,0
657,multiple_news_same_false_alarm,0,3,0,0,0,13.775311683333333,1.112252782493109,0
658,correlated_satellite_news_false_alarm,2,2,0,2,0,21.465680799999998,1.80899588521362,0
659,multi_satellite_plus_multi_news,3,3,0,1,2,37.69326735,3.2232067879181927,1
660,news_rumor_no_fire,0,1,0,0,0,0.0,0.0,0
661,nominal_satellite_false_heat_source,2,0,0,2,0,0.14095675,0.7954701162246292,0
662,nominal_satellite_false_heat_source,2,0,0,2,0,2.9338008666666666,1.479889892655135,0
663,multiple_news_same_false_alarm,0,2,0,0,0,24.153519266666667,0.4483858864363644,0
664,multi_satellite_plus_multi_news,2,2,0,1,1,19.6823929,1.866486215491339,1
665,satellite_only_before_news,1,0,0,0,1,0.0,0.0,1
666,news_rumor_no_fire,0,1,0,0,0,0.0,0.0,0
667,correlated_satellite_news_false_alarm,2,2,1,1,0,18.168908466666668,2.3933181590503505,0
668,high_confidence_satellite_with_news,2,1,0,0,2,12.786354383333332,1.7831905296748722,1
669,news_only_before_satellite,0,2,0,0,0,16.10444856666667,0.558227304161268,1
670,multi_satellite_plus_multi_news,3,2,0,2,1,31.724208633333333,3.095651569143954,1
671,correlated_satellite_news_false_alarm,1,1,0,1,0,10.198006866666667,1.5852987012488604,0
672,multi_satellite_real_fire,2,0,0,2,0,44.2570109,1.434105999065611,1
673,high_confidence_satellite_false_positive,1,0,0,0,1,0.0,0.0,0
674,low_confidence_satellite_noise,3,0,3,0,0,29.666690233333334,1.471537209345011,0
675,high_confidence_satellite_with_news,1,2,0,0,1,10.470563483333333,1.6159778037865402,1
676,multi_satellite_plus_multi_news,2,2,0,2,0,34.11099993333333,1.6927703201014446,1
677,nominal_satellite_with_news,2,2,0,2,0,13.740457166666666,3.3559142054779105,1
678,satellite_only_before_news,2,0,0,2,0,3.75668945,0.5464777805654267,1
679,nominal_satellite_with_news,2,2,0,2,0,18.020166383333333,1.3181682132585222,1
680,low_confidence_satellite_noise,3,0,3,0,0,1.73288095,2.1281113954249826,0
681,news_rumor_no_fire,0,1,0,0,0,0.0,0.0,0
682,high_confidence_satellite_with_news,3,1,0,0,3,13.283258416666666,2.0658049765891118,1
683,correlated_satellite_news_false_alarm,1,2,1,0,0,22.552933933333335,1.1995366265782776,0
684,news_rumor_no_fire,0,1,0,0,0,0.0,0.0,0
685,high_confidence_satellite_false_positive,1,0,0,0,1,0.0,0.0,0
686,news_rumor_no_fire,0,1,0,0,0,0.0,0.0,0
687,high_confidence_satellite_false_positive,1,0,0,0,1,0.0,0.0,0
688,nominal_satellite_with_news,2,2,0,2,0,12.660271,1.9547091569364488,1
689,high_confidence_satellite_false_positive,1,0,0,0,1,0.0,0.0,0
690,multiple_news_same_false_alarm,0,2,0,0,0,3.9851823166666667,0.8103687722817593,0
691,multi_satellite_plus_multi_news,4,3,0,1,3,37.141440483333334,3.4963586685046297,1
692,nominal_satellite_with_news,2,2,0,2,0,13.878001166666667,3.2309591987323705,1
693,high_confidence_satellite_with_news,2,2,0,0,2,6.937164,1.4294880858428964,1
694,nominal_satellite_false_heat_source,1,0,0,1,0,0.0,0.0,0
695,news_rumor_no_fire,0,1,0,0,0,0.0,0.0,0
696,persistent_non_wildfire_heat_source,4,0,2,2,0,48.431706416666664,1.6426568947505629,0
697,high_confidence_satellite_with_news,3,1,0,0,3,16.483141433333333,1.5217744060334444,1
698,news_rumor_no_fire,0,1,0,0,0,0.0,0.0,0
699,low_confidence_satellite_noise,1,0,1,0,0,0.0,0.0,0
700,news_only_before_satellite,0,1,0,0,0,0.0,0.0,1
701,news_rumor_no_fire,0,1,0,0,0,0.0,0.0,0
702,news_only_before_satellite,0,2,0,0,0,5.9029868,0.4368795253201366,1
703,multi_satellite_real_fire,2,0,0,1,1,4.237393,0.8971308150178082,1
704,high_confidence_satellite_with_news,3,1,0,0,3,17.36861253333333,1.4494754964251664,1
705,correlated_satellite_news_false_alarm,2,1,2,0,0,14.974681233333333,2.8617683760516845,0
706,nominal_satellite_with_news,1,2,0,1,0,11.096633966666667,1.5644592116647922,1
707,multi_satellite_real_fire,2,0,0,0,2,27.26627685,0.13890355726679454,1
708,news_rumor_no_fire,0,1,0,0,0,0.0,0.0,0
709,multi_satellite_real_fire,4,0,0,4,0,16.60289495,1.4722410595015256,1
710,news_rumor_no_fire,0,1,0,0,0,0.0,0.0,0
711,news_only_before_satellite,0,2,0,0,0,12.422961083333332,1.3375971885190419,1
712,satellite_only_before_news,1,0,0,0,1,0.0,0.0,1
713,multi_satellite_real_fire,3,0,0,2,1,9.954051116666667,2.7135771349283053,1
714,persistent_non_wildfire_heat_source,3,0,2,1,0,9.138853783333333,3.0461929966173527,0
715,nominal_satellite_with_news,2,1,0,2,0,33.103579933333336,1.679039707014818,1
716,nominal_satellite_false_heat_source,2,0,0,2,0,3.1616185000000003,0.49992786020531343,0
717,nominal_satellite_with_news,1,2,0,1,0,24.692220650000003,1.7323656299343377,1
718,high_confidence_satellite_with_news,3,1,0,0,3,28.479070616666668,1.9572167705684949,1
719,satellite_only_before_news,1,0,0,1,0,0.0,0.0,1
720,persistent_non_wildfire_heat_source,4,0,1,3,0,26.574046666666668,1.629558392285127,0
721,news_only_before_satellite,0,2,0,0,0,4.450604299999999,0.8946313300177711,1
722,multi_satellite_real_fire,2,0,0,0,2,1.8757276833333334,1.3141364663966353,1
723,nominal_satellite_with_news,2,2,0,2,0,31.001666016666665,1.3435604134311507,1
724,correlated_satellite_news_false_alarm,1,1,1,0,0,7.158990916666666,1.5252582862859765,0
725,news_only_before_satellite,0,2,0,0,0,11.842054283333333,1.2832864647351936,1
726,nominal_satellite_false_heat_source,2,0,0,2,0,7.918972883333334,0.8203496242752847,0
727,nominal_satellite_false_heat_source,1,0,0,1,0,0.0,0.0,0
728,satellite_only_before_news,1,0,0,1,0,0.0,0.0,1
729,correlated_satellite_news_false_alarm,2,1,1,1,0,2.11197245,0.3951535730225859,0
730,multi_satellite_plus_multi_news,2,3,0,0,2,15.797621266666665,1.7154733146391588,1
731,high_confidence_satellite_false_positive,1,0,0,0,1,0.0,0.0,0
732,multi_satellite_real_fire,2,0,0,1,1,9.197640533333333,1.929707488586814,1
733,satellite_only_before_news,2,0,0,0,2,2.0355398333333334,1.6934020874188485,1
734,low_confidence_satellite_noise,2,0,2,0,0,4.529470133333334,0.669734806928233,0
735,multi_satellite_real_fire,4,0,0,3,1,32.246725033333334,3.262359113088205,1
736,high_confidence_satellite_with_news,2,2,0,0,2,13.1941016,3.5831877910468024,1
737,multiple_news_same_false_alarm,0,4,0,0,0,18.014512149999998,1.6625277348793153,0
738,satellite_only_before_news,2,0,0,1,1,13.156541283333333,0.6460166486972845,1
739,multiple_news_same_false_alarm,0,4,0,0,0,15.293416183333333,1.6000079907810023,0
740,news_only_before_satellite,0,2,0,0,0,24.380275700000002,0.609395169827548,1
741,multiple_news_same_false_alarm,0,2,0,0,0,13.558744733333333,0.6174106217600315,0
742,nominal_satellite_with_news,2,2,0,2,0,26.524463866666668,3.3274349552325964,1
743,nominal_satellite_with_news,2,1,0,2,0,24.3622571,1.4793829217135799,1
744,persistent_non_wildfire_heat_source,4,0,3,1,0,19.59234328333333,3.3418378107609974,0
745,correlated_satellite_news_false_alarm,1,2,1,0,0,16.362703083333333,1.726905059411508,0
746,high_confidence_satellite_with_news,3,1,0,0,3,20.957502933333334,3.1807907707527114,1
747,high_confidence_satellite_with_news,3,2,0,0,3,19.05528845,2.2916567541371755,1
748,high_confidence_satellite_with_news,1,2,0,0,1,23.54334315,0.3827934770108906,1
749,satellite_only_before_news,2,0,0,0,2,2.54953965,0.7996448197843411,1
750,news_only_before_satellite,0,1,0,0,0,0.0,0.0,1
751,nominal_satellite_false_heat_source,2,0,0,2,0,0.92510865,0.44425107785516543,0
752,nominal_satellite_with_news,1,2,0,1,0,16.29775545,1.5817291894771006,1
753,news_rumor_no_fire,0,1,0,0,0,0.0,0.0,0
754,nominal_satellite_with_news,2,2,0,2,0,27.418034283333334,2.342857936539889,1
755,high_confidence_satellite_with_news,3,2,0,0,3,17.798969516666666,3.170413949401389,1
756,news_only_before_satellite,0,2,0,0,0,8.872246083333332,1.0110580462589418,1
757,multi_satellite_plus_multi_news,2,3,0,0,2,29.687564249999998,2.1043765893609203,1
758,low_confidence_satellite_noise,1,0,1,0,0,0.0,0.0,0
759,nominal_satellite_false_heat_source,2,0,0,2,0,6.962770266666666,0.6879908862938114,0
760,low_confidence_satellite_noise,3,0,3,0,0,31.25074945,2.4325372437833184,0
761,high_confidence_satellite_with_news,3,2,0,0,3,24.050435750000002,3.197024029135973,1
762,multi_satellite_real_fire,3,0,0,1,2,12.3642925,2.3129822829195814,1
763,news_rumor_no_fire,0,1,0,0,0,0.0,0.0,0
764,low_confidence_satellite_noise,3,0,3,0,0,29.51063398333333,1.6132077203290052,0
765,nominal_satellite_false_heat_source,1,0,0,1,0,0.0,0.0,0
766,multi_satellite_real_fire,2,0,0,0,2,11.19705995,1.1508946101214483,1
767,correlated_satellite_news_false_alarm,1,2,1,0,0,8.933057616666668,1.5511626466404347,0
768,correlated_satellite_news_false_alarm,2,2,1,1,0,13.470140633333333,3.459421167052081,0
769,correlated_satellite_news_false_alarm,2,2,1,1,0,21.305140966666666,1.9679643754846385,0
770,nominal_satellite_with_news,1,1,0,1,0,31.630054816666664,1.7403434597359708,1
771,multiple_news_same_false_alarm,0,3,0,0,0,1.6041560666666668,0.7239052635833829,0
772,multi_satellite_real_fire,2,0,0,1,1,20.083666750000003,1.097146221589907,1
773,multiple_news_same_false_alarm,0,4,0,0,0,8.085578666666667,1.126593573828426,0
774,news_rumor_no_fire,0,1,0,0,0,0.0,0.0,0
775,news_only_before_satellite,0,1,0,0,0,0.0,0.0,1
776,multiple_news_same_false_alarm,0,3,0,0,0,20.1514902,1.29265380331045,0
777,multiple_news_same_false_alarm,0,2,0,0,0,30.755381616666668,1.2191635141763897,0
778,high_confidence_satellite_with_news,1,1,0,0,1,15.758126816666667,1.092587823114701,1
779,multi_satellite_plus_multi_news,4,3,0,3,1,27.76997426666667,2.5112328757228393,1
780,high_confidence_satellite_false_positive,1,0,0,0,1,0.0,0.0,0
781,multi_satellite_plus_multi_news,3,2,0,3,0,24.496303216666668,2.3391925795461543,1
782,high_confidence_satellite_with_news,1,2,0,0,1,14.904299516666667,2.646312237764286,1
783,multiple_news_same_false_alarm,0,2,0,0,0,35.323973216666666,1.7421397368961078,0
784,multi_satellite_plus_multi_news,4,2,0,1,3,33.08428611666667,2.651836480829586,1
785,multi_satellite_plus_multi_news,2,3,0,2,0,24.872759433333332,3.713041195403788,1
786,multiple_news_same_false_alarm,0,3,0,0,0,32.19072286666667,0.9785759616774575,0
787,nominal_satellite_with_news,1,2,0,1,0,26.825728733333335,3.664770344248721,1
788,satellite_only_before_news,2,0,0,0,2,10.001926566666667,1.68087176930127,1
789,persistent_non_wildfire_heat_source,4,0,2,2,0,33.4784294,1.6858639589628548,0
790,multi_satellite_real_fire,2,0,0,2,0,3.3754985,1.9619424754702772,1
791,satellite_only_before_news,2,0,0,1,1,1.5071666666666668,0.934679950255926,1
792,correlated_satellite_news_false_alarm,1,2,0,1,0,1.4381630333333333,1.8880816483214387,0
793,high_confidence_satellite_false_positive,1,0,0,0,1,0.0,0.0,0
794,persistent_non_wildfire_heat_source,3,0,3,0,0,29.007810199999998,1.804953264578284,0
795,multi_satellite_plus_multi_news,3,2,0,2,1,44.21156508333333,3.3372815595276863,1
796,nominal_satellite_false_heat_source,2,0,0,2,0,8.223592866666667,1.2395672625105154,0
797,high_confidence_satellite_with_news,1,2,0,0,1,15.760451066666667,0.9030720312208746,1
798,multi_satellite_real_fire,2,0,0,0,2,2.1442804,0.49005587741652545,1
799,persistent_non_wildfire_heat_source,2,0,0,2,0,10.893673883333333,1.8279568936040351,0
800,high_confidence_satellite_with_news,3,2,0,0,3,23.775480683333335,2.783987743395212,1
801,persistent_non_wildfire_heat_source,4,0,3,1,0,13.274277549999999,4.04931935490557,0
802,news_only_before_satellite,0,2,0,0,0,1.2411581,1.0987685686459392,1
803,news_only_before_satellite,0,1,0,0,0,0.0,0.0,1
804,satellite_only_before_news,2,0,0,1,1,8.086834133333333,1.277852620080604,1
805,news_rumor_no_fire,0,1,0,0,0,0.0,0.0,0
806,low_confidence_satellite_noise,1,0,1,0,0,0.0,0.0,0
807,high_confidence_satellite_false_positive,1,0,0,0,1,0.0,0.0,0
808,nominal_satellite_false_heat_source,1,0,0,1,0,0.0,0.0,0
809,high_confidence_satellite_false_positive,1,0,0,0,1,0.0,0.0,0
810,multiple_news_same_false_alarm,0,4,0,0,0,22.3040649,0.9285461433340674,0
811,multi_satellite_plus_multi_news,4,2,0,4,0,45.185605333333335,2.664208422484215,1
812,multiple_news_same_false_alarm,0,4,0,0,0,31.494998133333336,1.2958760316494378,0
813,nominal_satellite_with_news,1,2,0,1,0,3.86046685,2.4860726967513562,1
814,low_confidence_satellite_noise,3,0,3,0,0,21.030968183333336,1.6576008229466084,0
815,nominal_satellite_false_heat_source,1,0,0,1,0,0.0,0.0,0
816,multi_satellite_real_fire,3,0,0,1,2,23.101384133333333,2.8697821614069188,1
817,high_confidence_satellite_false_positive,1,0,0,0,1,0.0,0.0,0
818,multi_satellite_real_fire,2,0,0,2,0,19.951050983333335,2.5280867717765116,1
819,satellite_only_before_news,2,0,0,1,1,7.7769410500000005,1.997380237717107,1
820,satellite_only_before_news,1,0,0,0,1,0.0,0.0,1
821,nominal_satellite_false_heat_source,2,0,0,2,0,7.04944535,1.127297418920842,0
822,high_confidence_satellite_false_positive,1,0,0,0,1,0.0,0.0,0
823,nominal_satellite_false_heat_source,2,0,0,2,0,3.2509968166666665,0.9982891479480771,0
824,news_only_before_satellite,0,2,0,0,0,27.806008866666666,0.6296467647241271,1
825,multi_satellite_plus_multi_news,3,3,0,3,0,39.696230183333334,3.1879517419674386,1
826,news_only_before_satellite,0,2,0,0,0,0.23440758333333334,0.626306625774553,1
827,news_rumor_no_fire,0,1,0,0,0,0.0,0.0,0
828,persistent_non_wildfire_heat_source,4,0,3,1,0,33.081116116666664,2.434132952843203,0
829,multi_satellite_plus_multi_news,2,3,0,0,2,27.792744533333334,2.3366175941642173,1
830,satellite_only_before_news,2,0,0,1,1,0.09694966666666667,0.24114414253322675,1
831,multi_satellite_plus_multi_news,2,2,0,2,0,29.15208765,1.3904141697332486,1
832,satellite_only_before_news,1,0,0,1,0,0.0,0.0,1
833,nominal_satellite_false_heat_source,1,0,0,1,0,0.0,0.0,0
834,nominal_satellite_with_news,2,1,0,2,0,22.646221033333333,1.5421472718538443,1
835,high_confidence_satellite_with_news,1,2,0,0,1,19.76767308333333,2.0862945514139923,1
836,nominal_satellite_with_news,2,2,0,2,0,25.311482533333333,1.5103336326007972,1
837,multi_satellite_plus_multi_news,3,2,0,1,2,46.721736899999996,3.2169123464716334,1
838,news_only_before_satellite,0,1,0,0,0,0.0,0.0,1
839,news_only_before_satellite,0,2,0,0,0,9.463088433333333,0.5123201503970792,1
840,news_rumor_no_fire,0,1,0,0,0,0.0,0.0,0
841,persistent_non_wildfire_heat_source,3,0,2,1,0,38.8921852,2.0246719485612283,0
842,multi_satellite_real_fire,4,0,0,4,0,15.723630333333334,2.4163616604789535,1
843,low_confidence_satellite_noise,3,0,3,0,0,29.913626733333334,2.4175447446668694,0
844,news_only_before_satellite,0,2,0,0,0,5.204231633333333,0.5220116160195851,1
845,high_confidence_satellite_false_positive,1,0,0,0,1,0.0,0.0,0
846,low_confidence_satellite_noise,2,0,2,0,0,12.0950569,1.6233569252067086,0
847,multiple_news_same_false_alarm,0,2,0,0,0,12.57509855,1.6295321320121168,0
848,news_only_before_satellite,0,1,0,0,0,0.0,0.0,1
849,multi_satellite_real_fire,3,0,0,1,2,18.33310475,2.448126815322869,1
850,high_confidence_satellite_with_news,2,1,0,0,2,22.795435633333334,1.6591614253073501,1
851,low_confidence_satellite_noise,2,0,2,0,0,9.860848333333333,0.4471824547149943,0
852,correlated_satellite_news_false_alarm,1,2,0,1,0,15.792619199999999,1.6749840308276642,0
853,multi_satellite_plus_multi_news,3,2,0,1,2,38.52704776666667,1.3140057125955846,1
854,news_only_before_satellite,0,1,0,0,0,0.0,0.0,1
855,nominal_satellite_false_heat_source,2,0,0,2,0,14.443084050000001,0.4116449054385812,0
856,satellite_only_before_news,2,0,0,2,0,4.153694933333333,1.1511894071367637,1
857,satellite_only_before_news,2,0,0,0,2,8.829798016666667,0.5335936069428455,1
858,news_rumor_no_fire,0,1,0,0,0,0.0,0.0,0
859,high_confidence_satellite_with_news,2,2,0,0,2,27.93328835,2.0659674869237783,1
860,low_confidence_satellite_noise,2,0,2,0,0,0.06619261666666666,0.7719870694958461,0
861,nominal_satellite_false_heat_source,1,0,0,1,0,0.0,0.0,0
862,news_rumor_no_fire,0,1,0,0,0,0.0,0.0,0
863,persistent_non_wildfire_heat_source,3,0,1,2,0,35.302946199999994,1.6958326317089538,0
864,news_rumor_no_fire,0,1,0,0,0,0.0,0.0,0
865,multiple_news_same_false_alarm,0,3,0,0,0,23.49582021666667,0.4434238931113817,0
866,high_confidence_satellite_false_positive,1,0,0,0,1,0.0,0.0,0
867,satellite_only_before_news,1,0,0,1,0,0.0,0.0,1
868,multi_satellite_real_fire,4,0,0,3,1,32.191699066666665,1.8253514247214826,1
869,persistent_non_wildfire_heat_source,3,0,2,1,0,15.061164666666667,2.0177412186918704,0
870,high_confidence_satellite_false_positive,1,0,0,0,1,0.0,0.0,0
871,multi_satellite_real_fire,4,0,0,4,0,37.171926983333336,2.3796091273619955,1
872,news_rumor_no_fire,0,1,0,0,0,0.0,0.0,0
873,high_confidence_satellite_with_news,1,2,0,0,1,14.974030566666666,0.8727304714586995,1
874,multiple_news_same_false_alarm,0,2,0,0,0,17.058565366666667,0.18927895423712315,0
875,multiple_news_same_false_alarm,0,3,0,0,0,39.99225675,1.0547134832284224,0
876,correlated_satellite_news_false_alarm,2,2,0,2,0,23.7944873,1.8334205330768945,0
877,multi_satellite_real_fire,3,0,0,2,1,15.848454933333333,2.3081995782735607,1
878,nominal_satellite_with_news,1,1,0,1,0,1.8968788333333333,1.0449565955032536,1
879,satellite_only_before_news,1,0,0,1,0,0.0,0.0,1
880,nominal_satellite_false_heat_source,1,0,0,1,0,0.0,0.0,0
881,multi_satellite_plus_multi_news,2,3,0,1,1,45.0846174,1.9365082414570698,1
882,multi_satellite_plus_multi_news,2,2,0,2,0,14.18162095,1.890023240424158,1
883,nominal_satellite_false_heat_source,2,0,0,2,0,3.9227204,0.5059523248548021,0
884,news_only_before_satellite,0,1,0,0,0,0.0,0.0,1
885,satellite_only_before_news,2,0,0,0,2,10.697144233333335,1.5064307236992505,1
886,persistent_non_wildfire_heat_source,3,0,1,2,0,29.481001166666665,2.064204132973665,0
887,persistent_non_wildfire_heat_source,2,0,0,2,0,7.563913266666666,2.5198545822061633,0
888,high_confidence_satellite_false_positive,1,0,0,0,1,0.0,0.0,0
889,news_rumor_no_fire,0,1,0,0,0,0.0,0.0,0
890,high_confidence_satellite_false_positive,1,0,0,0,1,0.0,0.0,0
891,high_confidence_satellite_false_positive,1,0,0,0,1,0.0,0.0,0
892,high_confidence_satellite_false_positive,1,0,0,0,1,0.0,0.0,0
893,low_confidence_satellite_noise,1,0,1,0,0,0.0,0.0,0
894,multi_satellite_real_fire,3,0,0,2,1,26.956387600000003,2.0715729636579368,1
895,correlated_satellite_news_false_alarm,1,1,1,0,0,0.772323,1.5932997884852036,0
896,news_only_before_satellite,0,2,0,0,0,7.913656883333333,0.9248711553743895,1
897,persistent_non_wildfire_heat_source,4,0,0,4,0,37.28637998333333,2.563095655514197,0
898,news_only_before_satellite,0,2,0,0,0,7.478471366666667,0.7189819766498979,1
899,multiple_news_same_false_alarm,0,4,0,0,0,28.213519599999998,0.9088448128875648,0
900,nominal_satellite_false_heat_source,1,0,0,1,0,0.0,0.0,0
901,nominal_satellite_false_heat_source,2,0,0,2,0,2.2252269,0.35283477886555376,0
902,nominal_satellite_with_news,2,2,0,2,0,32.570842,2.2537708091946227,1
903,correlated_satellite_news_false_alarm,1,1,1,0,0,21.64375415,2.1082629551517345,0
904,nominal_satellite_with_news,2,1,0,2,0,30.8762923,1.9757558944145655,1
905,news_rumor_no_fire,0,1,0,0,0,0.0,0.0,0
906,correlated_satellite_news_false_alarm,2,2,2,0,0,16.456116783333332,1.7985560686958093,0
907,high_confidence_satellite_with_news,2,2,0,0,2,15.814556283333333,2.984246364648868,1
908,high_confidence_satellite_with_news,2,1,0,0,2,6.638138166666667,2.9381801278663535,1
909,multi_satellite_plus_multi_news,3,3,0,2,1,29.457343166666664,3.9297587427559604,1
910,multi_satellite_real_fire,3,0,0,1,2,8.286655416666667,2.3282972785582894,1
911,persistent_non_wildfire_heat_source,4,0,3,1,0,44.5168967,2.5434595489978205,0
912,news_only_before_satellite,0,2,0,0,0,24.7016454,0.8046142947953475,1
913,news_rumor_no_fire,0,1,0,0,0,0.0,0.0,0
914,news_rumor_no_fire,0,1,0,0,0,0.0,0.0,0
915,persistent_non_wildfire_heat_source,3,0,2,1,0,21.34454111666667,1.4721364983983205,0
916,correlated_satellite_news_false_alarm,1,2,1,0,0,7.305304516666666,1.8325244188469019,0
917,multi_satellite_real_fire,2,0,0,2,0,19.708535849999997,1.7947740926356854,1
918,multiple_news_same_false_alarm,0,2,0,0,0,21.106207216666668,0.6058106758652374,0
919,persistent_non_wildfire_heat_source,3,0,2,1,0,21.602588683333334,1.8370315254007368,0
920,news_only_before_satellite,0,1,0,0,0,0.0,0.0,1
921,high_confidence_satellite_with_news,2,1,0,0,2,13.991379349999999,2.5693434917339535,1
922,persistent_non_wildfire_heat_source,4,0,2,2,0,46.244174683333334,2.4248966272083328,0
923,high_confidence_satellite_with_news,1,2,0,0,1,20.606577816666668,1.287689330892333,1
924,nominal_satellite_false_heat_source,2,0,0,2,0,7.15389245,0.5828554332054837,0
925,high_confidence_satellite_with_news,2,2,0,0,2,11.24724445,2.3303799422994738,1
926,multi_satellite_real_fire,2,0,0,1,1,17.236036416666664,1.6184347055719195,1
927,low_confidence_satellite_noise,3,0,3,0,0,9.362553116666668,1.9005207915903102,0
928,nominal_satellite_false_heat_source,2,0,0,2,0,3.355633066666667,0.6919310877157404,0
929,correlated_satellite_news_false_alarm,1,1,1,0,0,3.9043321333333334,1.9732013740230616,0
930,nominal_satellite_with_news,1,2,0,1,0,12.5274948,2.749056432828154,1
931,nominal_satellite_false_heat_source,1,0,0,1,0,0.0,0.0,0
932,high_confidence_satellite_with_news,1,2,0,0,1,12.575276166666667,1.0714531031443129,1
933,news_only_before_satellite,0,2,0,0,0,4.084582816666667,1.314394056780948,1
934,persistent_non_wildfire_heat_source,4,0,3,1,0,32.02572141666666,2.4938533266362737,0
935,correlated_satellite_news_false_alarm,1,2,0,1,0,9.337797733333334,1.5379134108099826,0
936,multi_satellite_real_fire,4,0,0,3,1,16.600059833333333,1.726225729803181,1
937,nominal_satellite_with_news,1,1,0,1,0,2.8161676666666664,1.3997013727992804,1
938,high_confidence_satellite_with_news,2,2,0,0,2,27.516316766666666,2.942149467710265,1
939,persistent_non_wildfire_heat_source,3,0,1,2,0,9.787706383333333,1.3957434413669043,0
940,multi_satellite_plus_multi_news,4,2,0,2,2,34.60427856666667,2.5036613319723413,1
941,multiple_news_same_false_alarm,0,2,0,0,0,7.09651695,0.38690343466015487,0
942,news_only_before_satellite,0,2,0,0,0,3.2388439333333334,0.41743496825940124,1
943,news_only_before_satellite,0,1,0,0,0,0.0,0.0,1
944,satellite_only_before_news,1,0,0,1,0,0.0,0.0,1
945,multiple_news_same_false_alarm,0,2,0,0,0,12.447699883333334,0.6103116390712686,0
946,news_only_before_satellite,0,2,0,0,0,6.513648916666667,0.7945752187159819,1
947,satellite_only_before_news,1,0,0,1,0,0.0,0.0,1
948,multi_satellite_plus_multi_news,3,2,0,3,0,38.90257341666667,2.7209568167621803,1
949,low_confidence_satellite_noise,3,0,3,0,0,23.485524833333333,2.635660600074401,0
950,news_only_before_satellite,0,1,0,0,0,0.0,0.0,1
951,satellite_only_before_news,2,0,0,1,1,9.486259033333333,0.9203384572235926,1
952,news_rumor_no_fire,0,1,0,0,0,0.0,0.0,0
953,correlated_satellite_news_false_alarm,2,1,0,2,0,25.170937666666667,1.6708727218187749,0
954,multiple_news_same_false_alarm,0,2,0,0,0,35.4560226,0.08878059965866182,0
955,low_confidence_satellite_noise,2,0,2,0,0,1.2725727999999998,2.5962993870624973,0
956,correlated_satellite_news_false_alarm,2,1,0,2,0,13.617849533333333,2.0755938553337057,0
957,news_rumor_no_fire,0,1,0,0,0,0.0,0.0,0
958,low_confidence_satellite_noise,1,0,1,0,0,0.0,0.0,0
959,multi_satellite_real_fire,3,0,0,3,0,27.166656550000003,2.1575560400033726,1
960,persistent_non_wildfire_heat_source,4,0,2,2,0,33.398561916666665,3.4869659131028135,0
961,nominal_satellite_with_news,2,1,0,2,0,12.533113283333334,1.8283093635253242,1
962,satellite_only_before_news,1,0,0,1,0,0.0,0.0,1
963,nominal_satellite_with_news,2,1,0,2,0,21.15158905,3.4183833417584526,1
964,multi_satellite_plus_multi_news,2,2,0,2,0,26.017110633333335,2.4930855925063984,1
965,multiple_news_same_false_alarm,0,4,0,0,0,35.75653448333333,1.2390292713942084,0
966,high_confidence_satellite_false_positive,1,0,0,0,1,0.0,0.0,0
967,nominal_satellite_with_news,1,1,0,1,0,14.308895866666667,0.5999734526458635,1
968,multi_satellite_plus_multi_news,4,2,0,2,2,42.13894056666666,3.6417884054591365,1
969,high_confidence_satellite_with_news,3,1,0,0,3,20.514413616666666,1.7004547835678872,1
970,multiple_news_same_false_alarm,0,2,0,0,0,8.509957716666667,0.7605590747966358,0
971,multi_satellite_real_fire,4,0,0,2,2,7.9704578999999995,2.398536693467032,1
972,multi_satellite_real_fire,3,0,0,1,2,16.190134783333335,2.46212751446674,1
973,news_only_before_satellite,0,1,0,0,0,0.0,0.0,1
974,high_confidence_satellite_false_positive,1,0,0,0,1,0.0,0.0,0
975,multi_satellite_real_fire,4,0,0,3,1,41.14518856666667,2.195290279629716,1
976,correlated_satellite_news_false_alarm,1,2,1,0,0,12.785542916666666,1.0296465488046176,0
977,multiple_news_same_false_alarm,0,2,0,0,0,8.6462852,0.8544955638397179,0
978,multiple_news_same_false_alarm,0,3,0,0,0,16.95041565,0.3297245594341949,0
979,low_confidence_satellite_noise,2,0,2,0,0,7.64539725,2.993727870230415,0
980,multi_satellite_real_fire,2,0,0,2,0,36.9139246,1.9869357649839006,1
981,satellite_only_before_news,2,0,0,2,0,9.89088325,2.407268327343351,1
982,high_confidence_satellite_with_news,1,1,0,0,1,0.5152964333333333,1.9001099199407434,1
983,multi_satellite_plus_multi_news,4,2,0,2,2,46.173422366666664,2.013057659132045,1
984,persistent_non_wildfire_heat_source,3,0,2,1,0,18.1377464,2.88469504395587,0
985,high_confidence_satellite_with_news,3,1,0,0,3,11.720127516666668,1.4741002751628616,1
986,news_only_before_satellite,0,2,0,0,0,5.707879083333333,0.5633944746510127,1
987,high_confidence_satellite_with_news,1,1,0,0,1,0.2969659666666667,0.8678391231664296,1
988,news_rumor_no_fire,0,1,0,0,0,0.0,0.0,0
989,nominal_satellite_false_heat_source,1,0,0,1,0,0.0,0.0,0
990,news_only_before_satellite,0,2,0,0,0,3.8416165333333336,0.4511121822912496,1
991,nominal_satellite_with_news,1,1,0,1,0,4.364255133333333,1.4399193152110867,1
992,news_rumor_no_fire,0,1,0,0,0,0.0,0.0,0
993,correlated_satellite_news_false_alarm,1,2,1,0,0,7.242059233333333,3.4319917610706066,0
994,nominal_satellite_with_news,1,1,0,1,0,8.49091275,1.5513988614515672,1
995,high_confidence_satellite_with_news,1,1,0,0,1,18.824960033333333,1.8821241724318913,1
996,news_only_before_satellite,0,2,0,0,0,3.0664334,0.6632427808465866,1
997,high_confidence_satellite_with_news,3,2,0,0,3,26.635496566666667,3.2553938518094174,1
998,nominal_satellite_with_news,1,1,0,1,0,14.1167576,1.9745187208501993,1
999,news_rumor_no_fire,0,1,0,0,0,0.0,0.0,0
1000,multiple_news_same_false_alarm,0,3,0,0,0,36.35796248333334,0.6173350073870155,0
1001,correlated_satellite_news_false_alarm,1,2,0,1,0,20.9116338,1.5400521583642204,0
1002,multi_satellite_plus_multi_news,4,3,0,2,2,43.60164531666667,3.230390313081631,1
1003,multi_satellite_real_fire,4,0,0,2,2,32.786096549999996,2.980553242657725,1
1004,news_only_before_satellite,0,2,0,0,0,3.4745265833333336,0.3433176784619574,1
1005,news_only_before_satellite,0,1,0,0,0,0.0,0.0,1
1006,multiple_news_same_false_alarm,0,2,0,0,0,4.1108760166666665,0.415329500834222,0
1007,nominal_satellite_with_news,2,2,0,2,0,33.92808278333333,2.6460990392431705,1
1008,low_confidence_satellite_noise,3,0,3,0,0,19.818672133333333,3.514482398930863,0
1009,news_rumor_no_fire,0,1,0,0,0,0.0,0.0,0
1010,low_confidence_satellite_noise,2,0,2,0,0,21.012294049999998,0.4251036014014612,0
1011,news_only_before_satellite,0,2,0,0,0,9.79049715,1.2799296943504561,1
1012,low_confidence_satellite_noise,2,0,2,0,0,9.732998266666668,0.6356608510840577,0
1013,high_confidence_satellite_with_news,1,2,0,0,1,20.292756966666666,2.667662156180165,1
1014,high_confidence_satellite_false_positive,1,0,0,0,1,0.0,0.0,0
1015,nominal_satellite_with_news,1,2,0,1,0,29.295323066666665,2.180257621450544,1
1016,nominal_satellite_with_news,1,1,0,1,0,19.2179652,0.21778227361952893,1
1017,nominal_satellite_false_heat_source,2,0,0,2,0,10.222876483333332,0.4185753194060037,0
1018,high_confidence_satellite_false_positive,1,0,0,0,1,0.0,0.0,0
1019,persistent_non_wildfire_heat_source,3,0,2,1,0,26.705879483333334,2.684288417787461,0
1020,news_rumor_no_fire,0,1,0,0,0,0.0,0.0,0
1021,news_only_before_satellite,0,1,0,0,0,0.0,0.0,1
1022,multi_satellite_plus_multi_news,2,2,0,1,1,20.234152283333334,3.068265877205831,1
1023,nominal_satellite_with_news,1,1,0,1,0,18.81346681666667,1.3088935730852505,1
1024,news_rumor_no_fire,0,1,0,0,0,0.0,0.0,0
1025,high_confidence_satellite_false_positive,1,0,0,0,1,0.0,0.0,0
1026,satellite_only_before_news,1,0,0,0,1,0.0,0.0,1
1027,nominal_satellite_with_news,2,1,0,2,0,9.590405449999999,1.4150902910739023,1
1028,high_confidence_satellite_with_news,3,1,0,0,3,9.43350515,2.4555552822515327,1
1029,multi_satellite_real_fire,4,0,0,3,1,27.91997513333333,2.4765456825288794,1
1030,nominal_satellite_with_news,1,1,0,1,0,1.2543769833333334,2.846772754381985,1
1031,high_confidence_satellite_false_positive,1,0,0,0,1,0.0,0.0,0
1032,news_rumor_no_fire,0,1,0,0,0,0.0,0.0,0
1033,satellite_only_before_news,1,0,0,0,1,0.0,0.0,1
1034,satellite_only_before_news,1,0,0,1,0,0.0,0.0,1
1035,high_confidence_satellite_with_news,3,2,0,0,3,11.890954566666666,2.2182648303787604,1
1036,high_confidence_satellite_with_news,1,2,0,0,1,6.04618675,2.0470320205236434,1
1037,satellite_only_before_news,2,0,0,1,1,12.018659666666668,2.1140622284947264,1
1038,nominal_satellite_with_news,1,1,0,1,0,10.567095633333334,3.714965455755957,1
1039,satellite_only_before_news,1,0,0,1,0,0.0,0.0,1
1040,nominal_satellite_false_heat_source,2,0,0,2,0,6.61365315,1.0770049142671474,0
1041,news_rumor_no_fire,0,1,0,0,0,0.0,0.0,0
1042,multi_satellite_real_fire,3,0,0,2,1,38.777717,2.0368126978027763,1
1043,satellite_only_before_news,2,0,0,0,2,7.502662583333334,0.43955773200158793,1
1044,multi_satellite_real_fire,3,0,0,1,2,15.495789183333333,0.5408172115275219,1
1045,persistent_non_wildfire_heat_source,3,0,2,1,0,41.290457616666664,2.076357875395406,0
1046,multi_satellite_real_fire,2,0,0,2,0,15.797294516666666,1.3324502209113818,1
1047,multi_satellite_real_fire,2,0,0,0,2,37.55764766666667,1.2301121546792413,1
1048,high_confidence_satellite_false_positive,1,0,0,0,1,0.0,0.0,0
1049,high_confidence_satellite_with_news,1,2,0,0,1,26.239976566666666,1.9657207461265114,1
1050,nominal_satellite_false_heat_source,1,0,0,1,0,0.0,0.0,0
1051,multi_satellite_real_fire,2,0,0,2,0,9.209899266666667,0.9923792561601332,1
1052,news_only_before_satellite,0,1,0,0,0,0.0,0.0,1
1053,multi_satellite_real_fire,4,0,0,2,2,28.41602273333333,2.839717695602331,1
1054,multiple_news_same_false_alarm,0,2,0,0,0,8.2887619,0.26655543203625126,0
1055,nominal_satellite_with_news,2,1,0,2,0,38.935386799999996,1.9371272308726522,1
1056,persistent_non_wildfire_heat_source,3,0,1,2,0,13.862444283333334,1.8860293194738285,0
1057,nominal_satellite_false_heat_source,1,0,0,1,0,0.0,0.0,0
1058,news_only_before_satellite,0,1,0,0,0,0.0,0.0,1
1059,multi_satellite_real_fire,3,0,0,3,0,13.577967066666668,1.4619844187811974,1
1060,satellite_only_before_news,1,0,0,0,1,0.0,0.0,1
1061,persistent_non_wildfire_heat_source,4,0,2,2,0,43.079340900000005,2.949620656825818,0
1062,satellite_only_before_news,2,0,0,0,2,11.032445416666667,1.3678259903291412,1
1063,nominal_satellite_with_news,2,2,0,2,0,15.753967366666666,1.5676195624060474,1
1064,multi_satellite_real_fire,3,0,0,3,0,37.02126128333334,1.93068343086637,1
1065,satellite_only_before_news,2,0,0,1,1,0.9907244833333333,0.719394478381641,1
1066,multi_satellite_real_fire,2,0,0,1,1,1.2043542500000002,1.036169226803089,1
1067,high_confidence_satellite_with_news,2,2,0,0,2,18.237647716666668,3.2684235931111223,1
1068,multi_satellite_real_fire,2,0,0,0,2,9.51117575,1.5199778259241612,1
1069,multiple_news_same_false_alarm,0,3,0,0,0,33.42764341666667,1.0733110357207638,0
1070,news_only_before_satellite,0,2,0,0,0,12.268163466666666,0.8506122812876624,1
1071,news_only_before_satellite,0,1,0,0,0,0.0,0.0,1
1072,multi_satellite_plus_multi_news,4,2,0,2,2,40.52737476666667,2.0512443373311133,1
1073,multi_satellite_real_fire,2,0,0,2,0,14.4981944,0.6799523578500555,1
1074,high_confidence_satellite_false_positive,1,0,0,0,1,0.0,0.0,0
1075,news_rumor_no_fire,0,1,0,0,0,0.0,0.0,0
1076,persistent_non_wildfire_heat_source,3,0,1,2,0,28.676567616666667,1.633572514995013,0
1077,nominal_satellite_false_heat_source,2,0,0,2,0,1.1388999666666666,1.0989157520386745,0
1078,news_only_before_satellite,0,1,0,0,0,0.0,0.0,1
1079,nominal_satellite_with_news,2,2,0,2,0,26.996373016666666,1.734970333221,1
1080,correlated_satellite_news_false_alarm,1,1,0,1,0,14.356135416666666,2.7737851462964804,0
1081,nominal_satellite_with_news,1,2,0,1,0,10.414571166666667,2.359430774147801,1
1082,nominal_satellite_with_news,2,2,0,2,0,11.15917015,2.1049752421690515,1
1083,high_confidence_satellite_with_news,2,2,0,0,2,26.199595066666667,2.184796841250963,1
1084,nominal_satellite_false_heat_source,2,0,0,2,0,1.1867988333333335,0.09163700994571199,0
1085,news_rumor_no_fire,0,1,0,0,0,0.0,0.0,0
1086,multi_satellite_plus_multi_news,2,2,0,2,0,29.992845366666664,3.3456140079860814,1
1087,high_confidence_satellite_with_news,2,1,0,0,2,1.0043787833333333,1.62093822556108,1
1088,multi_satellite_plus_multi_news,3,3,0,1,2,32.545018883333334,2.765608434354331,1
1089,multi_satellite_plus_multi_news,2,2,0,0,2,15.078294683333333,2.7908064285562593,1
1090,multi_satellite_real_fire,2,0,0,1,1,26.616691033333332,0.7832677085154837,1
1091,news_only_before_satellite,0,2,0,0,0,1.0585081666666667,0.2588767656927838,1
1092,nominal_satellite_false_heat_source,2,0,0,2,0,6.4352628166666666,1.1640585214255834,0
1093,correlated_satellite_news_false_alarm,1,1,1,0,0,4.677611216666667,1.6453079945682973,0
1094,satellite_only_before_news,2,0,0,2,0,10.581319516666667,0.5864308612645629,1
1095,news_only_before_satellite,0,1,0,0,0,0.0,0.0,1
1096,persistent_non_wildfire_heat_source,3,0,3,0,0,7.145230533333334,1.963540434739184,0
1097,multi_satellite_real_fire,4,0,0,1,3,39.77301928333333,1.4655985900004664,1
1098,high_confidence_satellite_with_news,2,1,0,0,2,12.666634883333334,1.0125525999072258,1
1099,news_rumor_no_fire,0,1,0,0,0,0.0,0.0,0
1100,satellite_only_before_news,2,0,0,0,2,12.595539283333332,0.6386393226664959,1
1101,nominal_satellite_false_heat_source,2,0,0,2,0,11.125853516666666,0.7810400356184175,0
1102,satellite_only_before_news,1,0,0,1,0,0.0,0.0,1
1103,persistent_non_wildfire_heat_source,2,0,2,0,0,9.778479033333333,1.0569161728559076,0
1104,news_rumor_no_fire,0,1,0,0,0,0.0,0.0,0
1105,multi_satellite_real_fire,2,0,0,1,1,6.924574833333334,1.283631974100227,1
1106,high_confidence_satellite_false_positive,1,0,0,0,1,0.0,0.0,0
1107,high_confidence_satellite_false_positive,1,0,0,0,1,0.0,0.0,0
1108,nominal_satellite_false_heat_source,1,0,0,1,0,0.0,0.0,0
1109,satellite_only_before_news,1,0,0,1,0,0.0,0.0,1
1110,multiple_news_same_false_alarm,0,2,0,0,0,22.096434916666666,0.8542786736866697,0
1111,high_confidence_satellite_false_positive,1,0,0,0,1,0.0,0.0,0
1112,multiple_news_same_false_alarm,0,2,0,0,0,21.194614983333334,0.7461497904052194,0
1113,multiple_news_same_false_alarm,0,2,0,0,0,12.2113699,0.6616544803681178,0
1114,multi_satellite_real_fire,2,0,0,2,0,2.9824504166666665,1.6064354192039276,1
1115,multi_satellite_real_fire,4,0,0,2,2,29.8581443,1.430089179374045,1
1116,news_rumor_no_fire,0,1,0,0,0,0.0,0.0,0
1117,nominal_satellite_with_news,1,1,0,1,0,4.659082316666667,0.4070751777404105,1
1118,multi_satellite_real_fire,3,0,0,2,1,17.479559916666666,2.3708292673738223,1
1119,satellite_only_before_news,2,0,0,1,1,7.479497433333333,1.5443181066280487,1
1120,satellite_only_before_news,1,0,0,0,1,0.0,0.0,1
1121,multi_satellite_real_fire,3,0,0,1,2,9.111427633333333,0.5827000932070298,1
1122,low_confidence_satellite_noise,1,0,1,0,0,0.0,0.0,0
1123,high_confidence_satellite_with_news,2,2,0,0,2,21.904849183333333,2.9872276037970327,1
1124,high_confidence_satellite_with_news,3,2,0,0,3,22.4152117,3.100617660840723,1
1125,multiple_news_same_false_alarm,0,2,0,0,0,3.880148333333333,0.6283975654090147,0
1126,correlated_satellite_news_false_alarm,1,1,1,0,0,8.269224183333334,1.9155878277532399,0
1127,multi_satellite_plus_multi_news,2,2,0,1,1,31.1516809,3.9533752626520946,1
1128,high_confidence_satellite_false_positive,1,0,0,0,1,0.0,0.0,0
1129,multi_satellite_real_fire,3,0,0,2,1,21.013445433333334,1.8795052716616847,1
1130,multiple_news_same_false_alarm,0,4,0,0,0,24.980906766666667,0.7775926727921942,0
1131,high_confidence_satellite_with_news,1,2,0,0,1,10.51406255,0.6668599209163214,1
1132,news_only_before_satellite,0,2,0,0,0,4.734043266666666,0.8237132578539643,1
1133,satellite_only_before_news,2,0,0,2,0,2.1654921666666667,0.7578626498395044,1
1134,multi_satellite_real_fire,3,0,0,2,1,13.689909116666666,1.7202702745443013,1
1135,nominal_satellite_with_news,2,1,0,2,0,5.1900868000000004,2.4837731844414903,1
1136,satellite_only_before_news,1,0,0,1,0,0.0,0.0,1
1137,multi_satellite_plus_multi_news,3,2,0,1,2,30.266158066666666,2.8088990952865167,1
1138,multi_satellite_plus_multi_news,2,3,0,2,0,43.273522283333335,2.643235154522547,1
1139,multiple_news_same_false_alarm,0,2,0,0,0,30.81765611666667,0.24106412995415435,0
1140,nominal_satellite_with_news,2,2,0,2,0,29.502590716666667,2.7374102343685953,1
1141,nominal_satellite_false_heat_source,1,0,0,1,0,0.0,0.0,0
1142,nominal_satellite_with_news,1,1,0,1,0,33.79628186666667,1.2451706463753804,1
1143,news_rumor_no_fire,0,1,0,0,0,0.0,0.0,0
1144,correlated_satellite_news_false_alarm,2,2,2,0,0,19.791554116666667,1.8247911910657586,0
1145,high_confidence_satellite_false_positive,1,0,0,0,1,0.0,0.0,0
1146,persistent_non_wildfire_heat_source,4,0,1,3,0,42.55985115,2.446046580794093,0
1147,satellite_only_before_news,1,0,0,0,1,0.0,0.0,1
1148,high_confidence_satellite_false_positive,1,0,0,0,1,0.0,0.0,0
1149,satellite_only_before_news,2,0,0,1,1,2.1965086833333336,1.1557566739159941,1
1150,nominal_satellite_with_news,1,2,0,1,0,10.693288283333334,3.76709132611778,1
1151,high_confidence_satellite_with_news,1,2,0,0,1,20.1942511,2.9444687475518694,1
1152,high_confidence_satellite_with_news,1,1,0,0,1,21.021076933333333,1.6649152196793788,1
1153,high_confidence_satellite_false_positive,1,0,0,0,1,0.0,0.0,0
1154,persistent_non_wildfire_heat_source,4,0,0,4,0,29.750205549999997,3.3464928659998083,0
1155,multi_satellite_plus_multi_news,2,3,0,0,2,34.98184945,3.906723050450473,1
1156,multiple_news_same_false_alarm,0,4,0,0,0,31.519001683333332,0.7742480480269156,0
1157,satellite_only_before_news,1,0,0,1,0,0.0,0.0,1
1158,correlated_satellite_news_false_alarm,1,1,0,1,0,15.25787435,3.460303039152661,0
1159,news_rumor_no_fire,0,1,0,0,0,0.0,0.0,0
1160,multi_satellite_plus_multi_news,4,2,0,3,1,25.832957833333335,1.8861172012163727,1
1161,correlated_satellite_news_false_alarm,1,1,1,0,0,3.34587655,0.9514060268150911,0
1162,news_only_before_satellite,0,2,0,0,0,17.02063121666667,0.8286337252773096,1
1163,high_confidence_satellite_false_positive,1,0,0,0,1,0.0,0.0,0
1164,multi_satellite_real_fire,2,0,0,2,0,3.0114070166666664,1.5911840233561887,1
1165,high_confidence_satellite_with_news,3,1,0,0,3,26.142055733333333,1.8771173945985125,1
1166,low_confidence_satellite_noise,2,0,2,0,0,11.338987766666666,1.4605578072727832,0
1167,nominal_satellite_false_heat_source,2,0,0,2,0,0.7279657166666667,0.6979269672438456,0
1168,multi_satellite_real_fire,4,0,0,3,1,18.891567633333334,3.5417964833948554,1
1169,high_confidence_satellite_with_news,2,1,0,0,2,2.0167659166666665,3.0563575665926583,1
1170,high_confidence_satellite_false_positive,1,0,0,0,1,0.0,0.0,0
1171,nominal_satellite_false_heat_source,1,0,0,1,0,0.0,0.0,0
1172,persistent_non_wildfire_heat_source,4,0,2,2,0,29.393770516666667,1.7239907908252543,0
1173,persistent_non_wildfire_heat_source,2,0,1,1,0,2.4559760833333333,3.1354191288317015,0
1174,low_confidence_satellite_noise,2,0,2,0,0,15.509623233333334,1.004584277083117,0
1175,news_only_before_satellite,0,2,0,0,0,0.7626537666666666,0.1563460595803922,1
1176,high_confidence_satellite_with_news,2,1,0,0,2,27.382351333333336,1.776942139206276,1
1177,multiple_news_same_false_alarm,0,2,0,0,0,0.9543533166666667,0.7158395130687412,0
1178,low_confidence_satellite_noise,1,0,1,0,0,0.0,0.0,0
1179,multi_satellite_plus_multi_news,4,3,0,3,1,22.030744350000003,2.601583772161325,1
1180,multi_satellite_plus_multi_news,3,2,0,1,2,37.3222208,2.036477241097876,1
1181,high_confidence_satellite_false_positive,1,0,0,0,1,0.0,0.0,0
1182,high_confidence_satellite_with_news,2,2,0,0,2,19.992770366666665,1.8955249050164078,1
1183,multi_satellite_real_fire,4,0,0,4,0,33.30656518333333,2.2063429859140826,1
1184,high_confidence_satellite_with_news,1,2,0,0,1,3.86635835,1.575199974535102,1
1185,news_only_before_satellite,0,2,0,0,0,2.8878043333333334,0.4954964852933559,1
1186,persistent_non_wildfire_heat_source,3,0,2,1,0,16.530478366666667,1.6483782417137232,0
1187,high_confidence_satellite_false_positive,1,0,0,0,1,0.0,0.0,0
1188,nominal_satellite_with_news,1,2,0,1,0,20.87180461666667,3.409827865167936,1
1189,low_confidence_satellite_noise,1,0,1,0,0,0.0,0.0,0
1190,high_confidence_satellite_false_positive,1,0,0,0,1,0.0,0.0,0
1191,high_confidence_satellite_with_news,2,2,0,0,2,17.462980616666666,2.8561246679313133,1
1192,multi_satellite_real_fire,4,0,0,2,2,39.823247783333336,2.311043533687381,1
1193,news_rumor_no_fire,0,1,0,0,0,0.0,0.0,0
1194,nominal_satellite_with_news,1,1,0,1,0,13.839836316666666,0.3339420461323201,1
1195,high_confidence_satellite_with_news,2,2,0,0,2,18.558382466666668,2.6856010930408485,1
1196,satellite_only_before_news,1,0,0,1,0,0.0,0.0,1
1197,multiple_news_same_false_alarm,0,2,0,0,0,21.20739885,1.177988090623674,0
1198,multi_satellite_plus_multi_news,2,2,0,2,0,28.174301683333333,1.3055416057402718,1
1199,low_confidence_satellite_noise,2,0,2,0,0,20.341172716666666,3.5765228338453237,0
1200,nominal_satellite_false_heat_source,2,0,0,2,0,1.2791035666666666,0.7768904269559944,0
1201,nominal_satellite_false_heat_source,1,0,0,1,0,0.0,0.0,0
1202,high_confidence_satellite_with_news,1,2,0,0,1,23.44522603333333,2.751019260210616,1
1203,news_rumor_no_fire,0,1,0,0,0,0.0,0.0,0
1204,low_confidence_satellite_noise,1,0,1,0,0,0.0,0.0,0
1205,nominal_satellite_with_news,1,1,0,1,0,20.836681199999997,0.6566714398385582,1
1206,high_confidence_satellite_false_positive,1,0,0,0,1,0.0,0.0,0
1207,correlated_satellite_news_false_alarm,1,1,0,1,0,19.49228395,1.6815330063330411,0
1208,multi_satellite_plus_multi_news,2,2,0,1,1,16.717739,2.0516486648272174,1
1209,multi_satellite_plus_multi_news,2,2,0,1,1,12.173423416666667,1.014582361828979,1
1210,persistent_non_wildfire_heat_source,2,0,2,0,0,11.87682725,1.7855080399423628,0
1211,multi_satellite_real_fire,4,0,0,2,2,19.2112347,3.3643638631588733,1
1212,correlated_satellite_news_false_alarm,1,1,1,0,0,5.444271883333333,1.6224095903621074,0
1213,multi_satellite_real_fire,2,0,0,2,0,14.468072433333333,1.0267070247301744,1
1214,multiple_news_same_false_alarm,0,2,0,0,0,15.188610183333333,0.39429606154050617,0
1215,high_confidence_satellite_false_positive,1,0,0,0,1,0.0,0.0,0
1216,correlated_satellite_news_false_alarm,2,1,0,2,0,16.855621116666665,1.2975786942366985,0
1217,correlated_satellite_news_false_alarm,1,1,1,0,0,18.159922333333334,0.18219168079720127,0
1218,multi_satellite_real_fire,2,0,0,1,1,15.758533383333335,2.2692980981868525,1
1219,news_only_before_satellite,0,2,0,0,0,19.831417400000003,0.9838541211928562,1
1220,nominal_satellite_false_heat_source,2,0,0,2,0,8.143860766666666,0.400753163413548,0
1221,persistent_non_wildfire_heat_source,2,0,1,1,0,2.61992905,0.7491302350950132,0
1222,multi_satellite_real_fire,3,0,0,2,1,18.691146716666665,3.7277593695796276,1
1223,news_only_before_satellite,0,1,0,0,0,0.0,0.0,1
1224,low_confidence_satellite_noise,1,0,1,0,0,0.0,0.0,0
1225,correlated_satellite_news_false_alarm,1,1,1,0,0,17.175210133333334,0.5400215471137833,0
1226,news_only_before_satellite,0,2,0,0,0,18.010303816666667,0.2782875909788277,1
1227,news_rumor_no_fire,0,1,0,0,0,0.0,0.0,0
1228,nominal_satellite_with_news,2,1,0,2,0,26.09184541666667,0.9175600467617694,1
1229,multiple_news_same_false_alarm,0,2,0,0,0,0.20235225,0.8745702169425493,0
1230,multi_satellite_plus_multi_news,3,2,0,2,1,42.49321908333333,2.314240569094975,1
1231,news_only_before_satellite,0,1,0,0,0,0.0,0.0,1
1232,satellite_only_before_news,2,0,0,1,1,9.749488399999999,0.37588471034061427,1
1233,correlated_satellite_news_false_alarm,2,2,1,1,0,11.643595683333333,2.884198944581773,0
1234,multi_satellite_real_fire,3,0,0,3,0,20.714372166666667,2.7764425735292524,1
1235,multiple_news_same_false_alarm,0,3,0,0,0,16.452392333333332,1.2256959585033111,0
1236,multiple_news_same_false_alarm,0,2,0,0,0,16.298951383333335,0.12928693595414759,0
1237,persistent_non_wildfire_heat_source,4,0,3,1,0,22.05978931666667,1.9494938099096404,0
1238,satellite_only_before_news,1,0,0,1,0,0.0,0.0,1
1239,high_confidence_satellite_with_news,3,1,0,0,3,18.1074664,1.9820140446216519,1
1240,low_confidence_satellite_noise,3,0,3,0,0,28.28726803333333,2.8926580995973046,0
1241,persistent_non_wildfire_heat_source,3,0,2,1,0,29.958726866666666,2.4175069780266663,0
1242,multi_satellite_plus_multi_news,3,3,0,1,2,44.458651933333336,2.545197428948125,1
1243,persistent_non_wildfire_heat_source,4,0,1,3,0,17.331428433333333,2.3302317085226796,0
1244,high_confidence_satellite_with_news,2,1,0,0,2,1.1549502666666667,1.4490813475811426,1
1245,nominal_satellite_with_news,2,1,0,2,0,17.666622150000002,1.889896181181558,1
1246,multi_satellite_real_fire,3,0,0,3,0,29.080914416666666,1.7556733973531433,1
1247,high_confidence_satellite_with_news,3,1,0,0,3,13.87665405,1.5870441866065126,1
1248,high_confidence_satellite_false_positive,1,0,0,0,1,0.0,0.0,0
1249,multi_satellite_real_fire,2,0,0,0,2,26.652581233333333,0.6874765539230504,1
1250,nominal_satellite_with_news,1,2,0,1,0,12.389133733333333,1.5305070656673663,1
1251,high_confidence_satellite_false_positive,1,0,0,0,1,0.0,0.0,0
1252,high_confidence_satellite_with_news,3,1,0,0,3,11.257529733333334,3.1945834505545094,1
1253,news_rumor_no_fire,0,1,0,0,0,0.0,0.0,0
1254,nominal_satellite_false_heat_source,2,0,0,2,0,5.787473149999999,0.6010764883507074,0
1255,correlated_satellite_news_false_alarm,2,2,0,2,0,18.552930083333333,1.6498586809656737,0
1256,multiple_news_same_false_alarm,0,4,0,0,0,35.98545526666667,0.9593205632789381,0
1257,multiple_news_same_false_alarm,0,4,0,0,0,23.6212021,1.1262019981227376,0
1258,multi_satellite_real_fire,3,0,0,3,0,28.571808216666668,3.2985774123489278,1
1259,correlated_satellite_news_false_alarm,2,1,0,2,0,27.677882516666667,3.2156404095615314,0
1260,news_only_before_satellite,0,1,0,0,0,0.0,0.0,1
1261,nominal_satellite_with_news,1,1,0,1,0,24.29346415,1.5559698472327468,1
1262,correlated_satellite_news_false_alarm,2,1,2,0,0,18.614357316666666,0.7448881547627653,0
1263,news_only_before_satellite,0,2,0,0,0,23.522677333333334,0.11442507383510796,1
1264,persistent_non_wildfire_heat_source,3,0,0,3,0,10.169506083333333,0.7526427967100917,0
1265,high_confidence_satellite_with_news,2,1,0,0,2,20.505868883333335,1.4422846224992905,1
1266,correlated_satellite_news_false_alarm,2,1,2,0,0,16.618355933333333,1.8691799447859379,0
1267,satellite_only_before_news,2,0,0,2,0,0.1102683,0.22463142895523977,1
1268,multi_satellite_plus_multi_news,4,3,0,2,2,39.236260349999995,3.943721462581879,1
1269,multi_satellite_real_fire,4,0,0,2,2,41.533705000000005,0.8803145388076954,1
1270,nominal_satellite_with_news,2,2,0,2,0,24.689209249999998,2.613585883710217,1
1271,news_only_before_satellite,0,2,0,0,0,14.062860216666667,1.065332685032725,1
1272,news_only_before_satellite,0,2,0,0,0,6.840138016666667,0.611290546101692,1
1273,news_rumor_no_fire,0,1,0,0,0,0.0,0.0,0
1274,news_only_before_satellite,0,1,0,0,0,0.0,0.0,1
1275,multi_satellite_real_fire,2,0,0,2,0,16.95747475,1.3481900813345447,1
1276,multi_satellite_real_fire,4,0,0,3,1,42.22500303333334,3.0724329472635654,1
1277,nominal_satellite_false_heat_source,2,0,0,2,0,11.811322966666667,0.7005332925892415,0
1278,persistent_non_wildfire_heat_source,3,0,3,0,0,2.9339130333333334,1.4458281962972475,0
1279,news_only_before_satellite,0,1,0,0,0,0.0,0.0,1
1280,satellite_only_before_news,2,0,0,1,1,0.02304405,0.2632836212768374,1
1281,satellite_only_before_news,1,0,0,1,0,0.0,0.0,1
1282,high_confidence_satellite_with_news,1,2,0,0,1,8.609283799999998,1.7172277833306526,1
1283,correlated_satellite_news_false_alarm,2,1,2,0,0,25.443307566666665,2.067486965224823,0
1284,nominal_satellite_with_news,1,1,0,1,0,7.6160696833333335,0.5254181214193485,1
1285,persistent_non_wildfire_heat_source,4,0,2,2,0,40.03444473333333,2.1485008760169855,0
1286,news_only_before_satellite,0,2,0,0,0,9.661047416666666,1.187077502570761,1
1287,high_confidence_satellite_with_news,3,1,0,0,3,3.6095727666666666,2.2426733923556137,1
1288,high_confidence_satellite_with_news,1,1,0,0,1,10.70131195,1.0352318447443096,1
1289,news_only_before_satellite,0,1,0,0,0,0.0,0.0,1
1290,nominal_satellite_with_news,2,2,0,2,0,27.013728116666666,0.752297868412857,1
1291,multi_satellite_plus_multi_news,2,3,0,1,1,30.154368416666667,2.1853056547291185,1
1292,news_only_before_satellite,0,1,0,0,0,0.0,0.0,1
1293,news_only_before_satellite,0,2,0,0,0,7.634985716666667,0.8733616883392216,1
1294,satellite_only_before_news,2,0,0,1,1,3.254867066666667,1.4796591769550496,1
1295,low_confidence_satellite_noise,3,0,3,0,0,14.128091466666666,1.3683657690050064,0
1296,multi_satellite_plus_multi_news,3,2,0,1,2,25.143245033333336,2.3992801013567884,1
1297,low_confidence_satellite_noise,3,0,3,0,0,25.171405566666667,3.246435428809278,0
1298,nominal_satellite_with_news,2,1,0,2,0,11.735145516666668,1.8074107534624626,1
1299,multi_satellite_real_fire,2,0,0,1,1,24.620823299999998,1.4541160927579797,1
1300,multi_satellite_plus_multi_news,4,2,0,3,1,26.90867955,2.9762021978668396,1
1301,high_confidence_satellite_with_news,3,2,0,0,3,16.29729615,1.8457842115721654,1
1302,satellite_only_before_news,2,0,0,1,1,2.0364520333333336,1.4407266240526717,1
1303,nominal_satellite_with_news,2,1,0,2,0,29.82988915,1.879230198595939,1
1304,multi_satellite_plus_multi_news,3,2,0,1,2,44.918941333333336,2.7237935334758876,1
1305,low_confidence_satellite_noise,2,0,2,0,0,5.896036333333333,0.4003791992353013,0
1306,news_only_before_satellite,0,2,0,0,0,4.393051216666667,0.3576977180581197,1
1307,news_rumor_no_fire,0,1,0,0,0,0.0,0.0,0
1308,low_confidence_satellite_noise,3,0,3,0,0,32.1508039,2.1570748123048955,0
1309,news_only_before_satellite,0,2,0,0,0,29.240302883333335,0.4770060489849424,1
1310,nominal_satellite_with_news,1,2,0,1,0,12.270562883333334,1.4423275052023814,1
1311,nominal_satellite_false_heat_source,2,0,0,2,0,11.4838498,0.9880399831521949,0
1312,low_confidence_satellite_noise,1,0,1,0,0,0.0,0.0,0
1313,persistent_non_wildfire_heat_source,3,0,1,2,0,11.821948333333333,3.4202628798707644,0
1314,correlated_satellite_news_false_alarm,2,2,2,0,0,20.975013033333333,2.242297586714688,0
1315,news_only_before_satellite,0,1,0,0,0,0.0,0.0,1
1316,high_confidence_satellite_with_news,2,1,0,0,2,16.66210535,1.3225663464539714,1
1317,satellite_only_before_news,1,0,0,0,1,0.0,0.0,1
1318,multi_satellite_real_fire,2,0,0,2,0,27.548082533333336,1.1303485105293407,1
1319,news_rumor_no_fire,0,1,0,0,0,0.0,0.0,0
1320,persistent_non_wildfire_heat_source,3,0,2,1,0,25.319562299999998,2.928230773105251,0
1321,multi_satellite_real_fire,3,0,0,2,1,7.166119783333333,1.4463941952189459,1
1322,persistent_non_wildfire_heat_source,4,0,2,2,0,40.597036,2.584320001201974,0
1323,satellite_only_before_news,2,0,0,0,2,2.7523199666666667,0.6878416548235744,1
1324,high_confidence_satellite_with_news,2,2,0,0,2,13.001225483333334,2.1680897036949434,1
1325,satellite_only_before_news,2,0,0,0,2,10.056597966666667,1.6711722699859386,1
1326,nominal_satellite_with_news,2,2,0,2,0,13.52758075,2.2079253128726593,1
1327,satellite_only_before_news,1,0,0,0,1,0.0,0.0,1
1328,multi_satellite_real_fire,3,0,0,3,0,17.426482866666667,3.040199506420088,1
1329,multi_satellite_plus_multi_news,2,3,0,2,0,32.5710487,3.7428811527182066,1
1330,correlated_satellite_news_false_alarm,2,2,1,1,0,26.357764200000002,2.1711156466235906,0
1331,low_confidence_satellite_noise,3,0,3,0,0,8.54712365,1.4121455215281224,0
1332,satellite_only_before_news,2,0,0,1,1,1.6490968166666666,1.9406817514371921,1
1333,nominal_satellite_with_news,1,2,0,1,0,29.073793966666663,2.832506076746892,1
1334,correlated_satellite_news_false_alarm,2,1,1,1,0,13.467654783333334,0.820015646465145,0
1335,news_rumor_no_fire,0,1,0,0,0,0.0,0.0,0
1336,high_confidence_satellite_with_news,3,1,0,0,3,24.689641549999997,3.214865052403146,1
1337,nominal_satellite_with_news,1,1,0,1,0,7.679418666666667,0.7460776375618429,1
1338,nominal_satellite_with_news,2,2,0,2,0,8.216518883333332,2.259375453417933,1
1339,low_confidence_satellite_noise,1,0,1,0,0,0.0,0.0,0
1340,nominal_satellite_false_heat_source,2,0,0,2,0,5.959843166666667,0.3813411980175611,0
1341,correlated_satellite_news_false_alarm,2,2,0,2,0,17.451376166666666,2.4889221595401314,0
1342,high_confidence_satellite_with_news,1,1,0,0,1,3.3140844166666668,1.7778131725037019,1
1343,nominal_satellite_false_heat_source,1,0,0,1,0,0.0,0.0,0
1344,nominal_satellite_with_news,1,1,0,1,0,21.538156916666665,0.9541545443200393,1
1345,correlated_satellite_news_false_alarm,1,1,0,1,0,18.58555015,2.856081303378408,0
1346,persistent_non_wildfire_heat_source,2,0,2,0,0,20.305155966666668,1.7095189807547966,0
1347,high_confidence_satellite_with_news,2,1,0,0,2,19.948399783333333,2.599041210775513,1
1348,news_rumor_no_fire,0,1,0,0,0,0.0,0.0,0
1349,nominal_satellite_false_heat_source,2,0,0,2,0,1.5666108333333333,0.8848799870863808,0
1350,high_confidence_satellite_with_news,2,2,0,0,2,13.714121133333332,3.146465336115775,1
1351,nominal_satellite_false_heat_source,2,0,0,2,0,5.599284633333334,0.11279432642240587,0
1352,high_confidence_satellite_false_positive,1,0,0,0,1,0.0,0.0,0
1353,nominal_satellite_false_heat_source,2,0,0,2,0,3.8175736833333334,1.0090965987771545,0
1354,high_confidence_satellite_with_news,3,2,0,0,3,19.442770916666667,2.9249910605863594,1
1355,high_confidence_satellite_with_news,2,2,0,0,2,19.181879849999998,2.5097622909758663,1
1356,news_rumor_no_fire,0,1,0,0,0,0.0,0.0,0
1357,multi_satellite_plus_multi_news,4,2,0,2,2,28.485032516666667,3.243413223720837,1
1358,multi_satellite_real_fire,2,0,0,0,2,12.331295,0.6861470166258762,1
1359,correlated_satellite_news_false_alarm,1,1,0,1,0,10.13544995,0.9181771110553228,0
1360,news_rumor_no_fire,0,1,0,0,0,0.0,0.0,0
1361,multi_satellite_plus_multi_news,2,2,0,2,0,41.54551403333333,2.6124692730535912,1
1362,multiple_news_same_false_alarm,0,3,0,0,0,34.07525195,1.4789875862090753,0
1363,news_only_before_satellite,0,1,0,0,0,0.0,0.0,1
1364,satellite_only_before_news,1,0,0,1,0,0.0,0.0,1
1365,low_confidence_satellite_noise,3,0,3,0,0,30.400564883333335,1.325483211849092,0
1366,correlated_satellite_news_false_alarm,2,1,0,2,0,2.0492667166666667,1.9755447013745602,0
1367,low_confidence_satellite_noise,2,0,2,0,0,10.6590433,1.007456624131835,0
1368,low_confidence_satellite_noise,2,0,2,0,0,15.117636433333333,2.0607662027800115,0
1369,persistent_non_wildfire_heat_source,3,0,0,3,0,33.82021983333333,1.050275647829164,0
1370,nominal_satellite_with_news,2,2,0,2,0,22.2680776,2.542984518381252,1
1371,multi_satellite_plus_multi_news,3,3,0,0,3,30.219718466666667,2.5696760314879437,1
1372,multi_satellite_plus_multi_news,4,2,0,1,3,27.45886735,2.7722397945757122,1
1373,multiple_news_same_false_alarm,0,4,0,0,0,6.9302867,1.6364905601189874,0
1374,multi_satellite_real_fire,3,0,0,2,1,15.761111833333333,2.4797190821386206,1
1375,multi_satellite_plus_multi_news,3,3,0,1,2,20.403290466666665,3.2664187918736434,1
1376,nominal_satellite_false_heat_source,1,0,0,1,0,0.0,0.0,0
1377,persistent_non_wildfire_heat_source,4,0,2,2,0,30.322957533333334,2.680095805198085,0
1378,nominal_satellite_with_news,1,1,0,1,0,9.549834216666666,1.1947326490463457,1
1379,news_rumor_no_fire,0,1,0,0,0,0.0,0.0,0
1380,persistent_non_wildfire_heat_source,4,0,3,1,0,38.38612738333334,3.714345978901137,0
1381,satellite_only_before_news,1,0,0,1,0,0.0,0.0,1
1382,low_confidence_satellite_noise,3,0,3,0,0,4.3877829,1.9061444983441285,0
1383,high_confidence_satellite_with_news,3,1,0,0,3,12.967429983333334,2.651774041322309,1
1384,correlated_satellite_news_false_alarm,2,1,2,0,0,19.843474133333334,2.628358530149398,0
1385,high_confidence_satellite_with_news,1,1,0,0,1,16.930707583333334,1.189776758687119,1
1386,news_rumor_no_fire,0,1,0,0,0,0.0,0.0,0
1387,multi_satellite_real_fire,4,0,0,2,2,36.466570499999996,2.6746973512687524,1
1388,high_confidence_satellite_with_news,1,2,0,0,1,13.189196066666666,1.7724805027261699,1
1389,persistent_non_wildfire_heat_source,2,0,0,2,0,9.649803466666667,0.7915740595163221,0
1390,multi_satellite_real_fire,3,0,0,1,2,38.610448633333334,3.5893207388491537,1
1391,news_rumor_no_fire,0,1,0,0,0,0.0,0.0,0
1392,nominal_satellite_with_news,1,2,0,1,0,23.79829625,1.2935594657413685,1
1393,persistent_non_wildfire_heat_source,2,0,0,2,0,9.965638166666668,1.5822509141676446,0
1394,low_confidence_satellite_noise,2,0,2,0,0,7.23410815,1.6372531582188317,0
1395,nominal_satellite_false_heat_source,2,0,0,2,0,1.0127383166666666,0.7153618948777748,0
1396,low_confidence_satellite_noise,3,0,3,0,0,29.681876916666667,2.968800466899887,0
1397,high_confidence_satellite_false_positive,1,0,0,0,1,0.0,0.0,0
1398,persistent_non_wildfire_heat_source,2,0,1,1,0,17.859231383333334,1.5715989580401606,0
1399,nominal_satellite_with_news,1,2,0,1,0,12.542013183333333,1.8794558762241864,1
1400,multi_satellite_plus_multi_news,3,2,0,1,2,43.41119174999999,1.8036422908081202,1
1401,multi_satellite_real_fire,3,0,0,2,1,15.456643983333333,2.4497486888427584,1
1402,nominal_satellite_with_news,1,2,0,1,0,5.693654416666666,1.2554818268152883,1
1403,news_rumor_no_fire,0,1,0,0,0,0.0,0.0,0
1404,low_confidence_satellite_noise,3,0,3,0,0,26.511206516666668,1.9590302075355246,0
1405,multiple_news_same_false_alarm,0,3,0,0,0,36.014060066666666,1.7093782616793487,0
1406,satellite_only_before_news,2,0,0,1,1,2.1536300833333333,1.3301627520367167,1
1407,persistent_non_wildfire_heat_source,3,0,1,2,0,24.64910528333333,2.7368532050359353,0
1408,high_confidence_satellite_false_positive,1,0,0,0,1,0.0,0.0,0
1409,satellite_only_before_news,1,0,0,1,0,0.0,0.0,1
1410,correlated_satellite_news_false_alarm,2,1,2,0,0,26.969572766666666,2.324301629881958,0
1411,correlated_satellite_news_false_alarm,2,2,1,1,0,28.49353155,2.2198306939223276,0
1412,nominal_satellite_false_heat_source,2,0,0,2,0,1.5264577833333335,0.16026667814935147,0
1413,persistent_non_wildfire_heat_source,4,0,2,2,0,22.230144033333332,3.453674131342852,0
1414,multiple_news_same_false_alarm,0,2,0,0,0,6.262999233333333,0.3600220888989619,0
1415,correlated_satellite_news_false_alarm,1,2,0,1,0,12.604511433333332,3.168429127003002,0
1416,multi_satellite_plus_multi_news,2,3,0,0,2,30.681366183333335,3.2666678145837014,1
1417,low_confidence_satellite_noise,2,0,2,0,0,1.5434967,0.2966240333389211,0
1418,multi_satellite_real_fire,3,0,0,1,2,24.1251427,1.1314106700355349,1
1419,high_confidence_satellite_with_news,1,1,0,0,1,11.304066566666668,0.7614043114891483,1
1420,nominal_satellite_false_heat_source,2,0,0,2,0,3.512806933333333,1.425457584155323,0
1421,high_confidence_satellite_with_news,2,2,0,0,2,12.164779466666666,2.3391938991291323,1
1422,high_confidence_satellite_with_news,2,1,0,0,2,17.518970766666666,1.3321514907452832,1
1423,high_confidence_satellite_false_positive,1,0,0,0,1,0.0,0.0,0
1424,persistent_non_wildfire_heat_source,2,0,1,1,0,2.1003781166666666,1.0196409773262252,0
1425,high_confidence_satellite_false_positive,1,0,0,0,1,0.0,0.0,0
1426,news_rumor_no_fire,0,1,0,0,0,0.0,0.0,0
1427,persistent_non_wildfire_heat_source,3,0,1,2,0,8.906160233333333,0.788114396090838,0
1428,nominal_satellite_with_news,2,1,0,2,0,13.47523115,2.1463039541584648,1
1429,multi_satellite_plus_multi_news,2,2,0,1,1,18.800433216666665,3.440001543039467,1
1430,persistent_non_wildfire_heat_source,2,0,2,0,0,2.8143458333333333,2.6857554710210385,0
1431,persistent_non_wildfire_heat_source,3,0,1,2,0,15.15273845,2.271934659520126,0
1432,satellite_only_before_news,1,0,0,1,0,0.0,0.0,1
1433,nominal_satellite_false_heat_source,1,0,0,1,0,0.0,0.0,0
1434,correlated_satellite_news_false_alarm,1,1,0,1,0,11.3571546,1.3010199564908638,0
1435,nominal_satellite_with_news,2,2,0,2,0,27.748060766666665,1.8016833614439718,1
1436,high_confidence_satellite_with_news,1,1,0,0,1,8.7278594,2.6277521589805217,1
1437,nominal_satellite_false_heat_source,1,0,0,1,0,0.0,0.0,0
1438,low_confidence_satellite_noise,1,0,1,0,0,0.0,0.0,0
1439,nominal_satellite_with_news,2,2,0,2,0,16.86437451666667,2.3205371023459564,1
1440,satellite_only_before_news,2,0,0,1,1,11.780681733333333,1.0324725681692415,1
1441,multi_satellite_real_fire,4,0,0,2,2,21.36843375,1.7315719202131157,1
1442,multiple_news_same_false_alarm,0,3,0,0,0,10.30416565,0.9718942125956788,0
1443,news_only_before_satellite,0,1,0,0,0,0.0,0.0,1
1444,multi_satellite_real_fire,2,0,0,1,1,6.73803585,0.5129935158931517,1
1445,correlated_satellite_news_false_alarm,1,2,0,1,0,8.969585266666666,1.0768514837604994,0
1446,news_only_before_satellite,0,1,0,0,0,0.0,0.0,1
1447,multi_satellite_plus_multi_news,3,3,0,0,3,39.949928,1.5016190693956402,1
1448,news_only_before_satellite,0,2,0,0,0,10.851968933333334,0.9931391190411729,1
1449,satellite_only_before_news,2,0,0,0,2,12.674035733333334,0.474010208761556,1
1450,multi_satellite_real_fire,3,0,0,3,0,4.32955855,2.5246745354650115,1
1451,multi_satellite_real_fire,3,0,0,1,2,27.848958883333335,2.163706771126737,1
1452,multi_satellite_plus_multi_news,2,2,0,2,0,35.663547816666664,3.069516145941958,1
1453,news_only_before_satellite,0,1,0,0,0,0.0,0.0,1
1454,news_only_before_satellite,0,1,0,0,0,0.0,0.0,1
1455,high_confidence_satellite_false_positive,1,0,0,0,1,0.0,0.0,0
1456,low_confidence_satellite_noise,3,0,3,0,0,30.43590886666667,2.0149222698342233,0
1457,nominal_satellite_false_heat_source,2,0,0,2,0,4.892508983333333,1.1145778902496075,0
1458,multi_satellite_real_fire,3,0,0,1,2,10.971329266666666,3.488493639181821,1
1459,correlated_satellite_news_false_alarm,2,1,1,1,0,14.344827216666665,3.064467882235712,0
1460,news_only_before_satellite,0,2,0,0,0,13.278620700000001,0.3454866197084612,1
1461,satellite_only_before_news,1,0,0,0,1,0.0,0.0,1
1462,satellite_only_before_news,1,0,0,1,0,0.0,0.0,1
1463,satellite_only_before_news,2,0,0,1,1,3.5750579,2.396945793366736,1
1464,multi_satellite_plus_multi_news,4,2,0,1,3,28.572710700000002,3.5173485266661264,1
1465,multi_satellite_real_fire,4,0,0,2,2,15.402577416666666,3.036698420114874,1
1466,nominal_satellite_with_news,1,1,0,1,0,11.443988916666665,1.755432248456968,1
1467,low_confidence_satellite_noise,3,0,3,0,0,28.03583443333333,3.2124749216984454,0
1468,high_confidence_satellite_with_news,2,1,0,0,2,10.866980516666667,1.4794348919066973,1
1469,correlated_satellite_news_false_alarm,2,2,1,1,0,8.940018199999999,2.7386946986065577,0
1470,correlated_satellite_news_false_alarm,1,1,0,1,0,9.443049316666666,1.4933066351291329,0
1471,correlated_satellite_news_false_alarm,1,2,0,1,0,25.291543266666668,2.473560098876161,0
1472,high_confidence_satellite_with_news,1,2,0,0,1,13.833191083333332,3.101063371496049,1
1473,high_confidence_satellite_with_news,3,2,0,0,3,12.971440316666667,1.9601159639909025,1
1474,high_confidence_satellite_false_positive,1,0,0,0,1,0.0,0.0,0
1475,nominal_satellite_false_heat_source,1,0,0,1,0,0.0,0.0,0
1476,multiple_news_same_false_alarm,0,2,0,0,0,9.408974616666665,0.337521288253441,0
1477,high_confidence_satellite_with_news,2,1,0,0,2,5.93393835,2.055253076676015,1
1478,satellite_only_before_news,1,0,0,0,1,0.0,0.0,1
1479,news_rumor_no_fire,0,1,0,0,0,0.0,0.0,0
1480,multi_satellite_plus_multi_news,4,2,0,1,3,28.949182150000002,3.7112454199055454,1
1481,news_only_before_satellite,0,1,0,0,0,0.0,0.0,1
1482,satellite_only_before_news,1,0,0,0,1,0.0,0.0,1
1483,multi_satellite_plus_multi_news,4,2,0,1,3,20.706023000000002,2.3329064996374993,1
1484,news_only_before_satellite,0,2,0,0,0,0.41607488333333337,0.4515440731869669,1
1485,satellite_only_before_news,2,0,0,1,1,11.08228575,0.5379441759970955,1
1486,persistent_non_wildfire_heat_source,2,0,0,2,0,15.862286333333333,2.5785068234913773,0
1487,correlated_satellite_news_false_alarm,2,2,0,2,0,22.3375901,2.1862734753142057,0
1488,low_confidence_satellite_noise,1,0,1,0,0,0.0,0.0,0
1489,multi_satellite_plus_multi_news,2,2,0,2,0,32.02857933333333,1.3653224316252057,1
1490,correlated_satellite_news_false_alarm,2,1,1,1,0,12.982050816666666,1.3455974917268076,0
1491,news_only_before_satellite,0,1,0,0,0,0.0,0.0,1
1492,low_confidence_satellite_noise,3,0,3,0,0,13.763205683333332,2.670695111846914,0
1493,high_confidence_satellite_false_positive,1,0,0,0,1,0.0,0.0,0
1494,persistent_non_wildfire_heat_source,4,0,3,1,0,34.479627066666666,2.404466955290273,0
1495,nominal_satellite_false_heat_source,1,0,0,1,0,0.0,0.0,0
1496,high_confidence_satellite_false_positive,1,0,0,0,1,0.0,0.0,0
1497,nominal_satellite_with_news,1,1,0,1,0,2.1168849333333335,0.4385406638295894,1
1498,nominal_satellite_false_heat_source,1,0,0,1,0,0.0,0.0,0
1499,nominal_satellite_false_heat_source,2,0,0,2,0,2.06128885,0.5133634936042052,0
1500,multi_satellite_plus_multi_news,4,3,0,0,4,25.668488333333336,2.9631217402448464,1
1501,news_rumor_no_fire,0,1,0,0,0,0.0,0.0,0
1502,multi_satellite_real_fire,3,0,0,2,1,33.58489041666667,2.390005450273072,1
1503,nominal_satellite_false_heat_source,2,0,0,2,0,10.357180633333334,1.1174798432597843,0
1504,news_only_before_satellite,0,2,0,0,0,5.57127885,1.5751218550237107,1
1505,news_only_before_satellite,0,2,0,0,0,15.386175116666667,0.6916583773530203,1
1506,multi_satellite_real_fire,4,0,0,2,2,8.295752866666668,2.4174400263023714,1
1507,high_confidence_satellite_with_news,3,1,0,0,3,15.852706866666667,2.8082669022827877,1
1508,high_confidence_satellite_with_news,3,1,0,0,3,21.032237433333332,2.647106746704044,1
1509,nominal_satellite_false_heat_source,2,0,0,2,0,2.5366482,0.29662649096995003,0
1510,low_confidence_satellite_noise,3,0,3,0,0,22.143997783333337,3.729486852766743,0
1511,nominal_satellite_false_heat_source,2,0,0,2,0,0.052990883333333336,0.2555523308688275,0
1512,multi_satellite_plus_multi_news,2,2,0,0,2,21.53237838333333,2.958697125406911,1
1513,correlated_satellite_news_false_alarm,1,1,1,0,0,1.0181407333333334,0.8365734234132468,0
1514,correlated_satellite_news_false_alarm,1,2,1,0,0,14.683011166666667,1.9154080708612304,0
1515,multiple_news_same_false_alarm,0,2,0,0,0,4.631134883333333,0.45867890259624305,0
1516,multi_satellite_real_fire,2,0,0,1,1,19.092602516666666,1.862338750472818,1
1517,low_confidence_satellite_noise,2,0,2,0,0,27.85121945,0.2488141010410042,0
1518,multiple_news_same_false_alarm,0,3,0,0,0,35.941327050000005,1.0497892630314625,0
1519,news_only_before_satellite,0,1,0,0,0,0.0,0.0,1
1520,satellite_only_before_news,2,0,0,2,0,9.739051216666667,0.9524982632106453,1
1521,correlated_satellite_news_false_alarm,2,1,2,0,0,17.151905016666667,0.8516420628308736,0
1522,multi_satellite_plus_multi_news,3,3,0,0,3,37.78216633333333,2.3481591554231667,1
1523,multiple_news_same_false_alarm,0,3,0,0,0,32.97524056666666,1.0930326533705772,0
1524,multi_satellite_plus_multi_news,2,3,0,1,1,45.191277383333336,2.8146052745763845,1
1525,news_only_before_satellite,0,2,0,0,0,17.160756233333334,0.9565446160710137,1
1526,nominal_satellite_false_heat_source,1,0,0,1,0,0.0,0.0,0
1527,nominal_satellite_false_heat_source,1,0,0,1,0,0.0,0.0,0
1528,multiple_news_same_false_alarm,0,2,0,0,0,3.4309746,0.5544024261177428,0
1529,nominal_satellite_with_news,1,2,0,1,0,12.102568816666667,2.7966153788163366,1
1530,news_only_before_satellite,0,2,0,0,0,18.719098216666666,0.8874682154663363,1
1531,persistent_non_wildfire_heat_source,4,0,1,3,0,22.947616883333335,3.9928032639327187,0
1532,satellite_only_before_news,1,0,0,1,0,0.0,0.0,1
1533,high_confidence_satellite_with_news,3,1,0,0,3,17.53069813333333,1.5984536057594094,1
1534,multiple_news_same_false_alarm,0,4,0,0,0,42.47518196666667,1.3294059495224444,0
1535,nominal_satellite_with_news,2,1,0,2,0,2.9161885166666663,1.8018413621846707,1
1536,low_confidence_satellite_noise,2,0,2,0,0,23.818781116666667,0.7349834193776914,0
1537,correlated_satellite_news_false_alarm,2,2,2,0,0,21.680725600000002,2.861651698352875,0
1538,multi_satellite_plus_multi_news,2,3,0,0,2,35.76358138333333,1.8026552029712748,1
1539,correlated_satellite_news_false_alarm,2,2,2,0,0,24.667624666666665,2.2433651926145664,0
1540,low_confidence_satellite_noise,1,0,1,0,0,0.0,0.0,0
1541,low_confidence_satellite_noise,2,0,2,0,0,6.8444417333333325,2.1969003192983156,0
1542,nominal_satellite_with_news,1,2,0,1,0,12.525305016666666,1.36235629880434,1
1543,nominal_satellite_false_heat_source,1,0,0,1,0,0.0,0.0,0
1544,news_rumor_no_fire,0,1,0,0,0,0.0,0.0,0
1545,correlated_satellite_news_false_alarm,2,1,2,0,0,10.22172255,1.6348144074579112,0
1546,correlated_satellite_news_false_alarm,1,2,1,0,0,18.469414716666666,1.5487465568010734,0
1547,news_only_before_satellite,0,2,0,0,0,1.2876090333333332,0.42923019637190957,1
1548,satellite_only_before_news,1,0,0,1,0,0.0,0.0,1
1549,nominal_satellite_with_news,2,2,0,2,0,19.383611766666668,1.736970414397522,1
1550,correlated_satellite_news_false_alarm,2,1,1,1,0,15.023985366666667,1.6606900762170085,0
1551,news_only_before_satellite,0,1,0,0,0,0.0,0.0,1
1552,multi_satellite_plus_multi_news,2,3,0,0,2,42.29853165,3.390480068089485,1
1553,low_confidence_satellite_noise,2,0,2,0,0,2.4126600166666665,1.3430195319031912,0
1554,nominal_satellite_false_heat_source,1,0,0,1,0,0.0,0.0,0
1555,news_only_before_satellite,0,2,0,0,0,20.455675183333334,0.1742302532177242,1
1556,high_confidence_satellite_false_positive,1,0,0,0,1,0.0,0.0,0
1557,multi_satellite_real_fire,2,0,0,1,1,8.728379466666667,3.3399340467071355,1
1558,multi_satellite_real_fire,2,0,0,1,1,32.858706866666665,0.36576119105969673,1
1559,high_confidence_satellite_false_positive,1,0,0,0,1,0.0,0.0,0
1560,multiple_news_same_false_alarm,0,3,0,0,0,15.725666200000001,1.4934222767135619,0
1561,satellite_only_before_news,1,0,0,1,0,0.0,0.0,1
1562,nominal_satellite_with_news,1,2,0,1,0,10.191975333333334,1.7361994383052273,1
1563,news_only_before_satellite,0,1,0,0,0,0.0,0.0,1
1564,correlated_satellite_news_false_alarm,1,2,1,0,0,25.4021067,1.5859464317629697,0
1565,persistent_non_wildfire_heat_source,4,0,2,2,0,41.571645716666666,2.4040263261627057,0
1566,news_only_before_satellite,0,2,0,0,0,1.3098965666666667,1.1705299795490327,1
1567,multi_satellite_plus_multi_news,3,3,0,3,0,44.52037521666667,2.5420726752229,1
1568,low_confidence_satellite_noise,2,0,2,0,0,35.573364416666664,0.9287401756946528,0
1569,high_confidence_satellite_false_positive,1,0,0,0,1,0.0,0.0,0
1570,news_only_before_satellite,0,2,0,0,0,13.67771525,0.29011849929243017,1
1571,low_confidence_satellite_noise,3,0,3,0,0,25.88535608333333,2.3486903471537,0
1572,correlated_satellite_news_false_alarm,1,2,0,1,0,11.675020499999999,0.5484970863053444,0
1573,nominal_satellite_with_news,1,2,0,1,0,15.895983483333334,1.93143331571047,1
1574,multi_satellite_real_fire,2,0,0,1,1,36.86722821666667,2.3951983566574993,1
1575,news_rumor_no_fire,0,1,0,0,0,0.0,0.0,0
1576,high_confidence_satellite_false_positive,1,0,0,0,1,0.0,0.0,0
1577,nominal_satellite_with_news,1,1,0,1,0,13.85132285,1.0604268932098602,1
1578,multi_satellite_plus_multi_news,2,2,0,1,1,24.387167183333336,3.931278997533454,1
1579,high_confidence_satellite_with_news,1,1,0,0,1,23.125495783333335,2.2710209732966478,1
1580,high_confidence_satellite_false_positive,1,0,0,0,1,0.0,0.0,0
1581,persistent_non_wildfire_heat_source,3,0,0,3,0,8.937056016666666,1.0794872696173985,0
1582,multiple_news_same_false_alarm,0,2,0,0,0,1.0380246,0.42988085761603456,0
1583,correlated_satellite_news_false_alarm,2,1,2,0,0,16.59823975,1.7306298458843994,0
1584,multi_satellite_plus_multi_news,3,2,0,2,1,39.805367866666664,1.6731835325892237,1
1585,satellite_only_before_news,2,0,0,1,1,4.24596785,1.569265332429955,1
1586,multiple_news_same_false_alarm,0,4,0,0,0,28.0838687,1.7424601764914496,0
1587,news_only_before_satellite,0,2,0,0,0,19.077107866666665,0.6982997182596691,1
1588,nominal_satellite_false_heat_source,2,0,0,2,0,1.4058150500000002,1.06841662938523,0
1589,news_rumor_no_fire,0,1,0,0,0,0.0,0.0,0
1590,multi_satellite_real_fire,3,0,0,0,3,34.31443485,2.289554147139316,1
1591,low_confidence_satellite_noise,1,0,1,0,0,0.0,0.0,0
1592,high_confidence_satellite_with_news,1,1,0,0,1,25.048259050000002,1.3900750504587955,1
1593,satellite_only_before_news,1,0,0,1,0,0.0,0.0,1
1594,multi_satellite_real_fire,3,0,0,2,1,14.550065716666667,1.7699637018329122,1
1595,correlated_satellite_news_false_alarm,2,2,1,1,0,9.337673983333334,3.811035242321227,0
1596,multi_satellite_real_fire,3,0,0,2,1,18.798742583333333,2.5460449717214484,1
1597,multiple_news_same_false_alarm,0,4,0,0,0,34.70056818333333,0.8074036688083117,0
1598,multi_satellite_plus_multi_news,3,3,0,1,2,19.94931765,2.416475817469122,1
1599,multi_satellite_plus_multi_news,4,3,0,1,3,44.20915275,2.738789808585192,1
1600,nominal_satellite_with_news,2,2,0,2,0,21.594444683333332,2.013835903527272,1
1601,persistent_non_wildfire_heat_source,2,0,2,0,0,12.941972016666666,1.4974088310045806,0
1602,high_confidence_satellite_with_news,1,1,0,0,1,21.273988483333333,2.499536595302116,1
1603,multi_satellite_plus_multi_news,4,3,0,1,3,30.219414933333333,4.240040850998932,1
1604,low_confidence_satellite_noise,3,0,3,0,0,18.2514995,1.13725609521149,0
1605,correlated_satellite_news_false_alarm,2,2,1,1,0,12.303204083333332,2.693573029179107,0
1606,news_only_before_satellite,0,1,0,0,0,0.0,0.0,1
1607,correlated_satellite_news_false_alarm,2,2,2,0,0,16.6663801,2.475778942167695,0
1608,high_confidence_satellite_with_news,2,1,0,0,2,16.62922265,2.807887807058407,1
1609,multi_satellite_real_fire,4,0,0,2,2,26.8824745,1.9463059795389934,1
1610,news_only_before_satellite,0,1,0,0,0,0.0,0.0,1
1611,high_confidence_satellite_false_positive,1,0,0,0,1,0.0,0.0,0
1612,multiple_news_same_false_alarm,0,2,0,0,0,8.144410033333333,0.19980277855156206,0
1613,high_confidence_satellite_false_positive,1,0,0,0,1,0.0,0.0,0
1614,multiple_news_same_false_alarm,0,3,0,0,0,17.099551483333336,1.4201959383236653,0
1615,low_confidence_satellite_noise,2,0,2,0,0,13.452378233333333,2.709619770227796,0
1616,satellite_only_before_news,1,0,0,0,1,0.0,0.0,1
1617,satellite_only_before_news,2,0,0,1,1,14.1864288,1.3764634875090898,1
1618,multi_satellite_plus_multi_news,4,3,0,4,0,43.92878336666667,3.3158713391114647,1
1619,multi_satellite_real_fire,4,0,0,2,2,19.076376016666664,1.0077979333637082,1
1620,multi_satellite_plus_multi_news,4,3,0,3,1,36.24374663333333,3.1888565613735422,1
1621,high_confidence_satellite_with_news,3,1,0,0,3,19.57477125,2.684574785040529,1
1622,news_rumor_no_fire,0,1,0,0,0,0.0,0.0,0
1623,persistent_non_wildfire_heat_source,2,0,2,0,0,17.153429183333333,1.2292953921691832,0
1624,correlated_satellite_news_false_alarm,1,2,1,0,0,11.642759983333333,2.2489972214053027,0
1625,correlated_satellite_news_false_alarm,1,1,1,0,0,1.3341579333333333,0.4375971111058204,0
1626,nominal_satellite_false_heat_source,2,0,0,2,0,2.6237246166666663,0.31340131132126176,0
1627,high_confidence_satellite_false_positive,1,0,0,0,1,0.0,0.0,0
1628,multiple_news_same_false_alarm,0,2,0,0,0,8.490613333333334,0.30359019446405366,0
1629,nominal_satellite_with_news,2,2,0,2,0,26.9811854,2.5573133625900772,1
1630,high_confidence_satellite_with_news,2,1,0,0,2,8.406258833333334,1.8545070167601623,1
1631,high_confidence_satellite_false_positive,1,0,0,0,1,0.0,0.0,0
1632,news_rumor_no_fire,0,1,0,0,0,0.0,0.0,0
1633,nominal_satellite_with_news,2,1,0,2,0,18.9922297,2.2776186773621547,1
1634,satellite_only_before_news,2,0,0,1,1,0.63972395,0.8473207302916818,1
1635,multi_satellite_plus_multi_news,3,3,0,2,1,33.27517941666667,1.7777899747742154,1
1636,high_confidence_satellite_with_news,3,2,0,0,3,23.40498615,2.3245676960782666,1
1637,nominal_satellite_with_news,1,1,0,1,0,2.6243253166666665,0.40946674927369436,1
1638,news_rumor_no_fire,0,1,0,0,0,0.0,0.0,0
1639,nominal_satellite_false_heat_source,1,0,0,1,0,0.0,0.0,0
1640,multi_satellite_plus_multi_news,3,3,0,1,2,40.333533683333336,3.5648836200470146,1
1641,satellite_only_before_news,2,0,0,1,1,10.942988566666665,1.4710824683333805,1
1642,news_rumor_no_fire,0,1,0,0,0,0.0,0.0,0
1643,news_only_before_satellite,0,1,0,0,0,0.0,0.0,1
1644,multi_satellite_plus_multi_news,2,3,0,2,0,34.23656691666667,3.2590309276192992,1
1645,high_confidence_satellite_with_news,3,2,0,0,3,18.156363333333335,2.9302989030060442,1
1646,multiple_news_same_false_alarm,0,4,0,0,0,30.9657117,0.9084648218409412,0
1647,low_confidence_satellite_noise,2,0,2,0,0,7.917409166666667,1.0770558435086142,0
1648,high_confidence_satellite_with_news,3,2,0,0,3,16.917098183333334,2.584331802594078,1
1649,news_rumor_no_fire,0,1,0,0,0,0.0,0.0,0
1650,correlated_satellite_news_false_alarm,1,1,0,1,0,23.972629700000002,0.9158643309504637,0
1651,satellite_only_before_news,2,0,0,2,0,4.56786745,1.359361474500383,1
1652,multi_satellite_plus_multi_news,4,2,0,3,1,33.33608108333333,1.9874842421244852,1
1653,correlated_satellite_news_false_alarm,2,1,2,0,0,4.5549675,2.0681106583553315,0
1654,news_only_before_satellite,0,1,0,0,0,0.0,0.0,1
1655,nominal_satellite_with_news,1,2,0,1,0,15.774321033333333,1.548583812249071,1
1656,high_confidence_satellite_with_news,2,1,0,0,2,11.832570283333332,1.6052527678659865,1
1657,nominal_satellite_with_news,1,1,0,1,0,1.1578776166666667,2.0930531485670594,1
1658,high_confidence_satellite_false_positive,1,0,0,0,1,0.0,0.0,0
1659,satellite_only_before_news,2,0,0,2,0,0.89505005,1.1383152103821588,1
1660,correlated_satellite_news_false_alarm,1,2,0,1,0,2.87246765,1.8491208921101217,0
1661,high_confidence_satellite_with_news,1,2,0,0,1,20.172737283333333,1.4437998859102918,1
1662,satellite_only_before_news,2,0,0,1,1,7.63200085,0.9077404556171706,1
1663,low_confidence_satellite_noise,2,0,2,0,0,15.930163166666667,2.2029515416930616,0
1664,correlated_satellite_news_false_alarm,2,2,2,0,0,9.764617816666666,1.8789297872231687,0
1665,news_only_before_satellite,0,1,0,0,0,0.0,0.0,1
1666,satellite_only_before_news,2,0,0,0,2,9.629687683333334,1.6394049751197768,1
1667,multi_satellite_plus_multi_news,4,3,0,1,3,37.92858893333334,3.230921959244659,1
1668,low_confidence_satellite_noise,3,0,3,0,0,14.792277833333333,1.088244115524269,0
1669,news_only_before_satellite,0,1,0,0,0,0.0,0.0,1
1670,nominal_satellite_false_heat_source,1,0,0,1,0,0.0,0.0,0
1671,news_only_before_satellite,0,1,0,0,0,0.0,0.0,1
1672,multi_satellite_real_fire,2,0,0,1,1,11.940824366666668,0.578434382465927,1
1673,multi_satellite_plus_multi_news,3,2,0,2,1,22.059613683333335,2.3636000244809834,1
1674,news_rumor_no_fire,0,1,0,0,0,0.0,0.0,0
1675,news_rumor_no_fire,0,1,0,0,0,0.0,0.0,0
1676,high_confidence_satellite_false_positive,1,0,0,0,1,0.0,0.0,0
1677,multi_satellite_real_fire,3,0,0,3,0,20.302920500000003,2.7018418494521677,1
1678,low_confidence_satellite_noise,1,0,1,0,0,0.0,0.0,0
1679,multi_satellite_real_fire,2,0,0,1,1,31.777047633333332,1.3432486089262654,1
1680,multi_satellite_real_fire,4,0,0,3,1,24.903207966666667,3.5873662458789988,1
1681,high_confidence_satellite_with_news,3,1,0,0,3,21.84507335,2.5860974026000982,1
1682,satellite_only_before_news,2,0,0,0,2,3.753094566666667,1.0207318210881915,1
1683,multi_satellite_plus_multi_news,3,2,0,2,1,29.839499983333333,2.6368167407751377,1
1684,high_confidence_satellite_false_positive,1,0,0,0,1,0.0,0.0,0
1685,nominal_satellite_false_heat_source,1,0,0,1,0,0.0,0.0,0
1686,nominal_satellite_with_news,2,1,0,2,0,24.452227766666667,0.5492190788373433,1
1687,nominal_satellite_with_news,1,2,0,1,0,30.97419873333333,2.8960068775463403,1
1688,nominal_satellite_with_news,1,1,0,1,0,7.560037833333333,1.3109767918053856,1
1689,nominal_satellite_false_heat_source,2,0,0,2,0,8.166473566666665,1.3224377209290117,0
1690,correlated_satellite_news_false_alarm,1,2,1,0,0,6.989427633333333,1.402825814876934,0
1691,multiple_news_same_false_alarm,0,4,0,0,0,30.0289021,1.22678463756562,0
1692,nominal_satellite_with_news,2,1,0,2,0,27.42715391666667,2.1457631567867854,1
1693,satellite_only_before_news,2,0,0,2,0,4.890800716666666,0.2349768715972827,1
1694,news_rumor_no_fire,0,1,0,0,0,0.0,0.0,0
1695,high_confidence_satellite_false_positive,1,0,0,0,1,0.0,0.0,0
1696,correlated_satellite_news_false_alarm,2,2,1,1,0,14.288982783333333,2.0820399736434507,0
1697,high_confidence_satellite_with_news,3,2,0,0,3,22.694506016666665,2.508531049664529,1
1698,persistent_non_wildfire_heat_source,4,0,3,1,0,32.57468471666667,3.4191450987718275,0
1699,satellite_only_before_news,1,0,0,0,1,0.0,0.0,1
1700,multi_satellite_real_fire,3,0,0,2,1,34.029878483333334,1.3818465137876748,1
1701,low_confidence_satellite_noise,3,0,3,0,0,4.7402816,1.269874278163994,0
1702,multi_satellite_real_fire,4,0,0,4,0,16.642320033333334,1.576440995519133,1
1703,satellite_only_before_news,2,0,0,1,1,0.9531797666666667,0.5698875052126718,1
1704,correlated_satellite_news_false_alarm,1,1,0,1,0,1.1228488166666668,2.000412199188145,0
1705,high_confidence_satellite_false_positive,1,0,0,0,1,0.0,0.0,0
1706,nominal_satellite_with_news,2,1,0,2,0,33.399917216666665,1.782743144616255,1
1707,nominal_satellite_with_news,2,1,0,2,0,1.6317856999999998,2.768727616470261,1
1708,news_only_before_satellite,0,2,0,0,0,10.387796483333334,0.2759459887294989,1
1709,news_only_before_satellite,0,1,0,0,0,0.0,0.0,1
1710,nominal_satellite_with_news,2,2,0,2,0,26.9328362,1.17293735940109,1
1711,high_confidence_satellite_false_positive,1,0,0,0,1,0.0,0.0,0
1712,high_confidence_satellite_false_positive,1,0,0,0,1,0.0,0.0,0
1713,news_only_before_satellite,0,2,0,0,0,0.6554960666666666,0.25460886999099286,1
1714,nominal_satellite_with_news,1,2,0,1,0,24.739990383333335,1.1357469706019645,1
1715,multiple_news_same_false_alarm,0,2,0,0,0,28.176331133333335,0.6507111867157753,0
1716,persistent_non_wildfire_heat_source,3,0,2,1,0,37.728588583333334,2.10366733972273,0
1717,satellite_only_before_news,2,0,0,1,1,2.2744481333333337,1.077424215985404,1
1718,multiple_news_same_false_alarm,0,3,0,0,0,27.386039383333333,1.1889497146215429,0
1719,low_confidence_satellite_noise,1,0,1,0,0,0.0,0.0,0
1720,multi_satellite_plus_multi_news,3,2,0,2,1,45.33389141666667,3.9162948443769943,1
1721,multi_satellite_real_fire,4,0,0,3,1,24.066804483333332,2.0422719163639136,1
1722,multi_satellite_plus_multi_news,2,3,0,1,1,34.04831755,2.08239739603058,1
1723,multi_satellite_real_fire,2,0,0,2,0,6.406835583333334,1.8618348291609548,1
1724,satellite_only_before_news,2,0,0,0,2,17.642838416666667,1.574399641694602,1
1725,news_only_before_satellite,0,1,0,0,0,0.0,0.0,1
1726,multi_satellite_real_fire,3,0,0,2,1,18.657224066666668,2.3216650054736108,1
1727,low_confidence_satellite_noise,2,0,2,0,0,5.027584933333333,0.7533385080531608,0
1728,multi_satellite_real_fire,3,0,0,3,0,19.369096483333333,2.4270476923184505,1
1729,satellite_only_before_news,1,0,0,0,1,0.0,0.0,1
1730,correlated_satellite_news_false_alarm,1,1,0,1,0,14.919482883333334,2.142176033250183,0
1731,high_confidence_satellite_false_positive,1,0,0,0,1,0.0,0.0,0
1732,correlated_satellite_news_false_alarm,1,2,0,1,0,16.49493365,1.878395009538102,0
1733,high_confidence_satellite_with_news,2,1,0,0,2,20.571523950000003,3.0992813755190634,1
1734,high_confidence_satellite_false_positive,1,0,0,0,1,0.0,0.0,0
1735,multi_satellite_plus_multi_news,4,3,0,2,2,35.39030615,3.029482775996245,1
1736,multiple_news_same_false_alarm,0,3,0,0,0,13.644386083333334,0.2629879675991733,0
1737,multiple_news_same_false_alarm,0,4,0,0,0,27.681911666666668,1.9268502034774118,0
1738,multiple_news_same_false_alarm,0,3,0,0,0,23.53445686666667,1.0759567956173273,0
1739,multiple_news_same_false_alarm,0,2,0,0,0,31.187699000000002,1.6048854783528819,0
1740,multi_satellite_plus_multi_news,2,2,0,1,1,24.380222866666667,1.798528137756989,1
1741,multi_satellite_real_fire,3,0,0,1,2,20.472287716666663,1.3540039498169683,1
1742,low_confidence_satellite_noise,3,0,3,0,0,23.09322255,2.620380992873382,0
1743,nominal_satellite_false_heat_source,1,0,0,1,0,0.0,0.0,0
1744,low_confidence_satellite_noise,2,0,2,0,0,15.821804633333333,1.6088331747058267,0
1745,satellite_only_before_news,1,0,0,0,1,0.0,0.0,1
1746,news_rumor_no_fire,0,1,0,0,0,0.0,0.0,0
1747,high_confidence_satellite_with_news,3,2,0,0,3,8.7450451,2.690505653811283,1
1748,correlated_satellite_news_false_alarm,1,2,1,0,0,20.00745853333333,3.4795952344742407,0
1749,multi_satellite_plus_multi_news,4,2,0,3,1,39.819582833333335,3.5026209775489647,1
1750,high_confidence_satellite_with_news,1,2,0,0,1,16.043155366666667,2.2177042846776747,1
1751,persistent_non_wildfire_heat_source,3,0,0,3,0,32.49718048333333,2.202624740097134,0
1752,low_confidence_satellite_noise,3,0,3,0,0,11.44789715,1.6390002650463764,0
1753,correlated_satellite_news_false_alarm,2,1,1,1,0,13.830815266666667,2.835599198015018,0
1754,nominal_satellite_with_news,2,2,0,2,0,21.085056483333336,1.365563683795196,1
1755,low_confidence_satellite_noise,2,0,2,0,0,11.1843619,2.840120486304205,0
1756,news_only_before_satellite,0,2,0,0,0,2.9260177166666663,0.6633526075907794,1
1757,high_confidence_satellite_false_positive,1,0,0,0,1,0.0,0.0,0
1758,satellite_only_before_news,2,0,0,0,2,4.4361212666666665,0.17196368265219245,1
1759,nominal_satellite_false_heat_source,2,0,0,2,0,1.0939593833333334,1.506868424781699,0
1760,correlated_satellite_news_false_alarm,1,2,0,1,0,14.6588609,0.9079501600589958,0
1761,satellite_only_before_news,2,0,0,0,2,10.681708783333333,0.5973669956560226,1
1762,nominal_satellite_with_news,2,1,0,2,0,16.967609200000002,0.875362967164371,1
1763,nominal_satellite_with_news,1,2,0,1,0,23.08812826666667,1.7784745928270755,1
1764,nominal_satellite_with_news,1,2,0,1,0,15.655814116666667,1.9640525057689338,1
1765,nominal_satellite_false_heat_source,1,0,0,1,0,0.0,0.0,0
1766,multiple_news_same_false_alarm,0,3,0,0,0,22.705490016666666,1.4485468565477877,0
1767,satellite_only_before_news,1,0,0,1,0,0.0,0.0,1
1768,high_confidence_satellite_with_news,2,2,0,0,2,15.7226264,2.9158688998779794,1
1769,nominal_satellite_with_news,1,1,0,1,0,7.9041488666666675,1.0889577570208282,1
1770,nominal_satellite_false_heat_source,1,0,0,1,0,0.0,0.0,0
1771,multi_satellite_real_fire,4,0,0,3,1,22.25982445,2.9635461790462188,1
1772,news_rumor_no_fire,0,1,0,0,0,0.0,0.0,0
1773,multi_satellite_real_fire,3,0,0,3,0,4.532355683333334,1.7138937907230536,1
1774,low_confidence_satellite_noise,1,0,1,0,0,0.0,0.0,0
1775,news_rumor_no_fire,0,1,0,0,0,0.0,0.0,0
1776,nominal_satellite_false_heat_source,2,0,0,2,0,6.010464983333334,0.445843049686931,0
1777,multi_satellite_plus_multi_news,4,2,0,2,2,25.33699305,2.6663344488581013,1
1778,news_rumor_no_fire,0,1,0,0,0,0.0,0.0,0
1779,news_only_before_satellite,0,2,0,0,0,20.87676895,0.6857521352056514,1
1780,persistent_non_wildfire_heat_source,3,0,1,2,0,13.627042233333333,1.333967543064388,0
1781,correlated_satellite_news_false_alarm,2,2,0,2,0,7.598184833333334,2.138521126875132,0
1782,correlated_satellite_news_false_alarm,1,1,1,0,0,22.324091383333332,0.7117034815754086,0
1783,high_confidence_satellite_false_positive,1,0,0,0,1,0.0,0.0,0
1784,multiple_news_same_false_alarm,0,3,0,0,0,22.104990433333334,0.7649151208730516,0
1785,multiple_news_same_false_alarm,0,2,0,0,0,40.44679575,1.5021994740541198,0
1786,high_confidence_satellite_with_news,3,1,0,0,3,28.41760106666667,2.418515436943027,1
1787,multiple_news_same_false_alarm,0,3,0,0,0,24.55068963333333,1.2825984672864181,0
1788,news_rumor_no_fire,0,1,0,0,0,0.0,0.0,0
1789,nominal_satellite_with_news,2,1,0,2,0,23.063202233333335,2.0766630609359975,1
1790,news_rumor_no_fire,0,1,0,0,0,0.0,0.0,0
1791,nominal_satellite_with_news,2,2,0,2,0,15.449610733333333,2.066420404666315,1
1792,persistent_non_wildfire_heat_source,3,0,1,2,0,32.63220575,2.961978000751849,0
1793,multiple_news_same_false_alarm,0,2,0,0,0,27.26162018333333,0.4827206168698566,0
1794,nominal_satellite_with_news,1,1,0,1,0,29.701089133333333,1.2439378278355058,1
1795,persistent_non_wildfire_heat_source,2,0,2,0,0,18.09800991666667,2.662818038177242,0
1796,high_confidence_satellite_false_positive,1,0,0,0,1,0.0,0.0,0
1797,high_confidence_satellite_false_positive,1,0,0,0,1,0.0,0.0,0
1798,multi_satellite_real_fire,3,0,0,3,0,32.643750116666666,2.3506915770664154,1
1799,high_confidence_satellite_with_news,2,2,0,0,2,21.613764816666666,1.9172937122502642,1
1800,news_only_before_satellite,0,1,0,0,0,0.0,0.0,1
1801,nominal_satellite_with_news,2,2,0,2,0,22.453598,1.15321812511511,1
1802,satellite_only_before_news,1,0,0,1,0,0.0,0.0,1
1803,correlated_satellite_news_false_alarm,2,2,2,0,0,18.542981033333334,3.3813832932618944,0
1804,nominal_satellite_false_heat_source,2,0,0,2,0,0.04055671666666667,0.9221309092988392,0
1805,correlated_satellite_news_false_alarm,1,2,1,0,0,20.143558883333334,2.563898192920001,0
1806,persistent_non_wildfire_heat_source,2,0,1,1,0,12.644074916666666,2.0474493452836366,0
1807,multiple_news_same_false_alarm,0,2,0,0,0,27.343941233333332,0.25752263847150614,0
1808,high_confidence_satellite_false_positive,1,0,0,0,1,0.0,0.0,0
1809,news_rumor_no_fire,0,1,0,0,0,0.0,0.0,0
1810,low_confidence_satellite_noise,3,0,3,0,0,16.643558383333335,2.3453792990930173,0
1811,multi_satellite_real_fire,2,0,0,1,1,4.661227416666667,1.7337625971306978,1
1812,multiple_news_same_false_alarm,0,2,0,0,0,18.480443083333334,0.3825978599642071,0
1813,low_confidence_satellite_noise,2,0,2,0,0,12.22493995,1.136115519747593,0
1814,news_only_before_satellite,0,1,0,0,0,0.0,0.0,1
1815,nominal_satellite_false_heat_source,1,0,0,1,0,0.0,0.0,0
1816,nominal_satellite_false_heat_source,1,0,0,1,0,0.0,0.0,0
1817,multi_satellite_real_fire,4,0,0,4,0,35.4595177,2.375797463702819,1
1818,high_confidence_satellite_false_positive,1,0,0,0,1,0.0,0.0,0
1819,high_confidence_satellite_with_news,2,1,0,0,2,9.128001533333332,3.235821511242815,1
1820,multiple_news_same_false_alarm,0,4,0,0,0,37.83132156666667,1.1094776019434391,0
1821,nominal_satellite_with_news,2,2,0,2,0,34.873896916666666,2.5369080880291475,1
1822,multi_satellite_plus_multi_news,2,2,0,2,0,23.1882065,3.155526459149715,1
1823,satellite_only_before_news,2,0,0,0,2,10.304580499999998,0.7080430536398832,1
1824,low_confidence_satellite_noise,3,0,3,0,0,13.583182883333334,2.270122272375195,0
1825,news_rumor_no_fire,0,1,0,0,0,0.0,0.0,0
1826,persistent_non_wildfire_heat_source,4,0,1,3,0,35.624620433333334,2.3492682312115556,0
1827,news_rumor_no_fire,0,1,0,0,0,0.0,0.0,0
1828,multi_satellite_real_fire,4,0,0,3,1,42.87371025,1.7016324563258984,1
1829,news_rumor_no_fire,0,1,0,0,0,0.0,0.0,0
1830,multi_satellite_real_fire,4,0,0,3,1,38.518296183333334,1.1288159970840577,1
1831,satellite_only_before_news,2,0,0,1,1,1.80089405,1.2534114197292145,1
1832,persistent_non_wildfire_heat_source,2,0,2,0,0,7.5683559,1.1202707441166393,0
1833,high_confidence_satellite_with_news,3,2,0,0,3,9.940533499999999,3.209219189017786,1
1834,news_rumor_no_fire,0,1,0,0,0,0.0,0.0,0
1835,news_only_before_satellite,0,1,0,0,0,0.0,0.0,1
1836,persistent_non_wildfire_heat_source,4,0,0,4,0,22.932661016666668,2.392668064777861,0
1837,correlated_satellite_news_false_alarm,2,2,1,1,0,14.947981733333334,3.458834002766346,0
1838,high_confidence_satellite_with_news,2,1,0,0,2,7.1935514000000005,1.1903982010301002,1
1839,high_confidence_satellite_false_positive,1,0,0,0,1,0.0,0.0,0
1840,satellite_only_before_news,2,0,0,1,1,2.0649853833333336,0.5976117769071948,1
1841,multi_satellite_real_fire,2,0,0,2,0,5.0685363500000005,0.7029934471114754,1
1842,high_confidence_satellite_false_positive,1,0,0,0,1,0.0,0.0,0
1843,correlated_satellite_news_false_alarm,1,1,0,1,0,4.886990216666666,1.478786909535282,0
1844,multi_satellite_plus_multi_news,2,2,0,1,1,14.882663183333333,3.193855332142225,1
1845,multiple_news_same_false_alarm,0,2,0,0,0,20.24087001666667,0.48690274709411013,0
1846,correlated_satellite_news_false_alarm,2,2,2,0,0,6.174473000000001,2.9666898993972595,0
1847,satellite_only_before_news,1,0,0,0,1,0.0,0.0,1
1848,multiple_news_same_false_alarm,0,3,0,0,0,25.310458783333335,0.8194665014216516,0
1849,nominal_satellite_false_heat_source,1,0,0,1,0,0.0,0.0,0
1850,news_rumor_no_fire,0,1,0,0,0,0.0,0.0,0
1851,nominal_satellite_with_news,2,2,0,2,0,26.44923535,1.6265035090209008,1
1852,low_confidence_satellite_noise,1,0,1,0,0,0.0,0.0,0
1853,multi_satellite_plus_multi_news,2,3,0,1,1,22.716613549999998,2.2976554540846,1
1854,satellite_only_before_news,2,0,0,0,2,7.851296266666666,0.4784528405128634,1
1855,satellite_only_before_news,1,0,0,0,1,0.0,0.0,1
1856,low_confidence_satellite_noise,3,0,3,0,0,35.876405500000004,3.7065339895099907,0
1857,correlated_satellite_news_false_alarm,2,2,2,0,0,25.4422027,3.3679895950818217,0
1858,news_only_before_satellite,0,1,0,0,0,0.0,0.0,1
1859,multiple_news_same_false_alarm,0,3,0,0,0,24.472335983333334,1.358362266285898,0
1860,nominal_satellite_false_heat_source,2,0,0,2,0,9.075334366666668,1.0302346073115622,0
1861,multi_satellite_real_fire,3,0,0,2,1,7.86389695,1.9670217309184992,1
1862,satellite_only_before_news,1,0,0,1,0,0.0,0.0,1
1863,persistent_non_wildfire_heat_source,2,0,1,1,0,13.699851516666666,3.581165956818444,0
1864,nominal_satellite_false_heat_source,2,0,0,2,0,0.059875833333333336,0.4777211122638401,0
1865,news_rumor_no_fire,0,1,0,0,0,0.0,0.0,0
1866,multi_satellite_plus_multi_news,4,2,0,2,2,19.877195533333335,2.372979441914062,1
1867,nominal_satellite_with_news,1,1,0,1,0,1.94630725,2.272302335892817,1
1868,multi_satellite_plus_multi_news,3,2,0,2,1,38.192956366666664,2.535180407058924,1
1869,satellite_only_before_news,2,0,0,1,1,12.642311516666666,1.1324749192392205,1
1870,news_only_before_satellite,0,1,0,0,0,0.0,0.0,1
1871,persistent_non_wildfire_heat_source,4,0,2,2,0,19.804670766666668,2.120966299473357,0
1872,low_confidence_satellite_noise,3,0,3,0,0,11.97512605,2.108990015887416,0
1873,multiple_news_same_false_alarm,0,3,0,0,0,31.570087816666668,1.2051407888854915,0
1874,news_only_before_satellite,0,1,0,0,0,0.0,0.0,1
1875,news_only_before_satellite,0,2,0,0,0,14.623979100000001,0.4850532770582169,1
1876,correlated_satellite_news_false_alarm,1,2,0,1,0,15.838229016666666,2.2271176969554136,0
1877,multiple_news_same_false_alarm,0,4,0,0,0,30.8331982,0.873281268608662,0
1878,nominal_satellite_false_heat_source,1,0,0,1,0,0.0,0.0,0
1879,multi_satellite_real_fire,3,0,0,2,1,31.527110883333332,0.6796280023596464,1
1880,nominal_satellite_false_heat_source,1,0,0,1,0,0.0,0.0,0
1881,news_only_before_satellite,0,1,0,0,0,0.0,0.0,1
1882,news_rumor_no_fire,0,1,0,0,0,0.0,0.0,0
1883,high_confidence_satellite_false_positive,1,0,0,0,1,0.0,0.0,0
1884,persistent_non_wildfire_heat_source,4,0,2,2,0,14.814660616666666,1.566387143660676,0
1885,nominal_satellite_with_news,1,1,0,1,0,3.7699723666666665,1.6607199795608056,1
1886,high_confidence_satellite_with_news,1,2,0,0,1,7.863472416666666,2.0711408255951533,1
1887,nominal_satellite_with_news,2,2,0,2,0,37.82960135,3.5233351284663397,1
1888,multi_satellite_real_fire,3,0,0,1,2,26.806830950000002,2.0569921492818737,1
1889,persistent_non_wildfire_heat_source,2,0,1,1,0,30.687339666666666,1.811422061445338,0
1890,high_confidence_satellite_false_positive,1,0,0,0,1,0.0,0.0,0
1891,high_confidence_satellite_false_positive,1,0,0,0,1,0.0,0.0,0
1892,nominal_satellite_with_news,2,2,0,2,0,31.5777672,2.875326122132684,1
1893,news_rumor_no_fire,0,1,0,0,0,0.0,0.0,0
1894,multiple_news_same_false_alarm,0,4,0,0,0,15.10984205,1.2520092256505218,0
1895,high_confidence_satellite_with_news,1,2,0,0,1,7.283587733333333,2.940478411507555,1
1896,nominal_satellite_false_heat_source,1,0,0,1,0,0.0,0.0,0
1897,low_confidence_satellite_noise,1,0,1,0,0,0.0,0.0,0
1898,nominal_satellite_false_heat_source,2,0,0,2,0,9.045997316666668,0.9431516586241446,0
1899,news_only_before_satellite,0,1,0,0,0,0.0,0.0,1
1900,multiple_news_same_false_alarm,0,3,0,0,0,37.13355098333333,0.8426807585932612,0
1901,satellite_only_before_news,2,0,0,0,2,1.8881281333333333,0.7766086497940266,1
1902,high_confidence_satellite_with_news,2,2,0,0,2,17.957009033333335,2.490986997913646,1
1903,news_only_before_satellite,0,2,0,0,0,19.32491901666667,0.09861465124048885,1
1904,satellite_only_before_news,1,0,0,0,1,0.0,0.0,1
1905,multi_satellite_real_fire,3,0,0,2,1,36.26102418333333,3.0108559918582167,1
1906,correlated_satellite_news_false_alarm,1,1,1,0,0,13.222801299999999,2.9569122935399452,0
1907,news_rumor_no_fire,0,1,0,0,0,0.0,0.0,0
1908,high_confidence_satellite_with_news,1,1,0,0,1,2.6402649666666664,1.3168559350366862,1
1909,news_rumor_no_fire,0,1,0,0,0,0.0,0.0,0
1910,low_confidence_satellite_noise,1,0,1,0,0,0.0,0.0,0
1911,news_only_before_satellite,0,1,0,0,0,0.0,0.0,1
1912,nominal_satellite_false_heat_source,1,0,0,1,0,0.0,0.0,0
1913,high_confidence_satellite_false_positive,1,0,0,0,1,0.0,0.0,0
1914,persistent_non_wildfire_heat_source,3,0,0,3,0,24.113554,2.924119176783273,0
1915,multi_satellite_real_fire,3,0,0,2,1,27.559438433333334,2.4658390428872847,1
1916,multi_satellite_plus_multi_news,3,2,0,3,0,24.604501816666666,3.3647333120971092,1
1917,multiple_news_same_false_alarm,0,4,0,0,0,17.62186195,0.7873571728528153,0
1918,nominal_satellite_with_news,1,1,0,1,0,10.441012683333334,1.7243276261097178,1
1919,high_confidence_satellite_false_positive,1,0,0,0,1,0.0,0.0,0
1920,high_confidence_satellite_with_news,3,1,0,0,3,24.348269733333332,2.7141627423279693,1
1921,satellite_only_before_news,2,0,0,1,1,9.449433950000001,2.0651399223103137,1
1922,low_confidence_satellite_noise,3,0,3,0,0,11.989468616666667,2.1099337647559784,0
1923,multi_satellite_plus_multi_news,3,3,0,2,1,34.743448283333336,2.7035548789816697,1
1924,low_confidence_satellite_noise,1,0,1,0,0,0.0,0.0,0
1925,news_only_before_satellite,0,1,0,0,0,0.0,0.0,1
1926,low_confidence_satellite_noise,3,0,3,0,0,6.899825766666667,2.587288671129231,0
1927,correlated_satellite_news_false_alarm,2,1,2,0,0,16.00582603333333,2.7888743982633923,0
1928,high_confidence_satellite_false_positive,1,0,0,0,1,0.0,0.0,0
1929,multiple_news_same_false_alarm,0,3,0,0,0,28.697805733333333,1.0298912792051294,0
1930,multiple_news_same_false_alarm,0,3,0,0,0,9.66562955,0.5959522077197977,0
1931,multi_satellite_real_fire,4,0,0,3,1,35.1418451,2.728141823534346,1
1932,nominal_satellite_false_heat_source,2,0,0,2,0,1.84658675,1.5505676754208932,0
1933,high_confidence_satellite_with_news,3,1,0,0,3,16.098787716666667,3.6600837019701866,1
1934,multi_satellite_real_fire,3,0,0,2,1,14.5720018,2.143659714022835,1
1935,nominal_satellite_false_heat_source,2,0,0,2,0,4.1914778833333335,0.6254897033616343,0
1936,high_confidence_satellite_with_news,3,2,0,0,3,23.8865129,2.4482958732015057,1
1937,high_confidence_satellite_false_positive,1,0,0,0,1,0.0,0.0,0
1938,multi_satellite_plus_multi_news,4,2,0,1,3,25.663208116666667,3.4363582498460055,1
1939,low_confidence_satellite_noise,2,0,2,0,0,11.040895533333332,2.623225254197206,0
1940,multi_satellite_real_fire,2,0,0,0,2,2.750121366666667,1.5444775210242871,1
1941,low_confidence_satellite_noise,1,0,1,0,0,0.0,0.0,0
1942,nominal_satellite_with_news,1,2,0,1,0,35.24974426666667,3.0011873632042745,1
1943,persistent_non_wildfire_heat_source,4,0,0,4,0,11.814623783333333,3.0174107825953684,0
1944,multi_satellite_real_fire,2,0,0,2,0,36.320074416666664,0.8614450101171701,1
1945,low_confidence_satellite_noise,3,0,3,0,0,17.750143849999997,1.7259277220460876,0
1946,high_confidence_satellite_with_news,2,2,0,0,2,12.3425687,2.0570732366488236,1
1947,multi_satellite_real_fire,4,0,0,2,2,32.08218525,3.0038232307521766,1
1948,news_only_before_satellite,0,2,0,0,0,8.773538716666668,0.34007995199610963,1
1949,high_confidence_satellite_with_news,2,1,0,0,2,4.509688183333334,2.410746321488339,1
1950,high_confidence_satellite_false_positive,1,0,0,0,1,0.0,0.0,0
1951,nominal_satellite_with_news,1,2,0,1,0,23.29455155,1.1391361309843595,1
1952,correlated_satellite_news_false_alarm,1,1,1,0,0,15.292324916666667,0.812167495932753,0
1953,news_only_before_satellite,0,2,0,0,0,22.555272233333334,1.3780497480235254,1
1954,high_confidence_satellite_with_news,2,2,0,0,2,27.13783576666667,2.74211781282429,1
1955,news_rumor_no_fire,0,1,0,0,0,0.0,0.0,0
1956,news_only_before_satellite,0,1,0,0,0,0.0,0.0,1
1957,nominal_satellite_with_news,2,1,0,2,0,29.634791066666665,2.5896748967120025,1
1958,correlated_satellite_news_false_alarm,2,1,1,1,0,20.346414233333334,2.426002616937831,0
1959,high_confidence_satellite_with_news,2,1,0,0,2,13.761094316666666,0.7691294276789814,1
1960,nominal_satellite_false_heat_source,1,0,0,1,0,0.0,0.0,0
1961,persistent_non_wildfire_heat_source,3,0,1,2,0,28.501523733333332,3.0883412842124964,0
1962,news_only_before_satellite,0,2,0,0,0,22.439066616666665,0.9999014809306277,1
1963,high_confidence_satellite_false_positive,1,0,0,0,1,0.0,0.0,0
1964,multiple_news_same_false_alarm,0,2,0,0,0,16.9905515,0.49745498674280486,0
1965,nominal_satellite_with_news,1,1,0,1,0,19.4536108,1.2996741787697923,1
1966,news_rumor_no_fire,0,1,0,0,0,0.0,0.0,0
1967,high_confidence_satellite_with_news,1,2,0,0,1,10.210089100000001,0.7015328197394061,1
1968,high_confidence_satellite_with_news,1,2,0,0,1,19.021258699999997,2.040177226487563,1
1969,high_confidence_satellite_with_news,3,1,0,0,3,16.37446535,2.5579914263332704,1
1970,persistent_non_wildfire_heat_source,2,0,0,2,0,5.729746266666667,1.1859431835703862,0
1971,correlated_satellite_news_false_alarm,1,1,1,0,0,9.387971,0.2805981393945011,0
1972,multiple_news_same_false_alarm,0,4,0,0,0,34.12106798333333,1.1324962572201855,0
1973,persistent_non_wildfire_heat_source,4,0,3,1,0,29.3240156,1.9690051788362466,0
1974,multi_satellite_real_fire,2,0,0,1,1,16.213849783333334,1.1657369665492487,1
1975,multiple_news_same_false_alarm,0,4,0,0,0,30.39762538333333,1.4066817120887307,0
1976,satellite_only_before_news,1,0,0,1,0,0.0,0.0,1
1977,correlated_satellite_news_false_alarm,2,2,0,2,0,6.518180233333334,2.575668350008148,0
1978,low_confidence_satellite_noise,1,0,1,0,0,0.0,0.0,0
1979,satellite_only_before_news,1,0,0,0,1,0.0,0.0,1
1980,news_only_before_satellite,0,1,0,0,0,0.0,0.0,1
1981,news_only_before_satellite,0,2,0,0,0,15.765014533333334,0.3043054796079318,1
1982,nominal_satellite_with_news,2,2,0,2,0,26.271343566666665,2.9556006384992815,1
1983,high_confidence_satellite_with_news,2,1,0,0,2,7.805092516666666,1.5440996647574028,1
1984,multi_satellite_real_fire,3,0,0,2,1,13.543327,1.965023250521389,1
1985,multiple_news_same_false_alarm,0,2,0,0,0,9.60006035,0.5458931504795742,0
1986,high_confidence_satellite_with_news,3,1,0,0,3,13.455228433333334,2.4936091670157725,1
1987,nominal_satellite_false_heat_source,1,0,0,1,0,0.0,0.0,0
1988,low_confidence_satellite_noise,3,0,3,0,0,9.830279316666667,1.7306935349712305,0
1989,persistent_non_wildfire_heat_source,3,0,0,3,0,11.60642275,2.2524764473340437,0
1990,correlated_satellite_news_false_alarm,2,2,0,2,0,7.05022615,1.4390259776751595,0
1991,satellite_only_before_news,1,0,0,1,0,0.0,0.0,1
1992,nominal_satellite_false_heat_source,1,0,0,1,0,0.0,0.0,0
1993,multi_satellite_real_fire,2,0,0,2,0,0.7480341500000001,1.6371323413731567,1
1994,multi_satellite_plus_multi_news,3,2,0,2,1,26.221875483333335,2.2547828169709625,1
1995,satellite_only_before_news,2,0,0,1,1,15.940399816666666,0.8021246161118153,1
1996,satellite_only_before_news,1,0,0,1,0,0.0,0.0,1
1997,low_confidence_satellite_noise,3,0,3,0,0,4.311204383333333,0.5598590502232175,0
1998,multi_satellite_plus_multi_news,4,2,0,2,2,43.714472900000004,2.664367876908753,1
1999,multi_satellite_plus_multi_news,2,2,0,2,0,27.786743516666668,0.4424650568829102,1
2000,multiple_news_same_false_alarm,0,4,0,0,0,28.870202366666668,1.3359385674595292,0
