sample_id,scenario_family,scenario_archetype,satellite_low_count,satellite_nominal_count,satellite_high_count,satellite_frp_available_ratio,satellite_frp_mean,satellite_frp_max,satellite_brightness_available_ratio,satellite_brightness_mean,satellite_brightness_max,news_none_count,news_weak_count,news_moderate_count,news_strong_count,news_unknown_count,time_span_minutes,max_pairwise_distance_km,label
1,satellite_only_before_news,satellite_only,0,1,0,0.0,0.0,0.0,1.0,306.12,306.12,0,0,0,0,0,0.0,0.0,1
2,satellite_only_before_news,satellite_only,0,1,1,1.0,78.97,98.43,0.0,0.0,0.0,0,0,0,0,0,16.612867016666666,1.3441633758413238,1
3,persistent_non_wildfire_heat_source,multi_satellite,3,1,0,0.75,39.626666666666665,59.36,0.5,325.295,327.43,0,0,0,0,0,33.28057673333333,3.4994002442906513,0
4,high_low_satellite_false_alarm,mixed_confidence,2,0,1,1.0,70.11999999999999,97.1,1.0,343.8533333333333,382.79,0,0,0,0,0,16.78518385,2.60969618129832,0
5,nominal_satellite_false_heat_source,satellite_only,0,1,0,0.0,0.0,0.0,1.0,331.28,331.28,0,0,0,0,0,0.0,0.0,0
6,correlated_satellite_news_false_alarm,satellite_news,0,1,0,0.0,0.0,0.0,0.0,0.0,0.0,0,0,1,0,0,28.51379155,1.6463289234918004,0
7,low_confidence_satellite_noise,satellite_only,2,0,0,0.0,0.0,0.0,1.0,300.745,305.82,0,0,0,0,0,1.6520416500000001,2.1315522609677613,0
8,nominal_satellite_false_heat_source,satellite_only,0,2,0,0.5,57.43,57.43,1.0,321.315,339.74,0,0,0,0,0,12.620917983333333,0.9540708257343634,0
9,mixed_satellite_with_false_news,mixed_confidence,1,1,1,1.0,28.656666666666666,40.22,0.6666666666666666,317.03,326.47,0,1,0,0,0,18.595132383333333,2.1159316293573704,0
10,high_low_satellite_false_alarm,mixed_confidence,0,0,2,1.0,116.685,118.45,0.5,359.88,359.88,0,0,0,0,0,20.95716895,1.0919482129700215,0
11,persistent_non_wildfire_heat_source,multi_satellite,1,1,0,1.0,39.0,44.21,0.5,338.03,338.03,0,0,0,0,0,15.048200916666667,1.004660971367254,0
12,mixed_satellite_with_false_news,mixed_confidence,1,2,0,0.6666666666666666,70.33,90.54,0.3333333333333333,302.25,302.25,0,0,2,0,0,10.446720516666666,2.869375954344704,0
13,persistent_non_wildfire_heat_source,multi_satellite,3,1,0,0.5,52.705000000000005,82.04,0.75,324.8433333333333,339.04,0,0,0,0,0,41.22043396666666,1.6269608140101328,0
14,multiple_news_same_false_alarm,news_only,0,0,0,0.0,0.0,0.0,0.0,0.0,0.0,1,1,0,0,0,21.912466066666664,1.2970060462045625,0
15,nominal_low_satellite_with_news_real_fire,mixed_confidence,2,1,0,0.3333333333333333,28.24,28.24,1.0,329.45666666666665,350.78,0,1,1,0,0,27.19438093333333,1.9809180162920295,1
16,nominal_low_satellite_with_news_real_fire,mixed_confidence,1,1,0,0.5,31.92,31.92,1.0,321.46500000000003,332.88,0,0,1,0,0,3.678032,1.779768849409146,1
17,high_low_satellite_with_news_real_fire,mixed_confidence,0,0,3,1.0,63.17666666666667,84.13,0.3333333333333333,301.8,301.8,0,0,1,1,0,29.68746205,2.5107180052352316,1
18,mixed_confidence_non_fire_heat_source,mixed_confidence,1,3,0,1.0,70.4225,96.15,0.25,374.8,374.8,0,0,0,0,0,21.019148050000002,2.0090078469196078,0
19,multiple_news_same_false_alarm,news_only,0,0,0,0.0,0.0,0.0,0.0,0.0,0.0,2,1,0,0,0,15.907465966666667,1.6110416114474007,0
20,mixed_confidence_non_fire_heat_source,mixed_confidence,0,1,1,1.0,101.555,104.43,0.5,341.85,341.85,0,0,0,0,0,5.0895291333333335,0.6040166548710582,0
21,satellite_only_before_news,satellite_only,0,2,0,0.5,53.88,53.88,1.0,335.11,361.96,0,0,0,0,0,14.500573683333332,1.499994205714079,1
22,high_confidence_satellite_with_news,satellite_news,0,0,1,1.0,78.41,78.41,1.0,344.5,344.5,0,0,1,0,0,8.55180185,1.0478360518997694,1
23,multi_satellite_plus_multi_news,satellite_news,0,1,1,1.0,90.15,95.55,0.5,374.15,374.15,0,0,2,0,0,21.9011661,4.163755065931142,1
24,news_rumor_no_fire,news_only,0,0,0,0.0,0.0,0.0,0.0,0.0,0.0,1,0,0,0,0,0.0,0.0,0
25,persistent_non_wildfire_heat_source,multi_satellite,1,1,0,1.0,29.25,40.42,1.0,330.65999999999997,335.48,0,0,0,0,0,30.52847866666667,1.133050289609915,0
26,multi_satellite_real_fire,multi_satellite,0,3,1,0.75,94.12333333333333,111.04,0.75,352.82666666666665,378.18,0,0,0,0,0,28.55523498333333,0.7926662963935496,1
27,multiple_news_same_false_alarm,news_only,0,0,0,0.0,0.0,0.0,0.0,0.0,0.0,2,1,0,0,0,17.10477536666667,1.022238717280423,0
28,multi_confidence_persistent_real_fire,multi_satellite,1,3,0,0.75,64.14666666666666,105.57,1.0,344.805,375.32,0,0,0,0,0,13.493621266666667,2.1961196977352375,1
29,high_low_satellite_false_alarm,mixed_confidence,2,0,1,0.6666666666666666,89.545,106.29,0.6666666666666666,372.64,375.83,0,0,0,0,0,14.64646115,1.6605510990947814,0
30,nominal_satellite_with_news,satellite_news,0,2,0,0.5,51.55,51.55,1.0,330.4,333.43,0,0,1,1,0,8.6655014,0.8042306519287876,1
31,correlated_satellite_news_false_alarm,satellite_news,0,1,0,1.0,29.3,29.3,0.0,0.0,0.0,0,0,1,0,0,4.2778507,2.225272757578161,0
32,mixed_confidence_satellite_real_fire,mixed_confidence,1,1,1,1.0,42.07333333333333,88.11,1.0,348.67,353.8,0,0,0,0,0,17.164270516666665,0.94777503944865,1
33,multi_satellite_real_fire,multi_satellite,0,2,2,1.0,72.61,89.43,1.0,339.5775,377.64,0,0,0,0,0,25.503987933333335,2.4695117430335434,1
34,correlated_satellite_news_false_alarm,satellite_news,2,0,0,0.5,49.42,49.42,0.0,0.0,0.0,0,0,2,0,0,22.12243511666667,2.0144762449514357,0
35,nominal_low_satellite_with_news_real_fire,mixed_confidence,2,0,0,1.0,85.495,88.07,1.0,339.99,343.57,0,2,0,0,0,10.537667833333334,2.892766350464359,1
36,high_confidence_satellite_false_positive,satellite_only,0,0,1,0.0,0.0,0.0,1.0,389.37,389.37,0,0,0,0,0,0.0,0.0,0
37,low_confidence_satellite_noise,satellite_only,3,0,0,0.6666666666666666,36.16,38.49,0.6666666666666666,305.9,321.45,0,0,0,0,0,7.398871216666667,1.1493769002979637,0
38,correlated_satellite_news_false_alarm,satellite_news,1,0,0,1.0,40.12,40.12,0.0,0.0,0.0,0,0,1,0,0,16.22923165,3.184049311435153,0
39,mixed_confidence_non_fire_heat_source,mixed_confidence,2,0,1,0.6666666666666666,49.035,72.69,0.6666666666666666,343.415,365.29,0,0,0,0,0,8.126130716666667,1.89885509722725,0
40,nominal_satellite_false_heat_source,satellite_only,0,1,0,1.0,10.84,10.84,1.0,319.07,319.07,0,0,0,0,0,0.0,0.0,0
41,multi_confidence_persistent_real_fire,multi_satellite,1,1,1,0.6666666666666666,80.46000000000001,116.36,1.0,351.76,367.79,0,1,0,0,0,36.53456951666667,1.6195804714790283,1
42,nominal_satellite_with_news,satellite_news,0,1,0,1.0,56.99,56.99,1.0,309.66,309.66,0,1,0,1,0,26.861961633333333,1.4562705449036368,1
43,mixed_confidence_non_fire_heat_source,mixed_confidence,1,2,0,0.3333333333333333,75.94,75.94,0.6666666666666666,305.095,307.19,0,0,0,0,0,19.226189533333336,1.0868904734495732,0
44,satellite_only_before_news,satellite_only,0,1,1,1.0,32.585,37.49,1.0,325.09000000000003,342.0,0,0,0,0,0,7.5751936833333335,1.926154951746677,1
45,nominal_satellite_with_news,satellite_news,0,2,0,1.0,36.15,47.64,1.0,352.185,353.49,0,0,0,1,0,16.383522566666667,2.4747776092434113,1
46,high_confidence_satellite_false_positive,satellite_only,0,0,1,0.0,0.0,0.0,1.0,326.06,326.06,0,0,0,0,0,0.0,0.0,0
47,news_rumor_no_fire,news_only,0,0,0,0.0,0.0,0.0,0.0,0.0,0.0,1,0,0,0,0,0.0,0.0,0
48,high_low_satellite_false_alarm,mixed_confidence,1,0,1,1.0,35.1,54.51,1.0,340.64,343.89,1,0,0,0,0,11.17581115,1.8097365789318867,0
49,multi_satellite_real_fire,multi_satellite,0,1,3,1.0,58.7825,80.65,0.75,337.0933333333333,371.26,0,0,0,0,0,39.56861426666667,3.0927941916556794,1
50,news_rumor_no_fire,news_only,0,0,0,0.0,0.0,0.0,0.0,0.0,0.0,0,0,1,0,0,0.0,0.0,0
51,mixed_satellite_with_false_news,mixed_confidence,0,1,0,1.0,64.5,64.5,0.0,0.0,0.0,0,0,1,0,0,13.0687589,1.8700746614346435,0
52,high_low_satellite_false_alarm,mixed_confidence,1,0,1,0.5,41.72,41.72,1.0,372.235,377.36,0,1,0,0,0,20.938672766666667,1.0484409420502903,0
53,satellite_only_before_news,satellite_only,0,0,1,1.0,23.93,23.93,1.0,314.02,314.02,0,0,0,0,0,0.0,0.0,1
54,high_low_satellite_false_alarm,mixed_confidence,1,0,2,0.6666666666666666,63.84,65.79,1.0,321.1,349.1,0,0,0,0,0,10.331977166666666,2.0116965762327133,0
55,nominal_satellite_with_news,satellite_news,0,1,0,1.0,41.04,41.04,1.0,317.19,317.19,0,1,0,0,0,6.583183633333333,2.1831661718036393,1
56,mixed_confidence_non_fire_heat_source,mixed_confidence,2,0,2,0.5,95.00999999999999,106.33,0.0,0.0,0.0,0,0,0,0,0,24.88432591666667,0.7055720047500078,0
57,mixed_satellite_with_false_news,mixed_confidence,0,0,1,0.0,0.0,0.0,1.0,355.22,355.22,0,1,1,0,0,15.262347400000001,2.376460051020944,0
58,satellite_only_before_news,satellite_only,0,2,0,0.5,30.69,30.69,1.0,358.91,366.66,0,0,0,0,0,8.990075983333332,1.052195558728882,1
59,multi_satellite_plus_multi_news,satellite_news,0,2,1,1.0,44.843333333333334,60.83,1.0,373.40000000000003,380.83,0,0,2,0,0,34.87113375,3.6972685687828397,1
60,multi_confidence_persistent_real_fire,multi_satellite,2,3,0,0.6,60.09666666666667,79.34,0.8,331.4375,346.63,0,0,0,0,0,29.323445283333335,1.6598196416215247,1
61,high_confidence_satellite_false_positive,satellite_only,0,0,1,1.0,102.87,102.87,0.0,0.0,0.0,0,0,0,0,0,0.0,0.0,0
62,news_only_before_satellite,news_only,0,0,0,0.0,0.0,0.0,0.0,0.0,0.0,0,1,1,0,0,17.422622566666668,0.31733137315630433,1
63,multi_confidence_persistent_real_fire,multi_satellite,0,2,2,1.0,59.915000000000006,79.29,0.75,351.2866666666667,377.1,0,0,1,0,0,28.654497583333335,2.4597439369459666,1
64,nominal_satellite_false_heat_source,satellite_only,0,2,0,0.5,16.32,16.32,1.0,300.735,302.68,0,0,0,0,0,8.03460625,0.9042662501089161,0
65,low_confidence_satellite_noise,satellite_only,2,0,0,0.5,27.38,27.38,0.5,311.57,311.57,0,0,0,0,0,19.059886966666667,1.2126945031593506,0
66,correlated_satellite_news_false_alarm,satellite_news,2,0,0,1.0,46.185,56.87,0.5,337.81,337.81,0,0,2,0,0,26.148187483333334,2.0927972649597164,0
67,mixed_confidence_satellite_real_fire,mixed_confidence,2,1,1,1.0,39.1225,44.19,0.5,336.955,362.95,0,0,2,0,0,31.555247899999998,3.130452460864673,1
68,persistent_non_wildfire_heat_source,multi_satellite,3,0,0,1.0,76.84666666666666,88.57,0.3333333333333333,339.29,339.29,0,0,0,0,0,6.94907085,1.7641575519977182,0
69,high_low_satellite_with_news_real_fire,mixed_confidence,1,0,1,1.0,42.905,60.52,0.5,387.2,387.2,0,0,0,1,0,32.05233776666667,1.2708429769571516,1
70,low_confidence_satellite_noise,satellite_only,1,0,0,1.0,20.36,20.36,0.0,0.0,0.0,0,0,0,0,0,0.0,0.0,0
71,persistent_non_wildfire_heat_source,multi_satellite,3,0,0,1.0,50.19,75.55,1.0,330.59,351.4,0,0,0,0,0,28.665716616666668,2.716522683793188,0
72,nominal_satellite_false_heat_source,satellite_only,0,2,0,0.5,14.94,14.94,1.0,314.8,332.63,0,0,0,0,0,9.144452633333334,0.737180650337357,0
73,mixed_confidence_non_fire_heat_source,mixed_confidence,1,2,0,0.6666666666666666,96.13,102.84,0.3333333333333333,332.44,332.44,0,0,0,0,0,5.87732095,1.8164571174863215,0
74,high_low_satellite_false_alarm,mixed_confidence,1,0,1,1.0,53.05499999999999,73.6,0.5,365.13,365.13,0,0,0,0,0,2.316760883333333,1.9291977562097025,0
75,mixed_confidence_satellite_real_fire,mixed_confidence,1,3,0,1.0,79.9825,104.33,1.0,358.93500000000006,376.74,1,0,0,0,0,13.954238366666667,3.0344413312104357,1
76,low_confidence_satellite_noise,satellite_only,3,0,0,1.0,16.106666666666666,20.2,0.6666666666666666,303.935,313.05,0,0,0,0,0,27.1598553,1.0570581450012937,0
77,news_rumor_no_fire,news_only,0,0,0,0.0,0.0,0.0,0.0,0.0,0.0,0,0,0,1,0,0.0,0.0,0
78,multi_confidence_persistent_real_fire,multi_satellite,1,0,2,0.6666666666666666,30.13,35.8,1.0,340.87666666666667,366.84,1,1,0,0,0,19.693630366666664,2.6926335503751004,1
79,nominal_satellite_false_heat_source,satellite_only,0,2,0,0.5,59.51,59.51,1.0,300.21000000000004,301.56,0,0,0,0,0,1.5770045166666666,0.5824952820277925,0
80,low_confidence_satellite_noise,satellite_only,2,0,0,0.5,26.81,26.81,0.5,317.8,317.8,0,0,0,0,0,8.725913266666668,1.8456968039647383,0
81,low_confidence_satellite_noise,satellite_only,2,0,0,0.5,5.67,5.67,1.0,303.155,315.98,0,0,0,0,0,6.22225025,0.7369332595226563,0
82,news_rumor_no_fire,news_only,0,0,0,0.0,0.0,0.0,0.0,0.0,0.0,1,0,0,0,0,0.0,0.0,0
83,news_rumor_no_fire,news_only,0,0,0,0.0,0.0,0.0,0.0,0.0,0.0,0,1,0,0,0,0.0,0.0,0
84,high_low_satellite_with_news_real_fire,mixed_confidence,2,0,1,1.0,74.05333333333333,86.97,1.0,340.2,380.14,0,1,0,1,0,29.626524716666665,3.084849287385286,1
85,multiple_news_same_false_alarm,news_only,0,0,0,0.0,0.0,0.0,0.0,0.0,0.0,1,1,0,0,0,1.7847281833333333,1.132785722382935,0
86,high_confidence_satellite_false_positive,satellite_only,0,0,1,0.0,0.0,0.0,0.0,0.0,0.0,0,0,0,0,0,0.0,0.0,0
87,multi_satellite_real_fire,multi_satellite,0,3,0,1.0,74.28666666666666,118.82,1.0,328.78666666666663,348.38,0,0,0,0,0,41.58510973333333,3.646594319913962,1
88,mixed_confidence_non_fire_heat_source,mixed_confidence,1,1,1,0.6666666666666666,52.29,55.16,1.0,331.78333333333336,356.21,0,0,0,0,0,9.255040616666667,1.6513629424944976,0
89,low_confidence_satellite_noise,satellite_only,2,0,0,0.5,27.61,27.61,0.0,0.0,0.0,0,0,0,0,0,13.343403966666667,0.8598102824450726,0
90,high_confidence_satellite_with_news,satellite_news,0,0,1,1.0,44.83,44.83,0.0,0.0,0.0,0,0,1,1,0,3.7427737333333337,2.2136354703405257,1
91,persistent_non_wildfire_heat_source,multi_satellite,2,1,0,0.3333333333333333,34.76,34.76,1.0,315.24,325.92,0,0,0,0,0,33.7941766,2.3021155195775393,0
92,mixed_confidence_satellite_real_fire,mixed_confidence,2,0,2,0.5,59.910000000000004,79.98,0.75,322.7633333333333,342.79,1,0,0,0,0,35.67691858333333,2.9761708096959696,1
93,news_only_before_satellite,news_only,0,0,0,0.0,0.0,0.0,0.0,0.0,0.0,0,2,0,0,0,2.49321365,0.851734295003045,1
94,high_low_satellite_with_news_real_fire,mixed_confidence,1,0,2,1.0,114.37666666666667,129.88,0.6666666666666666,347.83500000000004,365.63,0,1,1,0,0,30.532824466666668,2.340187530704774,1
95,high_low_satellite_false_alarm,mixed_confidence,0,0,3,0.6666666666666666,63.644999999999996,80.86,1.0,350.2833333333333,378.39,0,1,0,0,0,27.73663721666667,1.5242136015152365,0
96,nominal_satellite_false_heat_source,satellite_only,0,2,0,1.0,25.424999999999997,25.72,0.5,302.88,302.88,0,0,0,0,0,5.363244300000001,0.35798107223668146,0
97,correlated_satellite_news_false_alarm,satellite_news,1,1,0,0.5,52.61,52.61,0.5,336.53,336.53,0,0,1,0,0,21.189075916666663,1.3174536824957273,0
98,high_confidence_satellite_with_news,satellite_news,0,0,2,1.0,65.09,67.46,1.0,329.59000000000003,338.88,0,0,0,1,0,19.29538296666667,2.028851911858294,1
99,correlated_satellite_news_false_alarm,satellite_news,1,1,0,0.5,16.63,16.63,0.5,325.57,325.57,0,0,1,0,0,15.25930395,3.1021055755094316,0
100,multi_satellite_plus_multi_news,satellite_news,0,2,2,0.75,110.13999999999999,124.22,0.75,357.89000000000004,379.42,0,0,0,2,0,14.300103366666667,4.107952077280803,1
101,high_low_satellite_false_alarm,mixed_confidence,2,0,0,0.5,60.71,60.71,1.0,336.97,346.28,0,0,0,0,0,7.884592666666666,1.8746430063685784,0
102,nominal_satellite_false_heat_source,satellite_only,0,1,0,1.0,43.01,43.01,0.0,0.0,0.0,0,0,0,0,0,0.0,0.0,0
103,multi_satellite_real_fire,multi_satellite,0,1,1,1.0,75.54,111.51,1.0,335.975,346.62,0,0,0,0,0,0.5871095833333333,2.684506086422745,1
104,multi_confidence_persistent_real_fire,multi_satellite,2,0,2,0.75,89.90333333333332,117.76,0.5,333.95000000000005,335.47,0,0,0,0,0,21.087205083333334,1.6815436198617244,1
105,high_low_satellite_with_news_real_fire,mixed_confidence,1,0,1,1.0,89.82,112.38,1.0,359.485,373.81,0,1,1,0,0,20.37791525,2.2906725679400566,1
106,nominal_satellite_false_heat_source,satellite_only,0,2,0,1.0,41.915,47.08,0.5,298.51,298.51,0,0,0,0,0,4.463563316666667,0.8766179184295497,0
107,high_low_satellite_with_news_real_fire,mixed_confidence,1,0,2,1.0,72.7,85.82,1.0,332.08,370.65,0,0,1,1,0,29.164423016666667,2.5261545239484877,1
108,news_rumor_no_fire,news_only,0,0,0,0.0,0.0,0.0,0.0,0.0,0.0,1,0,0,0,0,0.0,0.0,0
109,high_low_satellite_with_news_real_fire,mixed_confidence,2,0,1,1.0,58.593333333333334,96.14,0.6666666666666666,349.54499999999996,386.03,0,0,1,0,0,20.375138233333335,2.0827814982765185,1
110,multi_confidence_persistent_real_fire,multi_satellite,0,0,4,0.75,55.97,92.1,0.75,314.4433333333333,316.57,0,0,0,0,0,37.929440766666666,0.7845964171423563,1
111,nominal_satellite_with_news,satellite_news,0,1,0,1.0,74.98,74.98,1.0,325.62,325.62,0,1,0,0,0,5.742057966666667,3.1902831409234187,1
112,nominal_satellite_false_heat_source,satellite_only,0,1,0,1.0,20.03,20.03,1.0,324.05,324.05,0,0,0,0,0,0.0,0.0,0
113,nominal_satellite_with_news,satellite_news,0,1,0,1.0,16.22,16.22,1.0,339.17,339.17,0,1,0,1,0,20.068829933333333,1.6526193281620043,1
114,high_low_satellite_with_news_real_fire,mixed_confidence,1,0,1,0.5,113.13,113.13,1.0,382.475,389.24,0,0,0,1,0,26.697369516666665,1.522657647042677,1
115,low_confidence_satellite_noise,satellite_only,2,0,0,1.0,18.71,27.52,0.5,328.6,328.6,0,0,0,0,0,16.174802633333332,1.99349213133596,0
116,high_low_satellite_with_news_real_fire,mixed_confidence,2,0,1,1.0,97.88333333333333,115.07,0.6666666666666666,335.405,366.69,0,1,0,0,0,23.5025738,2.1003751979730243,1
117,nominal_satellite_false_heat_source,satellite_only,0,1,0,1.0,58.79,58.79,1.0,301.18,301.18,0,0,0,0,0,0.0,0.0,0
118,satellite_only_before_news,satellite_only,0,1,0,1.0,93.31,93.31,0.0,0.0,0.0,0,0,0,0,0,0.0,0.0,1
119,nominal_satellite_false_heat_source,satellite_only,0,1,0,1.0,39.69,39.69,0.0,0.0,0.0,0,0,0,0,0,0.0,0.0,0
120,high_low_satellite_with_news_real_fire,mixed_confidence,0,0,3,0.6666666666666666,86.215,87.04,0.6666666666666666,346.345,387.91,0,1,1,0,0,19.879868849999998,2.8348682697624845,1
121,correlated_satellite_news_false_alarm,satellite_news,1,1,0,1.0,45.045,53.56,0.5,303.8,303.8,0,0,1,0,0,10.667649016666667,2.0080298388525293,0
122,satellite_only_before_news,satellite_only,0,0,2,0.0,0.0,0.0,1.0,314.4,329.33,0,0,0,0,0,13.163851716666667,1.2995370525164371,1
123,multi_satellite_real_fire,multi_satellite,0,1,2,1.0,109.00333333333333,112.75,1.0,358.5733333333333,373.1,0,0,0,0,0,20.8012958,3.2150999088156316,1
124,low_confidence_satellite_noise,satellite_only,3,0,0,0.6666666666666666,17.325,21.23,0.6666666666666666,290.57,290.64,0,0,0,0,0,27.080180783333333,2.50757490681339,0
125,persistent_non_wildfire_heat_source,multi_satellite,2,2,0,0.75,43.373333333333335,59.53,1.0,326.32499999999993,340.37,0,0,0,0,0,42.0935931,3.2363754662445117,0
126,high_low_satellite_with_news_real_fire,mixed_confidence,2,0,0,1.0,39.815,57.34,1.0,353.075,362.39,0,0,1,0,0,18.251509716666664,2.1575864043569983,1
127,nominal_satellite_with_news,satellite_news,0,1,0,1.0,48.84,48.84,1.0,317.59,317.59,0,0,1,0,0,0.6370669666666667,2.2387435335276047,1
128,persistent_non_wildfire_heat_source,multi_satellite,0,2,0,1.0,46.400000000000006,55.38,1.0,315.565,316.21,0,0,0,0,0,5.277042083333333,3.200509522945145,0
129,multiple_news_same_false_alarm,news_only,0,0,0,0.0,0.0,0.0,0.0,0.0,0.0,1,0,1,0,0,36.30793575,0.62463911476275,0
130,high_confidence_satellite_false_positive,satellite_only,0,0,1,1.0,137.36,137.36,0.0,0.0,0.0,0,0,0,0,0,0.0,0.0,0
131,mixed_confidence_non_fire_heat_source,mixed_confidence,0,2,0,0.5,85.42,85.42,1.0,343.52,348.35,0,0,0,0,0,19.566965550000003,0.9947493212479511,0
132,mixed_satellite_with_false_news,mixed_confidence,0,1,0,0.0,0.0,0.0,1.0,311.53,311.53,1,1,0,0,0,13.464678016666666,1.6591260966359782,0
133,news_rumor_no_fire,news_only,0,0,0,0.0,0.0,0.0,0.0,0.0,0.0,0,0,0,1,0,0.0,0.0,0
134,high_low_satellite_false_alarm,mixed_confidence,2,0,0,1.0,80.695,99.6,1.0,327.17999999999995,336.03,1,0,0,0,0,9.075891066666665,3.044666740921323,0
135,multi_satellite_real_fire,multi_satellite,0,2,1,1.0,61.02333333333333,111.44,0.6666666666666666,355.145,365.82,0,0,0,0,0,16.07280505,1.8351178154475358,1
136,news_only_before_satellite,news_only,0,0,0,0.0,0.0,0.0,0.0,0.0,0.0,0,2,0,0,0,5.843788833333333,0.42167995091405386,1
137,mixed_satellite_with_false_news,mixed_confidence,1,0,1,1.0,50.42,86.08,0.5,342.72,342.72,1,0,1,0,0,20.532860833333334,3.756053978694825,0
138,nominal_satellite_with_news,satellite_news,0,2,0,1.0,31.78,47.72,1.0,335.04499999999996,347.71,0,0,1,1,0,23.598901450000003,2.1792097230804317,1
139,high_low_satellite_with_news_real_fire,mixed_confidence,1,0,1,0.5,83.73,83.73,1.0,346.35,361.92,0,0,2,0,0,31.61809945,1.9483292230021407,1
140,persistent_non_wildfire_heat_source,multi_satellite,1,3,0,0.5,68.81,70.36,0.75,334.44666666666666,354.81,0,0,0,0,0,26.823492833333333,2.4591511312526406,0
141,high_low_satellite_false_alarm,mixed_confidence,1,0,2,0.0,0.0,0.0,0.6666666666666666,332.49,332.71,0,1,0,0,0,17.756563083333333,2.051298425382076,0
142,satellite_only_before_news,satellite_only,0,0,1,0.0,0.0,0.0,1.0,331.87,331.87,0,0,0,0,0,0.0,0.0,1
143,nominal_satellite_false_heat_source,satellite_only,0,1,0,0.0,0.0,0.0,1.0,310.24,310.24,0,0,0,0,0,0.0,0.0,0
144,mixed_satellite_with_false_news,mixed_confidence,0,1,1,0.5,82.09,82.09,1.0,312.405,321.71,1,1,0,0,0,14.196160233333334,1.8167556345617255,0
145,low_confidence_satellite_noise,satellite_only,1,0,0,1.0,12.07,12.07,1.0,309.61,309.61,0,0,0,0,0,0.0,0.0,0
146,news_only_before_satellite,news_only,0,0,0,0.0,0.0,0.0,0.0,0.0,0.0,0,0,0,0,1,0.0,0.0,1
147,multi_satellite_plus_multi_news,satellite_news,0,0,2,1.0,93.80000000000001,113.98,0.5,335.22,335.22,0,0,0,3,0,31.197509733333334,3.4271643115319574,1
148,mixed_satellite_with_false_news,mixed_confidence,0,0,1,0.0,0.0,0.0,0.0,0.0,0.0,1,1,0,0,0,11.785270050000001,0.9924908785916219,0
149,high_low_satellite_with_news_real_fire,mixed_confidence,2,0,1,0.6666666666666666,68.25,76.62,1.0,354.76,387.25,0,0,0,2,0,33.31547843333333,3.268083910809108,1
150,multi_satellite_plus_multi_news,satellite_news,0,1,2,1.0,86.20666666666666,90.17,1.0,343.25,376.75,0,0,2,0,0,33.80821553333333,3.360618781368436,1
151,multiple_news_same_false_alarm,news_only,0,0,0,0.0,0.0,0.0,0.0,0.0,0.0,1,1,2,0,0,26.441139316666668,0.5465731991003069,0
152,low_confidence_satellite_noise,satellite_only,2,0,0,0.5,36.0,36.0,0.5,302.56,302.56,0,0,0,0,0,9.304579183333335,0.7718777451051445,0
153,high_confidence_satellite_false_positive,satellite_only,0,0,1,1.0,57.61,57.61,1.0,371.35,371.35,0,0,0,0,0,0.0,0.0,0
154,satellite_only_before_news,satellite_only,0,0,1,1.0,72.97,72.97,0.0,0.0,0.0,0,0,0,0,0,0.0,0.0,1
155,nominal_low_satellite_with_news_real_fire,mixed_confidence,1,1,0,1.0,64.515,66.05,1.0,346.595,346.8,0,1,1,0,0,23.443750933333334,1.586275693266281,1
156,multiple_news_same_false_alarm,news_only,0,0,0,0.0,0.0,0.0,0.0,0.0,0.0,0,1,1,0,0,0.5860196666666667,1.2686409071669864,0
157,mixed_confidence_non_fire_heat_source,mixed_confidence,2,1,0,0.6666666666666666,86.00999999999999,89.1,0.3333333333333333,321.14,321.14,0,0,0,0,0,9.829529833333334,0.7814196231917958,0
158,multi_satellite_real_fire,multi_satellite,0,1,2,1.0,90.91666666666667,114.81,0.6666666666666666,329.26,351.77,0,0,0,0,0,32.10514615,2.1829884326441498,1
159,mixed_satellite_with_false_news,mixed_confidence,0,2,0,0.5,93.55,93.55,1.0,318.40999999999997,332.06,0,1,0,0,0,9.681840916666665,3.5977899772473645,0
160,news_rumor_no_fire,news_only,0,0,0,0.0,0.0,0.0,0.0,0.0,0.0,1,0,0,0,0,0.0,0.0,0
161,multi_satellite_plus_multi_news,satellite_news,0,3,0,1.0,81.68666666666667,97.93,1.0,339.65000000000003,360.37,0,0,0,2,0,23.8495205,2.7209940231037923,1
162,mixed_confidence_non_fire_heat_source,mixed_confidence,0,2,0,1.0,78.1,102.62,0.0,0.0,0.0,0,0,0,0,0,19.01077271666667,1.4748066108871576,0
163,high_low_satellite_with_news_real_fire,mixed_confidence,2,0,1,1.0,77.91,109.6,1.0,354.19,389.57,0,0,0,1,0,12.333803666666666,1.6041105096262378,1
164,high_confidence_satellite_false_positive,satellite_only,0,0,1,1.0,90.84,90.84,1.0,380.33,380.33,0,0,0,0,0,0.0,0.0,0
165,multi_satellite_real_fire,multi_satellite,0,1,2,0.6666666666666666,71.88,85.62,1.0,334.78333333333336,364.12,0,0,0,0,0,13.472841433333334,2.9704861672778304,1
166,persistent_non_wildfire_heat_source,multi_satellite,0,3,0,1.0,46.163333333333334,49.17,1.0,312.92,325.97,0,0,0,0,0,30.117799066666667,2.6466422197034625,0
167,correlated_satellite_news_false_alarm,satellite_news,0,1,0,1.0,63.97,63.97,1.0,298.92,298.92,0,1,1,0,0,22.727035583333336,1.0927465618014638,0
168,high_low_satellite_false_alarm,mixed_confidence,1,0,2,0.6666666666666666,63.185,63.6,0.6666666666666666,362.335,371.65,0,1,0,0,0,11.037007533333334,1.946994498821696,0
169,nominal_low_satellite_with_news_real_fire,mixed_confidence,1,2,0,0.3333333333333333,75.05,75.05,0.6666666666666666,345.265,346.8,0,1,1,0,0,28.782415099999998,2.0535027500701672,1
170,low_confidence_satellite_noise,satellite_only,2,0,0,0.5,34.7,34.7,1.0,309.75,313.83,0,0,0,0,0,10.496130416666666,1.242351676671973,0
171,nominal_low_satellite_with_news_real_fire,mixed_confidence,3,0,0,1.0,40.45666666666667,78.28,1.0,333.75,361.69,0,0,1,0,0,14.926711366666666,2.4505409029866203,1
172,multi_satellite_plus_multi_news,satellite_news,0,4,0,1.0,52.61749999999999,81.27,1.0,364.93,376.81,0,0,2,0,0,34.03718905,3.141156341009875,1
173,nominal_satellite_false_heat_source,satellite_only,0,1,0,1.0,17.85,17.85,0.0,0.0,0.0,0,0,0,0,0,0.0,0.0,0
174,mixed_confidence_non_fire_heat_source,mixed_confidence,1,1,0,0.5,86.92,86.92,0.5,355.39,355.39,0,0,0,0,0,16.85510375,1.5684893240986013,0
175,multi_satellite_plus_multi_news,satellite_news,0,2,2,0.75,82.71666666666668,124.7,1.0,369.73,388.38,0,0,0,3,0,26.563956533333332,3.1156297043496726,1
176,mixed_confidence_non_fire_heat_source,mixed_confidence,0,2,1,1.0,78.92666666666668,108.7,0.3333333333333333,296.87,296.87,0,0,0,0,0,13.33841775,2.6282359573666465,0
177,low_confidence_satellite_noise,satellite_only,1,0,0,1.0,39.4,39.4,1.0,329.56,329.56,0,0,0,0,0,0.0,0.0,0
178,multi_confidence_persistent_real_fire,multi_satellite,1,2,2,0.8,58.375,119.63,1.0,347.854,380.56,0,0,0,0,0,32.736297066666666,1.4268718261784012,1
179,high_low_satellite_false_alarm,mixed_confidence,2,0,1,1.0,49.95666666666667,57.91,0.6666666666666666,321.96500000000003,341.55,0,0,0,0,0,8.053573733333334,1.2243340213637697,0
180,nominal_satellite_false_heat_source,satellite_only,0,2,0,0.5,51.68,51.68,0.5,299.02,299.02,0,0,0,0,0,0.29505851666666666,0.5933202944821694,0
181,mixed_satellite_with_false_news,mixed_confidence,0,0,2,0.5,68.06,68.06,0.5,301.39,301.39,1,0,1,0,0,13.55915275,2.8941325031960314,0
182,nominal_satellite_false_heat_source,satellite_only,0,2,0,0.5,30.75,30.75,1.0,309.35,309.42,0,0,0,0,0,0.6928943166666667,0.5845206368233391,0
183,multiple_news_same_false_alarm,news_only,0,0,0,0.0,0.0,0.0,0.0,0.0,0.0,1,1,0,0,0,36.31031838333333,0.7450061940145278,0
184,low_confidence_satellite_noise,satellite_only,1,0,0,0.0,0.0,0.0,0.0,0.0,0.0,0,0,0,0,0,0.0,0.0,0
185,mixed_satellite_with_false_news,mixed_confidence,1,0,1,0.5,46.67,46.67,0.5,343.87,343.87,0,0,1,0,0,18.112235116666668,1.861848360279036,0
186,nominal_low_satellite_with_news_real_fire,mixed_confidence,1,1,0,0.5,48.57,48.57,1.0,362.52,367.08,0,0,1,0,0,26.043887016666666,1.6477743325667413,1
187,high_confidence_satellite_with_news,satellite_news,0,0,1,1.0,55.3,55.3,1.0,382.19,382.19,0,0,0,2,0,10.435562000000001,2.2226350163606274,1
188,satellite_only_before_news,satellite_only,0,1,0,1.0,90.57,90.57,1.0,352.18,352.18,0,0,0,0,0,0.0,0.0,1
189,nominal_low_satellite_with_news_real_fire,mixed_confidence,1,1,0,0.5,77.13,77.13,0.5,368.78,368.78,0,2,0,0,0,21.692663633333332,2.25257556402226,1
190,news_rumor_no_fire,news_only,0,0,0,0.0,0.0,0.0,0.0,0.0,0.0,0,0,0,0,1,0.0,0.0,0
191,persistent_non_wildfire_heat_source,multi_satellite,2,0,0,0.5,68.31,68.31,0.5,350.1,350.1,0,0,0,0,0,5.624015533333333,1.5053591344076038,0
192,high_confidence_satellite_with_news,satellite_news,0,0,2,1.0,62.855000000000004,68.76,1.0,347.21500000000003,347.81,0,0,2,0,0,23.869695166666666,1.8329878056849707,1
193,mixed_confidence_satellite_real_fire,mixed_confidence,1,2,0,1.0,76.43333333333334,92.16,0.6666666666666666,319.27,323.42,1,0,0,0,0,18.47955285,0.7103416655618472,1
194,high_confidence_satellite_false_positive,satellite_only,0,0,1,1.0,65.77,65.77,0.0,0.0,0.0,0,0,0,0,0,0.0,0.0,0
195,persistent_non_wildfire_heat_source,multi_satellite,2,0,0,1.0,81.135,85.01,1.0,313.85,324.51,0,0,0,0,0,38.86242568333333,1.4846123214633569,0
196,high_low_satellite_false_alarm,mixed_confidence,2,0,1,1.0,51.800000000000004,68.88,0.6666666666666666,315.55,330.41,0,0,0,0,0,2.6492111166666663,1.1516719168116532,0
197,satellite_only_before_news,satellite_only,0,1,1,1.0,38.3,51.99,0.5,354.19,354.19,0,0,0,0,0,6.6392682333333335,1.3136883152187673,1
198,high_low_satellite_with_news_real_fire,mixed_confidence,1,0,2,0.3333333333333333,78.77,78.77,0.0,0.0,0.0,0,1,0,0,0,31.63732465,1.077468333556642,1
199,multi_satellite_real_fire,multi_satellite,0,2,0,1.0,78.44,117.71,1.0,350.235,370.53,0,0,0,0,0,10.25631055,2.454595174021463,1
200,multi_confidence_persistent_real_fire,multi_satellite,0,3,2,0.8,66.995,81.09,1.0,345.02,375.54,1,0,1,0,0,26.038863483333333,2.71073328524832,1
201,news_rumor_no_fire,news_only,0,0,0,0.0,0.0,0.0,0.0,0.0,0.0,0,0,1,0,0,0.0,0.0,0
202,correlated_satellite_news_false_alarm,satellite_news,2,0,0,1.0,43.24,65.23,0.5,336.11,336.11,0,1,0,0,0,19.268903783333332,1.6110950150143148,0
203,high_low_satellite_false_alarm,mixed_confidence,1,0,2,0.6666666666666666,51.775,68.83,1.0,339.66333333333336,359.33,0,1,0,0,0,12.514395083333334,2.3266197882482356,0
204,high_confidence_satellite_false_positive,satellite_only,0,0,1,0.0,0.0,0.0,1.0,372.74,372.74,0,0,0,0,0,0.0,0.0,0
205,nominal_low_satellite_with_news_real_fire,mixed_confidence,2,0,0,1.0,30.354999999999997,34.37,0.5,335.09,335.09,0,0,1,0,0,17.3678505,1.3350274122293002,1
206,high_confidence_satellite_with_news,satellite_news,0,0,2,1.0,34.79,38.25,1.0,389.895,391.88,0,0,0,1,0,10.8666373,1.085205746043193,1
207,mixed_confidence_non_fire_heat_source,mixed_confidence,1,1,0,1.0,77.105,83.73,0.0,0.0,0.0,0,0,0,0,0,10.447999166666667,0.8886749644549127,0
208,high_low_satellite_with_news_real_fire,mixed_confidence,1,0,2,1.0,71.73666666666666,119.75,0.6666666666666666,329.655,348.4,0,0,1,0,0,15.445238166666666,2.1138128353591723,1
209,persistent_non_wildfire_heat_source,multi_satellite,2,1,0,1.0,48.05666666666667,69.89,0.3333333333333333,299.44,299.44,0,0,0,0,0,12.045940949999999,1.3596476848250474,0
210,low_confidence_satellite_noise,satellite_only,3,0,0,0.6666666666666666,16.305,25.94,0.3333333333333333,310.91,310.91,0,0,0,0,0,26.553340516666665,1.8229824407076252,0
211,persistent_non_wildfire_heat_source,multi_satellite,1,1,0,1.0,38.96,64.4,0.5,348.02,348.02,0,0,0,0,0,7.6952771,2.2053534593603086,0
212,multi_satellite_plus_multi_news,satellite_news,0,1,3,1.0,79.06,126.96,0.75,327.3966666666667,351.23,0,0,0,3,0,26.401696783333332,2.8932430059519563,1
213,mixed_satellite_with_false_news,mixed_confidence,1,0,0,0.0,0.0,0.0,1.0,317.25,317.25,0,1,1,0,0,24.547212216666665,1.6651003893660998,0
214,high_confidence_satellite_false_positive,satellite_only,0,0,1,1.0,44.7,44.7,0.0,0.0,0.0,0,0,0,0,0,0.0,0.0,0
215,satellite_only_before_news,satellite_only,0,1,1,0.0,0.0,0.0,0.5,354.64,354.64,0,0,0,0,0,2.79206265,1.2248346753634145,1
216,news_rumor_no_fire,news_only,0,0,0,0.0,0.0,0.0,0.0,0.0,0.0,1,0,0,0,0,0.0,0.0,0
217,mixed_satellite_with_false_news,mixed_confidence,1,2,0,0.6666666666666666,25.455,25.81,1.0,336.62999999999994,359.05,0,1,0,0,0,25.885574266666666,1.9253654905577378,0
218,multi_satellite_real_fire,multi_satellite,0,2,0,1.0,116.64,119.25,0.5,329.85,329.85,0,0,0,0,0,9.632303616666666,1.1373813552054273,1
219,mixed_satellite_with_false_news,mixed_confidence,0,2,1,0.3333333333333333,70.88,70.88,1.0,338.3,344.7,1,0,1,0,0,29.020695916666668,1.9202631107857948,0
220,nominal_low_satellite_with_news_real_fire,mixed_confidence,2,1,0,1.0,36.78666666666666,68.71,0.3333333333333333,364.32,364.32,0,1,1,0,0,24.41694115,3.104800370809375,1
221,high_low_satellite_with_news_real_fire,mixed_confidence,1,0,1,0.5,118.76,118.76,0.5,356.42,356.42,0,0,1,0,0,22.506837283333333,1.1845500667966096,1
222,nominal_satellite_false_heat_source,satellite_only,0,1,0,1.0,33.66,33.66,1.0,314.33,314.33,0,0,0,0,0,0.0,0.0,0
223,multi_satellite_plus_multi_news,satellite_news,0,1,1,0.5,108.69,108.69,0.0,0.0,0.0,0,0,1,2,0,41.61460246666666,3.0445601838352965,1
224,multi_satellite_plus_multi_news,satellite_news,0,3,1,0.75,96.60666666666667,125.06,0.75,339.54333333333335,348.66,0,0,1,2,0,42.18770785,3.2227627881717815,1
225,news_rumor_no_fire,news_only,0,0,0,0.0,0.0,0.0,0.0,0.0,0.0,0,0,1,0,0,0.0,0.0,0
226,nominal_satellite_false_heat_source,satellite_only,0,1,0,1.0,49.25,49.25,1.0,314.66,314.66,0,0,0,0,0,0.0,0.0,0
227,satellite_only_before_news,satellite_only,0,1,0,1.0,21.47,21.47,1.0,323.51,323.51,0,0,0,0,0,0.0,0.0,1
228,low_confidence_satellite_noise,satellite_only,2,0,0,1.0,20.725,26.06,0.0,0.0,0.0,0,0,0,0,0,8.747976016666666,0.8260209985703267,0
229,mixed_confidence_non_fire_heat_source,mixed_confidence,2,1,1,0.5,20.59,25.92,0.75,319.15333333333336,340.92,0,0,0,0,0,20.965200216666666,1.9564189109363097,0
230,mixed_confidence_satellite_real_fire,mixed_confidence,3,0,0,0.6666666666666666,72.88,80.96,0.6666666666666666,310.27,311.63,1,0,0,0,0,26.257110683333334,2.09492803698577,1
231,multi_satellite_real_fire,multi_satellite,0,2,0,0.0,0.0,0.0,1.0,333.085,339.09,0,0,0,0,0,24.431289216666666,0.8771085598983587,1
232,mixed_satellite_with_false_news,mixed_confidence,0,1,2,0.3333333333333333,50.06,50.06,0.6666666666666666,356.195,369.05,1,0,0,0,0,19.45151945,1.9724884748529856,0
233,high_low_satellite_false_alarm,mixed_confidence,1,0,2,0.6666666666666666,32.35,36.78,0.3333333333333333,309.97,309.97,0,0,0,0,0,21.25275365,1.9138949992833667,0
234,news_only_before_satellite,news_only,0,0,0,0.0,0.0,0.0,0.0,0.0,0.0,0,0,1,0,0,0.0,0.0,1
235,high_low_satellite_false_alarm,mixed_confidence,2,0,1,0.3333333333333333,91.56,91.56,1.0,351.21999999999997,370.77,0,0,0,0,0,5.139132433333333,1.2811641516542787,0
236,multi_satellite_real_fire,multi_satellite,0,2,2,1.0,43.99,61.97,0.75,348.8833333333334,370.04,0,0,0,0,0,27.98375616666667,2.3881109040202024,1
237,mixed_satellite_with_false_news,mixed_confidence,2,0,1,0.6666666666666666,82.07,86.47,0.6666666666666666,309.81,315.05,1,1,0,0,0,25.937763633333336,2.1661291271859664,0
238,correlated_satellite_news_false_alarm,satellite_news,1,1,0,1.0,50.480000000000004,59.94,1.0,318.53,342.46,0,0,1,0,0,13.163168583333334,2.492365969854639,0
239,multi_satellite_real_fire,multi_satellite,0,2,2,0.5,39.019999999999996,53.8,1.0,340.965,366.54,0,0,0,0,0,23.93062378333333,3.6319413919491645,1
240,nominal_satellite_with_news,satellite_news,0,1,0,1.0,73.01,73.01,1.0,303.45,303.45,0,1,1,0,0,29.8781495,0.4432993699748271,1
241,high_confidence_satellite_with_news,satellite_news,0,0,3,0.6666666666666666,80.08,82.72,0.6666666666666666,335.28999999999996,348.55,0,0,0,1,0,26.299974416666664,2.020034658757926,1
242,news_rumor_no_fire,news_only,0,0,0,0.0,0.0,0.0,0.0,0.0,0.0,0,0,0,0,1,0.0,0.0,0
243,multi_satellite_real_fire,multi_satellite,0,2,2,0.25,63.43,63.43,1.0,343.56499999999994,364.8,0,0,0,0,0,28.809775433333336,2.232679632468558,1
244,high_low_satellite_false_alarm,mixed_confidence,0,0,2,0.5,59.76,59.76,1.0,306.47,307.73,0,0,0,0,0,0.9775292333333333,0.12510042006098882,0
245,mixed_confidence_satellite_real_fire,mixed_confidence,2,0,1,0.3333333333333333,78.3,78.3,0.3333333333333333,306.08,306.08,0,0,1,0,0,26.583729249999998,2.844078693659406,1
246,news_rumor_no_fire,news_only,0,0,0,0.0,0.0,0.0,0.0,0.0,0.0,1,0,0,0,0,0.0,0.0,0
247,multi_confidence_persistent_real_fire,multi_satellite,0,0,3,1.0,103.47333333333331,110.64,0.6666666666666666,344.545,371.92,1,0,1,0,0,38.78901068333333,2.3048940090091445,1
248,high_confidence_satellite_with_news,satellite_news,0,0,1,1.0,120.09,120.09,1.0,380.14,380.14,0,0,1,1,0,15.13879115,1.6530516021651478,1
249,mixed_confidence_non_fire_heat_source,mixed_confidence,2,0,0,1.0,37.04,39.18,1.0,354.065,370.36,0,0,0,0,0,21.068212366666668,1.439194401071342,0
250,low_confidence_satellite_noise,satellite_only,2,0,0,1.0,20.595,26.4,0.0,0.0,0.0,0,0,0,0,0,22.395744216666667,1.9659264882980032,0
251,high_confidence_satellite_with_news,satellite_news,0,0,3,1.0,71.68666666666667,106.12,1.0,373.8666666666666,394.9,0,0,1,0,0,22.92428281666667,3.105799947750647,1
252,mixed_confidence_satellite_real_fire,mixed_confidence,1,0,2,1.0,42.17666666666667,82.68,1.0,329.2633333333333,346.28,0,0,0,0,0,19.08260785,2.820746817514276,1
253,nominal_satellite_false_heat_source,satellite_only,0,2,0,0.5,16.15,16.15,0.5,299.63,299.63,0,0,0,0,0,8.890117883333334,0.06260680508098909,0
254,satellite_only_before_news,satellite_only,0,0,1,0.0,0.0,0.0,0.0,0.0,0.0,0,0,0,0,0,0.0,0.0,1
255,nominal_satellite_with_news,satellite_news,0,2,0,1.0,30.115,33.66,1.0,326.125,335.98,0,0,0,1,0,23.298762983333333,1.6921579448114084,1
256,nominal_satellite_false_heat_source,satellite_only,0,1,0,1.0,15.66,15.66,1.0,327.7,327.7,0,0,0,0,0,0.0,0.0,0
257,multi_satellite_real_fire,multi_satellite,0,1,2,1.0,86.05666666666666,101.13,0.6666666666666666,336.345,365.71,0,0,0,0,0,13.960603066666666,2.776155182460402,1
258,correlated_satellite_news_false_alarm,satellite_news,2,0,0,0.0,0.0,0.0,0.0,0.0,0.0,0,1,0,0,0,16.908191233333334,1.4230175947085233,0
259,persistent_non_wildfire_heat_source,multi_satellite,2,0,0,0.5,47.58,47.58,0.5,300.13,300.13,0,0,0,0,0,1.1862967833333333,1.6256767044064506,0
260,high_low_satellite_false_alarm,mixed_confidence,2,0,1,0.6666666666666666,75.26,106.98,0.6666666666666666,360.93,370.51,0,1,0,0,0,13.690970033333334,2.3070149389636754,0
261,multi_confidence_persistent_real_fire,multi_satellite,4,1,0,0.8,60.480000000000004,93.93,1.0,340.452,371.96,1,1,0,0,0,35.158699383333335,2.627440649911873,1
262,nominal_low_satellite_with_news_real_fire,mixed_confidence,1,2,0,1.0,19.893333333333334,22.88,1.0,347.31333333333333,366.46,0,1,1,0,0,22.403773783333335,3.135239379154297,1
263,mixed_satellite_with_false_news,mixed_confidence,1,0,0,1.0,50.93,50.93,0.0,0.0,0.0,0,2,0,0,0,7.17268625,1.063054093915567,0
264,mixed_confidence_non_fire_heat_source,mixed_confidence,0,2,0,0.5,95.7,95.7,1.0,318.16499999999996,331.01,0,0,0,0,0,17.65718545,1.8479055495372396,0
265,low_confidence_satellite_noise,satellite_only,1,0,0,1.0,12.81,12.81,1.0,316.77,316.77,0,0,0,0,0,0.0,0.0,0
266,multi_satellite_plus_multi_news,satellite_news,0,1,2,0.6666666666666666,73.55,105.16,0.6666666666666666,338.81,349.06,0,0,1,1,0,38.25453413333333,3.750839402634327,1
267,persistent_non_wildfire_heat_source,multi_satellite,0,2,0,0.5,63.57,63.57,1.0,335.615,348.99,0,0,0,0,0,18.509377716666666,1.059068152897613,0
268,mixed_confidence_non_fire_heat_source,mixed_confidence,1,0,2,1.0,76.92333333333333,83.67,0.3333333333333333,307.04,307.04,0,0,0,0,0,16.2170632,2.001233119858128,0
269,high_confidence_satellite_with_news,satellite_news,0,0,3,1.0,80.46666666666667,95.53,1.0,343.31333333333333,348.33,0,0,0,2,0,28.057755999999998,2.882245149753257,1
270,mixed_confidence_satellite_real_fire,mixed_confidence,1,2,0,0.6666666666666666,81.485,90.59,0.6666666666666666,345.365,348.85,0,0,1,1,0,24.267232433333334,2.8903951433464323,1
271,high_confidence_satellite_with_news,satellite_news,0,0,2,0.5,145.1,145.1,1.0,322.35,331.76,0,0,1,1,0,23.414017366666666,3.3197685188425825,1
272,mixed_confidence_satellite_real_fire,mixed_confidence,2,0,2,0.75,46.85333333333333,64.37,0.5,335.96000000000004,343.6,0,0,0,0,0,17.555669983333335,2.1180873835575587,1
273,satellite_only_before_news,satellite_only,0,1,1,0.5,62.14,62.14,0.0,0.0,0.0,0,0,0,0,0,16.5579848,1.4264482281310693,1
274,nominal_satellite_with_news,satellite_news,0,2,0,1.0,49.16,56.03,1.0,322.52,338.01,0,0,0,1,0,36.853603166666666,1.4282937763550336,1
275,high_low_satellite_false_alarm,mixed_confidence,0,0,2,0.5,65.57,65.57,1.0,353.005,376.38,0,0,0,0,0,13.036564833333333,1.132634422376604,0
276,high_low_satellite_false_alarm,mixed_confidence,3,0,0,1.0,55.57333333333333,81.43,0.6666666666666666,359.645,369.35,0,1,0,0,0,15.72551715,2.5143957259904197,0
277,multiple_news_same_false_alarm,news_only,0,0,0,0.0,0.0,0.0,0.0,0.0,0.0,1,1,1,0,0,29.129472533333335,0.3786205702475246,0
278,low_confidence_satellite_noise,satellite_only,2,0,0,0.5,27.62,27.62,0.5,307.41,307.41,0,0,0,0,0,10.3244291,2.570057421976335,0
279,multi_satellite_plus_multi_news,satellite_news,0,1,1,1.0,48.644999999999996,51.28,0.5,336.25,336.25,0,0,0,3,0,39.53649865,3.207257359117991,1
280,nominal_satellite_with_news,satellite_news,0,2,0,1.0,69.015,75.95,0.5,305.28,305.28,0,0,1,1,0,29.171217966666667,3.361547193731458,1
281,low_confidence_satellite_noise,satellite_only,2,0,0,0.5,28.39,28.39,0.5,299.62,299.62,0,0,0,0,0,28.495614933333332,0.8878967205118387,0
282,mixed_confidence_non_fire_heat_source,mixed_confidence,3,0,1,0.75,66.99333333333333,93.55,0.5,352.12,368.13,0,0,0,0,0,15.61784795,1.2664163353764852,0
283,satellite_only_before_news,satellite_only,0,0,1,1.0,61.95,61.95,0.0,0.0,0.0,0,0,0,0,0,0.0,0.0,1
284,mixed_confidence_non_fire_heat_source,mixed_confidence,1,1,1,0.6666666666666666,61.765,69.4,1.0,311.7166666666667,334.49,0,0,0,0,0,10.108613483333333,0.9620779988966411,0
285,mixed_confidence_satellite_real_fire,mixed_confidence,1,1,0,0.5,31.99,31.99,0.5,353.79,353.79,0,0,0,0,0,6.32667665,0.5924317472558479,1
286,mixed_confidence_non_fire_heat_source,mixed_confidence,0,2,1,1.0,45.053333333333335,83.91,0.6666666666666666,322.905,350.03,0,0,0,0,0,10.097840966666666,1.32395523380619,0
287,multi_satellite_plus_multi_news,satellite_news,0,0,2,1.0,68.185,77.78,1.0,336.45,359.71,0,0,0,3,0,15.422028899999999,2.4431194034543053,1
288,high_confidence_satellite_with_news,satellite_news,0,0,1,1.0,119.32,119.32,1.0,395.93,395.93,0,0,0,2,0,7.389577083333333,1.800201380042114,1
289,high_confidence_satellite_false_positive,satellite_only,0,0,1,0.0,0.0,0.0,1.0,335.89,335.89,0,0,0,0,0,0.0,0.0,0
290,mixed_satellite_with_false_news,mixed_confidence,1,1,0,0.5,23.52,23.52,0.5,341.78,341.78,1,1,0,0,0,30.591391183333332,1.564949917462416,0
291,news_only_before_satellite,news_only,0,0,0,0.0,0.0,0.0,0.0,0.0,0.0,0,0,0,0,1,0.0,0.0,1
292,multi_confidence_persistent_real_fire,multi_satellite,2,0,2,1.0,64.72,111.62,0.5,337.65,360.57,0,0,0,0,0,35.93911613333333,2.922261444642767,1
293,mixed_confidence_non_fire_heat_source,mixed_confidence,1,0,2,1.0,34.1,71.52,0.6666666666666666,309.74,314.41,0,0,0,0,0,6.705004533333334,2.3252064356262565,0
294,nominal_satellite_with_news,satellite_news,0,2,0,1.0,41.885000000000005,48.56,1.0,329.21500000000003,358.04,0,2,0,0,0,20.998370583333333,2.641724790544015,1
295,satellite_only_before_news,satellite_only,0,1,1,0.5,85.75,85.75,0.5,356.63,356.63,0,0,0,0,0,2.6687798166666665,2.3675515804305802,1
296,multi_satellite_real_fire,multi_satellite,0,3,1,0.75,74.78666666666668,105.58,1.0,351.79499999999996,377.02,0,0,0,0,0,17.57841705,2.0289715597338653,1
297,nominal_low_satellite_with_news_real_fire,mixed_confidence,2,1,0,0.3333333333333333,15.46,15.46,1.0,336.76666666666665,366.64,0,1,1,0,0,23.398066516666667,3.184860544230495,1
298,nominal_satellite_false_heat_source,satellite_only,0,2,0,1.0,33.705,38.69,0.5,296.33,296.33,0,0,0,0,0,6.18137035,0.14367162049422325,0
299,news_only_before_satellite,news_only,0,0,0,0.0,0.0,0.0,0.0,0.0,0.0,0,2,0,0,0,0.3373139166666667,0.6359731959442722,1
300,low_confidence_satellite_noise,satellite_only,1,0,0,0.0,0.0,0.0,0.0,0.0,0.0,0,0,0,0,0,0.0,0.0,0
301,high_low_satellite_with_news_real_fire,mixed_confidence,0,0,2,0.5,123.17,123.17,1.0,315.85,322.62,0,0,1,0,0,11.670360766666667,2.2465870508646417,1
302,nominal_satellite_with_news,satellite_news,0,2,0,0.5,79.02,79.02,1.0,322.985,344.03,0,1,0,1,0,13.118087116666667,2.6724940337291447,1
303,high_confidence_satellite_with_news,satellite_news,0,0,3,0.3333333333333333,118.55,118.55,0.6666666666666666,322.48,330.27,0,0,0,1,0,19.562317866666667,2.872398748600098,1
304,nominal_low_satellite_with_news_real_fire,mixed_confidence,0,3,0,0.6666666666666666,34.69,58.19,0.6666666666666666,362.905,369.86,0,1,1,0,0,26.243438383333334,1.0430598018963797,1
305,news_rumor_no_fire,news_only,0,0,0,0.0,0.0,0.0,0.0,0.0,0.0,0,0,0,0,1,0.0,0.0,0
306,nominal_low_satellite_with_news_real_fire,mixed_confidence,1,2,0,1.0,67.81333333333333,87.21,0.3333333333333333,303.57,303.57,0,1,1,0,0,28.790190583333334,3.014085777307267,1
307,mixed_confidence_satellite_real_fire,mixed_confidence,0,1,2,1.0,73.86666666666667,85.24,1.0,335.04,342.03,0,0,0,0,0,6.3058820833333336,3.915325355452209,1
308,high_confidence_satellite_false_positive,satellite_only,0,0,1,0.0,0.0,0.0,0.0,0.0,0.0,0,0,0,0,0,0.0,0.0,0
309,nominal_low_satellite_with_news_real_fire,mixed_confidence,2,1,0,0.0,0.0,0.0,0.6666666666666666,317.4,319.07,0,1,1,0,0,20.614566749999998,1.7294124703338143,1
310,multi_satellite_real_fire,multi_satellite,0,2,2,0.75,61.26333333333334,84.19,0.75,340.0933333333333,367.95,0,0,0,0,0,23.863233166666664,2.0215145836591937,1
311,multi_satellite_plus_multi_news,satellite_news,0,3,1,1.0,80.22,129.16,0.75,367.38333333333327,389.8,0,0,0,3,0,29.898187800000002,2.0458028839538995,1
312,correlated_satellite_news_false_alarm,satellite_news,1,1,0,1.0,37.92,44.34,1.0,306.71000000000004,315.13,0,1,1,0,0,7.122017116666667,1.664027886894008,0
313,satellite_only_before_news,satellite_only,0,1,0,0.0,0.0,0.0,0.0,0.0,0.0,0,0,0,0,0,0.0,0.0,1
314,persistent_non_wildfire_heat_source,multi_satellite,3,1,0,0.5,33.845,48.17,0.5,355.065,356.74,0,0,0,0,0,29.59082985,3.0450653889076,0
315,mixed_satellite_with_false_news,mixed_confidence,1,1,0,0.0,0.0,0.0,1.0,325.21000000000004,351.8,0,0,1,0,0,15.288866883333332,2.9353443373694907,0
316,satellite_only_before_news,satellite_only,0,1,1,1.0,56.185,89.68,0.0,0.0,0.0,0,0,0,0,0,9.31251285,1.235365206003431,1
317,high_low_satellite_false_alarm,mixed_confidence,1,0,1,1.0,67.68,74.97,1.0,358.88,373.48,0,0,0,0,0,7.797770466666666,2.3640711118568687,0
318,multiple_news_same_false_alarm,news_only,0,0,0,0.0,0.0,0.0,0.0,0.0,0.0,1,1,2,0,0,21.572436333333332,0.9052691221929375,0
319,satellite_only_before_news,satellite_only,0,1,0,1.0,33.88,33.88,0.0,0.0,0.0,0,0,0,0,0,0.0,0.0,1
320,high_confidence_satellite_false_positive,satellite_only,0,0,1,1.0,24.66,24.66,1.0,360.2,360.2,0,0,0,0,0,0.0,0.0,0
321,mixed_satellite_with_false_news,mixed_confidence,0,1,0,1.0,45.3,45.3,1.0,331.07,331.07,0,2,0,0,0,22.172462583333335,2.4606527457734804,0
322,nominal_satellite_false_heat_source,satellite_only,0,2,0,0.5,44.36,44.36,0.5,306.77,306.77,0,0,0,0,0,5.508744216666667,0.9586339786776437,0
323,multi_satellite_plus_multi_news,satellite_news,0,1,2,0.6666666666666666,84.715,104.35,1.0,353.15333333333336,385.53,0,0,1,1,0,37.47189901666666,2.195112511836381,1
324,high_confidence_satellite_false_positive,satellite_only,0,0,1,1.0,114.96,114.96,0.0,0.0,0.0,0,0,0,0,0,0.0,0.0,0
325,multiple_news_same_false_alarm,news_only,0,0,0,0.0,0.0,0.0,0.0,0.0,0.0,1,0,1,0,0,4.165561433333333,0.5554964343200467,0
326,nominal_satellite_with_news,satellite_news,0,2,0,0.5,16.52,16.52,1.0,317.81500000000005,323.47,0,0,1,0,0,12.534856183333334,1.6320641551679362,1
327,mixed_confidence_satellite_real_fire,mixed_confidence,3,0,0,0.6666666666666666,57.985,82.76,0.6666666666666666,351.35,359.83,0,1,0,0,0,25.42800371666667,2.0637493566196152,1
328,mixed_confidence_satellite_real_fire,mixed_confidence,1,0,3,1.0,32.4775,64.56,0.5,346.735,350.42,0,0,0,0,0,15.526265516666665,2.2450767657960413,1
329,nominal_satellite_with_news,satellite_news,0,2,0,0.5,25.79,25.79,1.0,342.15,343.2,0,0,0,1,0,3.0807806166666665,2.962951167070761,1
330,multiple_news_same_false_alarm,news_only,0,0,0,0.0,0.0,0.0,0.0,0.0,0.0,1,1,0,0,0,44.2570109,0.651850932146989,0
331,news_only_before_satellite,news_only,0,0,0,0.0,0.0,0.0,0.0,0.0,0.0,0,2,0,0,0,11.052748516666666,0.26619727896757417,1
332,satellite_only_before_news,satellite_only,0,2,0,0.0,0.0,0.0,0.5,343.36,343.36,0,0,0,0,0,0.16376465,0.7809622903573951,1
333,mixed_confidence_satellite_real_fire,mixed_confidence,2,1,0,0.3333333333333333,57.17,57.17,0.6666666666666666,341.04,359.6,1,0,0,1,0,20.562646416666666,3.627257407072704,1
334,mixed_satellite_with_false_news,mixed_confidence,0,1,1,1.0,54.19,60.21,1.0,340.915,360.72,0,0,1,0,0,4.0560676,3.226266756631734,0
335,high_confidence_satellite_with_news,satellite_news,0,0,3,1.0,90.17666666666666,128.8,1.0,355.3066666666667,393.48,0,0,0,2,0,23.524766816666666,2.390653406259069,1
336,nominal_satellite_with_news,satellite_news,0,1,0,1.0,58.68,58.68,1.0,353.86,353.86,0,0,1,1,0,12.758498049999998,2.239576457382192,1
337,high_confidence_satellite_with_news,satellite_news,0,0,3,1.0,92.74333333333334,100.94,1.0,375.25333333333333,385.79,0,0,1,1,0,14.099930050000001,3.3245630611905073,1
338,satellite_only_before_news,satellite_only,0,2,0,1.0,48.315,62.08,0.5,343.14,343.14,0,0,0,0,0,2.481146883333333,1.2844253104423542,1
339,mixed_confidence_non_fire_heat_source,mixed_confidence,0,3,1,0.75,73.85333333333334,91.09,1.0,310.9325,320.84,0,0,0,0,0,26.353723516666665,1.7427770356003738,0
340,mixed_confidence_satellite_real_fire,mixed_confidence,1,0,1,1.0,57.724999999999994,71.66,1.0,337.27,354.03,1,0,0,0,0,25.965551899999998,3.5737348252420493,1
341,mixed_confidence_satellite_real_fire,mixed_confidence,1,2,1,0.5,59.83,104.28,0.25,332.11,332.11,0,0,0,0,0,9.729523033333333,3.650637581989853,1
342,satellite_only_before_news,satellite_only,0,0,1,1.0,92.15,92.15,1.0,357.35,357.35,0,0,0,0,0,0.0,0.0,1
343,satellite_only_before_news,satellite_only,0,0,1,1.0,58.07,58.07,1.0,345.24,345.24,0,0,0,0,0,0.0,0.0,1
344,multi_confidence_persistent_real_fire,multi_satellite,0,2,1,1.0,68.06666666666668,111.03,0.3333333333333333,311.74,311.74,1,0,0,0,0,23.95302595,2.0171487631449287,1
345,correlated_satellite_news_false_alarm,satellite_news,0,1,0,0.0,0.0,0.0,1.0,330.21,330.21,0,0,1,0,0,1.2297274666666667,1.4783628665807962,0
346,nominal_satellite_false_heat_source,satellite_only,0,2,0,0.5,59.04,59.04,1.0,320.0,327.74,0,0,0,0,0,9.519818316666667,1.1365072517745263,0
347,mixed_confidence_non_fire_heat_source,mixed_confidence,1,2,0,1.0,57.90333333333333,77.5,0.6666666666666666,310.23,323.58,0,0,0,0,0,13.132827616666667,0.9086650050020507,0
348,mixed_confidence_non_fire_heat_source,mixed_confidence,3,0,1,0.75,63.06,108.03,0.75,331.68,352.73,0,0,0,0,0,15.2920922,2.158517168646208,0
349,nominal_low_satellite_with_news_real_fire,mixed_confidence,0,3,0,0.6666666666666666,63.15,63.72,1.0,330.8966666666667,363.23,0,1,1,0,0,25.543954783333334,2.6647118891918224,1
350,correlated_satellite_news_false_alarm,satellite_news,0,2,0,1.0,50.88,53.81,1.0,306.38,318.04,0,0,2,0,0,19.487328233333336,1.2376162269225675,0
351,high_low_satellite_false_alarm,mixed_confidence,1,0,1,0.5,51.96,51.96,0.0,0.0,0.0,1,0,0,0,0,20.205595483333333,2.6463839276172303,0
352,correlated_satellite_news_false_alarm,satellite_news,2,0,0,1.0,13.97,16.55,0.5,315.09,315.09,0,1,1,0,0,29.09606661666667,1.668120142692682,0
353,mixed_satellite_with_false_news,mixed_confidence,0,1,0,0.0,0.0,0.0,1.0,354.24,354.24,1,0,0,0,0,3.5722798166666667,0.42820809040876545,0
354,high_low_satellite_with_news_real_fire,mixed_confidence,2,0,0,1.0,106.57,119.52,1.0,343.375,364.98,0,1,1,0,0,29.094772416666668,2.078739487451178,1
355,persistent_non_wildfire_heat_source,multi_satellite,1,3,0,1.0,35.795,68.01,0.5,315.59000000000003,326.95,0,0,0,0,0,34.68957935,1.392025304761699,0
356,satellite_only_before_news,satellite_only,0,1,1,0.0,0.0,0.0,0.5,337.57,337.57,0,0,0,0,0,4.634077899999999,0.9914408977794266,1
357,news_only_before_satellite,news_only,0,0,0,0.0,0.0,0.0,0.0,0.0,0.0,0,1,0,0,0,0.0,0.0,1
358,high_confidence_satellite_with_news,satellite_news,0,0,1,1.0,138.0,138.0,1.0,367.95,367.95,0,0,0,2,0,21.033350466666665,1.0147405542883228,1
359,mixed_confidence_non_fire_heat_source,mixed_confidence,0,0,2,1.0,88.62,88.93,1.0,318.395,323.52,0,0,0,0,0,22.68640518333333,0.8443098568835177,0
360,news_rumor_no_fire,news_only,0,0,0,0.0,0.0,0.0,0.0,0.0,0.0,0,0,0,0,1,0.0,0.0,0
361,high_low_satellite_false_alarm,mixed_confidence,0,0,2,0.5,111.33,111.33,1.0,313.17499999999995,315.08,0,0,0,0,0,12.366674433333333,2.2163471789743654,0
362,news_only_before_satellite,news_only,0,0,0,0.0,0.0,0.0,0.0,0.0,0.0,0,2,0,0,0,0.9691022666666667,0.21082881342501086,1
363,nominal_satellite_false_heat_source,satellite_only,0,1,0,1.0,41.75,41.75,1.0,339.65,339.65,0,0,0,0,0,0.0,0.0,0
364,multiple_news_same_false_alarm,news_only,0,0,0,0.0,0.0,0.0,0.0,0.0,0.0,1,1,1,0,0,27.4632036,0.6433888156663488,0
365,mixed_confidence_non_fire_heat_source,mixed_confidence,2,0,1,0.6666666666666666,47.43,54.32,0.6666666666666666,335.41999999999996,338.09,0,0,0,0,0,16.576821666666667,0.9223902456945887,0
366,mixed_confidence_satellite_real_fire,mixed_confidence,0,2,0,1.0,64.93,92.92,1.0,328.15,335.12,0,0,0,1,0,29.1518146,3.3821861340674784,1
367,high_confidence_satellite_with_news,satellite_news,0,0,2,1.0,78.815,82.81,1.0,348.94,381.18,0,0,0,2,0,26.864826216666664,1.5298680081714435,1
368,persistent_non_wildfire_heat_source,multi_satellite,1,2,0,1.0,55.1,75.38,1.0,329.30333333333334,352.26,0,0,0,0,0,19.48785451666667,1.0673446406769707,0
369,nominal_satellite_false_heat_source,satellite_only,0,2,0,1.0,29.009999999999998,31.37,1.0,328.795,330.91,0,0,0,0,0,4.47193235,0.9974871247719197,0
370,high_low_satellite_false_alarm,mixed_confidence,1,0,2,1.0,69.71333333333332,98.85,0.6666666666666666,322.90999999999997,338.36,0,0,0,0,0,19.976391433333333,2.4896459199750276,0
371,high_confidence_satellite_false_positive,satellite_only,0,0,1,1.0,68.18,68.18,1.0,361.13,361.13,0,0,0,0,0,0.0,0.0,0
372,mixed_confidence_satellite_real_fire,mixed_confidence,2,0,1,0.6666666666666666,96.22999999999999,105.47,0.6666666666666666,323.47,325.14,0,0,0,0,0,31.144209083333333,1.9409213632691895,1
373,satellite_only_before_news,satellite_only,0,2,0,1.0,72.6,94.99,0.5,310.42,310.42,0,0,0,0,0,10.24376045,1.6002404400031673,1
374,mixed_confidence_satellite_real_fire,mixed_confidence,2,1,1,1.0,39.5125,84.06,0.75,343.02666666666664,379.61,1,0,1,0,0,32.06793128333333,1.610268596519133,1
375,high_confidence_satellite_false_positive,satellite_only,0,0,1,1.0,69.79,69.79,0.0,0.0,0.0,0,0,0,0,0,0.0,0.0,0
376,multi_satellite_real_fire,multi_satellite,0,3,1,0.5,43.79,50.61,0.75,370.06333333333333,378.67,0,0,0,0,0,16.500325633333333,1.3136469320197917,1
377,high_low_satellite_false_alarm,mixed_confidence,1,0,1,0.5,53.39,53.39,1.0,364.67499999999995,368.46,0,1,0,0,0,17.853205533333334,0.8788098102769415,0
378,multiple_news_same_false_alarm,news_only,0,0,0,0.0,0.0,0.0,0.0,0.0,0.0,0,1,3,0,0,25.452988916666666,1.2638248160398382,0
379,persistent_non_wildfire_heat_source,multi_satellite,0,2,0,1.0,51.015,55.77,1.0,320.47,323.59,0,0,0,0,0,16.96860763333333,0.16079039721851007,0
380,multiple_news_same_false_alarm,news_only,0,0,0,0.0,0.0,0.0,0.0,0.0,0.0,1,1,1,0,0,19.3334745,0.6527605471639252,0
381,high_low_satellite_false_alarm,mixed_confidence,1,0,1,0.5,73.1,73.1,1.0,374.03999999999996,382.13,0,0,0,0,0,1.59840355,1.1876813972546476,0
382,news_rumor_no_fire,news_only,0,0,0,0.0,0.0,0.0,0.0,0.0,0.0,1,0,0,0,0,0.0,0.0,0
383,high_low_satellite_false_alarm,mixed_confidence,1,0,1,1.0,103.23,115.7,1.0,315.78,325.2,0,0,0,0,0,14.0918625,0.6610699363776817,0
384,nominal_low_satellite_with_news_real_fire,mixed_confidence,0,2,0,0.5,74.56,74.56,1.0,312.57500000000005,313.18,0,1,0,0,0,3.14763605,3.4662983129275347,1
385,satellite_only_before_news,satellite_only,0,0,1,0.0,0.0,0.0,1.0,356.67,356.67,0,0,0,0,0,0.0,0.0,1
386,high_low_satellite_false_alarm,mixed_confidence,3,0,0,0.0,0.0,0.0,0.6666666666666666,345.88,349.72,1,0,0,0,0,23.439747733333334,3.433947767895514,0
387,news_only_before_satellite,news_only,0,0,0,0.0,0.0,0.0,0.0,0.0,0.0,0,1,0,0,1,3.417512133333333,0.7620841098531814,1
388,news_rumor_no_fire,news_only,0,0,0,0.0,0.0,0.0,0.0,0.0,0.0,0,0,0,0,1,0.0,0.0,0
389,persistent_non_wildfire_heat_source,multi_satellite,1,3,0,0.75,63.64333333333334,68.32,0.75,338.5266666666667,356.11,0,0,0,0,0,24.26769641666667,3.2373864862899517,0
390,multi_satellite_plus_multi_news,satellite_news,0,1,1,1.0,80.75,104.79,1.0,347.78,366.59,0,0,1,2,0,28.275470633333335,2.234636602747905,1
391,high_low_satellite_with_news_real_fire,mixed_confidence,2,0,0,1.0,54.330000000000005,76.9,1.0,347.225,362.61,0,0,0,1,0,9.210692916666666,0.7330842065784335,1
392,multiple_news_same_false_alarm,news_only,0,0,0,0.0,0.0,0.0,0.0,0.0,0.0,2,1,0,0,0,24.30302795,0.7991374971958551,0
393,multi_satellite_real_fire,multi_satellite,0,2,2,0.75,58.68,90.67,0.75,351.28999999999996,378.84,0,0,0,0,0,29.392087666666665,3.6368681729843564,1
394,mixed_confidence_non_fire_heat_source,mixed_confidence,2,0,0,0.5,67.43,67.43,0.5,347.02,347.02,0,0,0,0,0,3.5366572499999998,0.9066540655337956,0
395,correlated_satellite_news_false_alarm,satellite_news,1,1,0,1.0,39.47,42.04,1.0,346.66999999999996,346.78,0,0,1,0,0,12.879289683333333,2.115775504673158,0
396,low_confidence_satellite_noise,satellite_only,3,0,0,0.6666666666666666,24.495,30.64,0.6666666666666666,321.52,323.89,0,0,0,0,0,13.59706195,2.5216587808886586,0
397,high_confidence_satellite_false_positive,satellite_only,0,0,1,0.0,0.0,0.0,1.0,361.97,361.97,0,0,0,0,0,0.0,0.0,0
398,correlated_satellite_news_false_alarm,satellite_news,1,0,0,0.0,0.0,0.0,1.0,291.66,291.66,0,1,0,0,0,25.728891733333334,3.1562883445065237,0
399,news_rumor_no_fire,news_only,0,0,0,0.0,0.0,0.0,0.0,0.0,0.0,0,0,0,1,0,0.0,0.0,0
400,multi_satellite_plus_multi_news,satellite_news,0,1,1,1.0,45.68,54.28,1.0,330.89,331.41,0,0,1,1,0,41.73835098333333,2.506290907154924,1
401,multi_satellite_plus_multi_news,satellite_news,0,2,1,0.6666666666666666,32.45,34.9,0.6666666666666666,354.22,382.07,0,0,1,1,0,30.761353283333335,2.46089607938415,1
402,satellite_only_before_news,satellite_only,0,0,1,1.0,41.66,41.66,1.0,356.78,356.78,0,0,0,0,0,0.0,0.0,1
403,mixed_confidence_satellite_real_fire,mixed_confidence,2,0,1,0.6666666666666666,87.185,93.13,0.6666666666666666,375.215,378.9,1,0,1,0,0,36.25852786666667,3.328153291261898,1
404,persistent_non_wildfire_heat_source,multi_satellite,2,1,0,0.6666666666666666,42.455,43.27,1.0,312.19666666666666,324.19,0,0,0,0,0,21.275984516666664,3.441875748543365,0
405,high_low_satellite_false_alarm,mixed_confidence,0,0,3,0.6666666666666666,41.475,56.47,0.6666666666666666,327.21000000000004,337.24,1,0,0,0,0,21.644685133333333,1.722023501993907,0
406,news_rumor_no_fire,news_only,0,0,0,0.0,0.0,0.0,0.0,0.0,0.0,1,0,0,0,0,0.0,0.0,0
407,multi_satellite_plus_multi_news,satellite_news,0,2,1,1.0,63.49333333333334,99.33,0.3333333333333333,305.1,305.1,0,0,2,0,0,38.139691283333335,2.7741897892450726,1
408,news_rumor_no_fire,news_only,0,0,0,0.0,0.0,0.0,0.0,0.0,0.0,0,1,0,0,0,0.0,0.0,0
409,mixed_satellite_with_false_news,mixed_confidence,1,1,0,1.0,89.26,89.37,0.5,296.57,296.57,1,0,1,0,0,18.637678049999998,2.6763983379842533,0
410,multi_satellite_plus_multi_news,satellite_news,0,1,2,1.0,61.56666666666666,80.3,1.0,348.3,386.02,0,0,1,2,0,46.208480433333335,2.848907505238664,1
411,mixed_confidence_satellite_real_fire,mixed_confidence,3,0,1,0.75,61.593333333333334,96.95,1.0,327.45,369.45,0,2,0,0,0,29.60254115,3.5132016494540648,1
412,multi_satellite_real_fire,multi_satellite,0,2,0,1.0,77.03999999999999,86.39,0.5,346.89,346.89,0,0,0,0,0,32.05781846666667,2.507937809318548,1
413,correlated_satellite_news_false_alarm,satellite_news,1,0,0,1.0,9.48,9.48,0.0,0.0,0.0,0,1,1,0,0,22.083535916666666,1.6980064832802644,0
414,multi_satellite_plus_multi_news,satellite_news,0,0,4,1.0,76.845,129.58,0.75,347.82,362.72,0,0,1,2,0,34.50952401666667,3.462618601775585,1
415,mixed_confidence_non_fire_heat_source,mixed_confidence,2,1,0,0.6666666666666666,63.370000000000005,83.65,1.0,339.68,367.71,0,0,0,0,0,6.107429433333333,1.221351859922141,0
416,high_confidence_satellite_with_news,satellite_news,0,0,1,1.0,116.04,116.04,1.0,366.29,366.29,0,0,0,1,0,21.131894716666668,0.2961017231063064,1
417,multi_confidence_persistent_real_fire,multi_satellite,3,2,0,0.6,82.56333333333333,107.21,0.8,348.28,371.06,0,0,0,0,0,28.051833849999998,2.393624551586307,1
418,high_confidence_satellite_with_news,satellite_news,0,0,2,0.5,87.65,87.65,1.0,365.28,378.71,0,0,0,1,0,19.68589665,1.3714641673820485,1
419,high_low_satellite_with_news_real_fire,mixed_confidence,2,0,1,1.0,58.51,87.7,1.0,321.5333333333333,338.96,0,1,0,1,0,28.377425116666664,3.4734167505941076,1
420,high_low_satellite_with_news_real_fire,mixed_confidence,1,0,2,1.0,86.41333333333334,114.37,1.0,374.53999999999996,387.34,0,0,1,0,0,5.8863001666666666,2.267496383658413,1
421,nominal_low_satellite_with_news_real_fire,mixed_confidence,0,2,0,1.0,23.215,29.93,1.0,350.99,361.79,0,1,1,0,0,22.588073883333333,3.1302403651981856,1
422,correlated_satellite_news_false_alarm,satellite_news,0,1,0,1.0,36.51,36.51,1.0,342.99,342.99,0,1,1,0,0,15.039448466666666,1.6580070896122674,0
423,nominal_low_satellite_with_news_real_fire,mixed_confidence,2,1,0,1.0,61.80666666666667,70.99,0.6666666666666666,299.67499999999995,303.08,0,1,0,0,0,19.553869583333334,1.3557464479875474,1
424,correlated_satellite_news_false_alarm,satellite_news,1,1,0,0.5,26.06,26.06,0.5,292.36,292.36,0,2,0,0,0,17.491252583333335,1.718516843441359,0
425,mixed_confidence_satellite_real_fire,mixed_confidence,0,0,2,1.0,51.93,91.44,1.0,329.53499999999997,354.27,0,1,0,1,0,23.36680653333333,2.907403381199423,1
426,mixed_confidence_satellite_real_fire,mixed_confidence,0,3,1,0.75,67.75,92.9,0.5,320.66499999999996,333.39,1,0,0,1,0,28.42723576666667,2.4317059089333615,1
427,news_rumor_no_fire,news_only,0,0,0,0.0,0.0,0.0,0.0,0.0,0.0,0,0,0,0,1,0.0,0.0,0
428,news_rumor_no_fire,news_only,0,0,0,0.0,0.0,0.0,0.0,0.0,0.0,0,1,0,0,0,0.0,0.0,0
429,satellite_only_before_news,satellite_only,0,1,1,1.0,82.62,95.21,1.0,309.29499999999996,317.76,0,0,0,0,0,9.209646416666667,0.8314055566880292,1
430,persistent_non_wildfire_heat_source,multi_satellite,1,2,0,0.6666666666666666,84.57,84.58,0.6666666666666666,325.455,354.45,0,0,0,0,0,32.51874393333333,1.7328202913949962,0
431,nominal_satellite_with_news,satellite_news,0,2,0,1.0,29.35,40.84,0.5,302.23,302.23,0,1,1,0,0,24.318348633333336,1.5471284576240432,1
432,news_rumor_no_fire,news_only,0,0,0,0.0,0.0,0.0,0.0,0.0,0.0,1,0,0,0,0,0.0,0.0,0
433,low_confidence_satellite_noise,satellite_only,2,0,0,0.0,0.0,0.0,1.0,315.92999999999995,325.58,0,0,0,0,0,10.29256755,2.0866353797927766,0
434,high_low_satellite_false_alarm,mixed_confidence,0,0,3,1.0,66.14,75.24,1.0,366.5933333333333,383.53,0,0,0,0,0,10.706645916666668,1.2403985154421806,0
435,news_only_before_satellite,news_only,0,0,0,0.0,0.0,0.0,0.0,0.0,0.0,0,0,1,0,1,5.38730665,0.2317215712642024,1
436,news_rumor_no_fire,news_only,0,0,0,0.0,0.0,0.0,0.0,0.0,0.0,0,0,0,0,1,0.0,0.0,0
437,satellite_only_before_news,satellite_only,0,1,0,1.0,37.26,37.26,0.0,0.0,0.0,0,0,0,0,0,0.0,0.0,1
438,nominal_satellite_with_news,satellite_news,0,2,0,1.0,55.785,76.82,1.0,338.31,355.17,0,1,0,0,0,15.210641533333334,1.2955024518962768,1
439,mixed_confidence_non_fire_heat_source,mixed_confidence,0,1,2,0.6666666666666666,23.435000000000002,34.14,0.3333333333333333,297.75,297.75,0,0,0,0,0,23.598903683333333,1.5367856460120575,0
440,multiple_news_same_false_alarm,news_only,0,0,0,0.0,0.0,0.0,0.0,0.0,0.0,1,1,0,0,0,16.22898341666667,0.9386962232466353,0
441,multiple_news_same_false_alarm,news_only,0,0,0,0.0,0.0,0.0,0.0,0.0,0.0,1,2,0,0,0,30.522515066666664,0.8732251796332305,0
442,satellite_only_before_news,satellite_only,0,0,1,0.0,0.0,0.0,1.0,347.56,347.56,0,0,0,0,0,0.0,0.0,1
443,nominal_satellite_false_heat_source,satellite_only,0,1,0,1.0,15.32,15.32,1.0,307.55,307.55,0,0,0,0,0,0.0,0.0,0
444,nominal_low_satellite_with_news_real_fire,mixed_confidence,1,2,0,0.3333333333333333,48.23,48.23,0.3333333333333333,344.22,344.22,0,2,0,0,0,30.340116683333335,2.275459346031199,1
445,news_only_before_satellite,news_only,0,0,0,0.0,0.0,0.0,0.0,0.0,0.0,0,1,0,0,0,0.0,0.0,1
446,high_confidence_satellite_false_positive,satellite_only,0,0,1,1.0,28.16,28.16,1.0,393.86,393.86,0,0,0,0,0,0.0,0.0,0
447,mixed_satellite_with_false_news,mixed_confidence,0,2,1,0.6666666666666666,77.6,88.02,0.6666666666666666,314.57500000000005,324.6,1,0,1,0,0,28.47910565,2.5476331539992154,0
448,low_confidence_satellite_noise,satellite_only,2,0,0,1.0,13.345,18.51,1.0,310.62,317.54,0,0,0,0,0,12.564878983333333,2.836182550876311,0
449,high_low_satellite_false_alarm,mixed_confidence,3,0,0,0.6666666666666666,79.875,85.32,0.6666666666666666,343.305,360.57,1,0,0,0,0,15.458417816666667,2.1337265102152445,0
450,nominal_satellite_with_news,satellite_news,0,1,0,1.0,61.61,61.61,1.0,327.54,327.54,0,2,0,0,0,36.47269283333333,2.5790307602604674,1
451,nominal_satellite_with_news,satellite_news,0,2,0,1.0,56.95,67.08,0.0,0.0,0.0,0,0,2,0,0,24.13183048333333,1.6029437045252095,1
452,satellite_only_before_news,satellite_only,0,1,0,0.0,0.0,0.0,1.0,337.8,337.8,0,0,0,0,0,0.0,0.0,1
453,multiple_news_same_false_alarm,news_only,0,0,0,0.0,0.0,0.0,0.0,0.0,0.0,2,2,0,0,0,36.10096541666667,0.7074062132911005,0
454,high_low_satellite_with_news_real_fire,mixed_confidence,3,0,0,0.6666666666666666,57.045,72.39,1.0,343.5566666666667,375.44,0,0,0,1,0,15.852379516666668,1.7707330832723682,1
455,mixed_confidence_satellite_real_fire,mixed_confidence,0,3,0,0.6666666666666666,34.58,56.97,0.6666666666666666,319.995,325.56,0,1,0,0,0,20.390627116666668,2.6498999793706526,1
456,news_rumor_no_fire,news_only,0,0,0,0.0,0.0,0.0,0.0,0.0,0.0,1,0,0,0,0,0.0,0.0,0
457,nominal_satellite_false_heat_source,satellite_only,0,1,0,0.0,0.0,0.0,1.0,334.2,334.2,0,0,0,0,0,0.0,0.0,0
458,multi_satellite_real_fire,multi_satellite,0,1,1,0.5,27.7,27.7,1.0,348.44,375.36,0,0,0,0,0,1.1082593333333333,2.9157863504467385,1
459,multi_satellite_real_fire,multi_satellite,0,2,1,0.6666666666666666,51.709999999999994,66.24,0.6666666666666666,360.94,365.06,0,0,0,0,0,26.488502,0.8185353078978548,1
460,satellite_only_before_news,satellite_only,0,0,2,1.0,66.235,75.36,1.0,331.37,332.74,0,0,0,0,0,0.24906663333333334,0.9691421819236099,1
461,mixed_confidence_non_fire_heat_source,mixed_confidence,2,1,0,1.0,48.59333333333334,69.04,0.6666666666666666,329.11,352.03,0,0,0,0,0,14.884150416666667,1.3622081174720315,0
462,correlated_satellite_news_false_alarm,satellite_news,0,1,0,1.0,27.79,27.79,1.0,343.22,343.22,0,0,1,0,0,18.863870666666667,1.9623443538154692,0
463,high_low_satellite_false_alarm,mixed_confidence,1,0,2,0.3333333333333333,53.98,53.98,0.6666666666666666,319.435,328.39,0,0,0,0,0,25.86294975,1.8273209917886848,0
464,high_low_satellite_with_news_real_fire,mixed_confidence,2,0,0,1.0,53.935,88.05,0.5,385.82,385.82,0,1,0,0,0,8.505952333333333,1.8511674634396142,1
465,persistent_non_wildfire_heat_source,multi_satellite,1,1,0,0.5,88.36,88.36,1.0,331.44,357.12,0,0,0,0,0,2.89103985,1.171814639444111,0
466,news_only_before_satellite,news_only,0,0,0,0.0,0.0,0.0,0.0,0.0,0.0,0,1,1,0,0,17.70186346666667,0.5236334480983943,1
467,mixed_confidence_satellite_real_fire,mixed_confidence,1,2,0,0.6666666666666666,32.62,39.91,0.0,0.0,0.0,0,0,1,1,0,21.366965216666664,2.8509461746155873,1
468,multi_satellite_real_fire,multi_satellite,0,3,0,1.0,65.02666666666666,105.32,0.6666666666666666,343.78499999999997,364.65,0,0,0,0,0,38.14885228333333,1.7460692405660334,1
469,high_confidence_satellite_false_positive,satellite_only,0,0,1,1.0,30.5,30.5,0.0,0.0,0.0,0,0,0,0,0,0.0,0.0,0
470,news_only_before_satellite,news_only,0,0,0,0.0,0.0,0.0,0.0,0.0,0.0,0,0,0,0,1,0.0,0.0,1
471,mixed_confidence_non_fire_heat_source,mixed_confidence,0,2,2,0.75,51.346666666666664,76.5,0.75,351.51666666666665,359.82,0,0,0,0,0,6.861322483333334,2.344264923314953,0
472,nominal_satellite_with_news,satellite_news,0,2,0,1.0,45.175,61.71,1.0,304.695,307.36,0,1,0,0,0,28.172454316666666,1.3225103959296687,1
473,news_only_before_satellite,news_only,0,0,0,0.0,0.0,0.0,0.0,0.0,0.0,0,1,0,0,1,0.18698563333333332,0.5140238858293575,1
474,low_confidence_satellite_noise,satellite_only,1,0,0,0.0,0.0,0.0,1.0,328.28,328.28,0,0,0,0,0,0.0,0.0,0
475,satellite_only_before_news,satellite_only,0,0,2,1.0,93.64500000000001,97.23,0.5,340.93,340.93,0,0,0,0,0,17.100735550000003,1.2937102363185855,1
476,multi_confidence_persistent_real_fire,multi_satellite,0,3,0,0.6666666666666666,107.73,110.98,1.0,337.02333333333337,356.82,0,1,0,0,0,23.511627433333334,2.5142086143316593,1
477,high_confidence_satellite_with_news,satellite_news,0,0,1,0.0,0.0,0.0,1.0,375.95,375.95,0,0,0,2,0,17.69607776666667,1.5572332233643014,1
478,high_low_satellite_false_alarm,mixed_confidence,3,0,0,0.0,0.0,0.0,1.0,342.8733333333333,380.46,1,0,0,0,0,22.055966783333336,1.0077065214383985,0
479,nominal_satellite_false_heat_source,satellite_only,0,2,0,1.0,28.285000000000004,34.06,0.5,330.35,330.35,0,0,0,0,0,0.8243924666666668,0.4364887521605031,0
480,multi_confidence_persistent_real_fire,multi_satellite,0,1,2,0.3333333333333333,22.02,22.02,1.0,350.87999999999994,369.0,0,0,0,0,0,21.2969869,0.6983672949059144,1
481,high_low_satellite_with_news_real_fire,mixed_confidence,3,0,0,0.6666666666666666,51.615,78.43,1.0,332.60999999999996,353.52,0,1,0,0,0,22.072487183333333,2.421530336472174,1
482,multiple_news_same_false_alarm,news_only,0,0,0,0.0,0.0,0.0,0.0,0.0,0.0,0,1,1,0,0,38.041485433333335,1.0259614296470767,0
483,persistent_non_wildfire_heat_source,multi_satellite,2,1,0,1.0,71.89999999999999,77.32,1.0,329.58666666666664,355.54,0,0,0,0,0,16.819218966666668,2.9041638297129935,0
484,nominal_satellite_with_news,satellite_news,0,2,0,0.5,42.31,42.31,1.0,322.145,328.15,0,0,1,1,0,28.056322299999998,2.3829210124131888,1
485,high_confidence_satellite_false_positive,satellite_only,0,0,1,0.0,0.0,0.0,1.0,382.74,382.74,0,0,0,0,0,0.0,0.0,0
486,high_low_satellite_false_alarm,mixed_confidence,2,0,1,0.6666666666666666,57.394999999999996,79.72,1.0,333.4166666666667,360.09,0,0,0,0,0,27.2788079,1.4454960425316108,0
487,high_confidence_satellite_false_positive,satellite_only,0,0,1,1.0,107.75,107.75,1.0,316.97,316.97,0,0,0,0,0,0.0,0.0,0
488,satellite_only_before_news,satellite_only,0,1,0,1.0,23.23,23.23,1.0,304.24,304.24,0,0,0,0,0,0.0,0.0,1
489,correlated_satellite_news_false_alarm,satellite_news,0,2,0,0.5,61.55,61.55,1.0,311.71000000000004,329.74,0,0,2,0,0,9.384964033333334,1.8723992142458943,0
490,multiple_news_same_false_alarm,news_only,0,0,0,0.0,0.0,0.0,0.0,0.0,0.0,3,1,0,0,0,11.771407333333334,0.6711921117348598,0
491,high_low_satellite_false_alarm,mixed_confidence,2,0,1,1.0,49.97,117.63,0.3333333333333333,375.21,375.21,0,1,0,0,0,4.5424901166666665,1.5305742361796055,0
492,news_only_before_satellite,news_only,0,0,0,0.0,0.0,0.0,0.0,0.0,0.0,0,0,1,0,0,0.0,0.0,1
493,low_confidence_satellite_noise,satellite_only,3,0,0,0.0,0.0,0.0,0.6666666666666666,305.595,311.94,0,0,0,0,0,13.916061466666667,2.0438680958640325,0
494,multi_confidence_persistent_real_fire,multi_satellite,1,2,1,0.75,65.66333333333333,98.07,0.75,344.9666666666667,361.94,0,0,0,0,0,19.02414601666667,3.653633874894925,1
495,nominal_satellite_with_news,satellite_news,0,1,0,0.0,0.0,0.0,1.0,307.96,307.96,0,1,0,0,0,7.21684035,2.502493879162891,1
496,high_confidence_satellite_with_news,satellite_news,0,0,3,1.0,42.75,48.89,0.6666666666666666,357.96500000000003,357.97,0,0,0,2,0,17.381781266666668,3.012590000107833,1
497,news_rumor_no_fire,news_only,0,0,0,0.0,0.0,0.0,0.0,0.0,0.0,0,0,1,0,0,0.0,0.0,0
498,nominal_satellite_false_heat_source,satellite_only,0,1,0,1.0,42.48,42.48,1.0,331.75,331.75,0,0,0,0,0,0.0,0.0,0
499,low_confidence_satellite_noise,satellite_only,1,0,0,0.0,0.0,0.0,1.0,303.56,303.56,0,0,0,0,0,0.0,0.0,0
500,high_low_satellite_false_alarm,mixed_confidence,0,0,2,1.0,36.59,48.79,0.0,0.0,0.0,0,0,0,0,0,12.856623166666667,1.5246674099931212,0
501,news_only_before_satellite,news_only,0,0,0,0.0,0.0,0.0,0.0,0.0,0.0,0,1,0,0,0,0.0,0.0,1
502,nominal_satellite_with_news,satellite_news,0,1,0,1.0,50.04,50.04,1.0,347.25,347.25,0,0,1,0,0,3.445914666666667,1.0964236192238066,1
503,correlated_satellite_news_false_alarm,satellite_news,1,1,0,0.5,35.48,35.48,1.0,327.06,336.08,0,1,1,0,0,21.7223196,1.259766658041197,0
504,nominal_low_satellite_with_news_real_fire,mixed_confidence,1,1,0,1.0,14.08,14.24,0.5,307.77,307.77,0,0,1,0,0,1.6302930666666666,0.8222144033300421,1
505,high_confidence_satellite_with_news,satellite_news,0,0,3,1.0,68.42999999999999,107.25,1.0,355.56333333333333,390.12,0,0,0,1,0,18.244125466666667,3.585443949770531,1
506,multi_satellite_real_fire,multi_satellite,0,2,1,0.3333333333333333,57.37,57.37,1.0,367.74666666666667,369.88,0,0,0,0,0,25.690176016666666,0.6575363722834573,1
507,high_confidence_satellite_false_positive,satellite_only,0,0,1,1.0,76.38,76.38,1.0,376.29,376.29,0,0,0,0,0,0.0,0.0,0
508,multiple_news_same_false_alarm,news_only,0,0,0,0.0,0.0,0.0,0.0,0.0,0.0,0,0,2,0,0,12.629570866666667,1.239463518567827,0
509,high_confidence_satellite_false_positive,satellite_only,0,0,1,0.0,0.0,0.0,1.0,323.8,323.8,0,0,0,0,0,0.0,0.0,0
510,correlated_satellite_news_false_alarm,satellite_news,1,0,0,0.0,0.0,0.0,1.0,321.57,321.57,0,0,2,0,0,21.43587905,3.3549032964503454,0
511,news_rumor_no_fire,news_only,0,0,0,0.0,0.0,0.0,0.0,0.0,0.0,0,0,0,0,1,0.0,0.0,0
512,nominal_satellite_with_news,satellite_news,0,2,0,1.0,49.285,61.82,1.0,316.74,332.98,0,0,1,1,0,37.90478951666667,3.562936653058522,1
513,multiple_news_same_false_alarm,news_only,0,0,0,0.0,0.0,0.0,0.0,0.0,0.0,0,1,1,0,0,15.0217365,1.6549753643024108,0
514,multi_confidence_persistent_real_fire,multi_satellite,3,0,2,0.8,67.785,103.0,0.8,341.25,364.3,1,0,0,0,0,46.13494456666667,1.3076209952316107,1
515,satellite_only_before_news,satellite_only,0,2,0,0.5,71.64,71.64,0.5,298.9,298.9,0,0,0,0,0,2.6922877499999998,1.9142684130809986,1
516,mixed_confidence_satellite_real_fire,mixed_confidence,1,0,2,0.6666666666666666,96.03,108.39,1.0,327.44666666666666,333.03,2,0,0,0,0,13.9726057,3.2843538184037344,1
517,mixed_satellite_with_false_news,mixed_confidence,1,0,2,1.0,65.15666666666667,78.35,0.6666666666666666,341.82,345.69,0,0,1,0,0,17.786848866666666,3.0968230267564785,0
518,multiple_news_same_false_alarm,news_only,0,0,0,0.0,0.0,0.0,0.0,0.0,0.0,1,0,1,0,0,34.69613353333333,1.2110942171077965,0
519,multi_satellite_real_fire,multi_satellite,0,1,1,1.0,87.76,113.75,1.0,353.66,355.97,0,0,0,0,0,1.4346363999999998,3.182458729338737,1
520,high_confidence_satellite_false_positive,satellite_only,0,0,1,1.0,127.82,127.82,1.0,364.15,364.15,0,0,0,0,0,0.0,0.0,0
521,high_low_satellite_false_alarm,mixed_confidence,1,0,1,1.0,52.425,74.46,1.0,305.245,307.95,1,0,0,0,0,8.652769549999999,2.3030979496522757,0
522,satellite_only_before_news,satellite_only,0,1,0,0.0,0.0,0.0,0.0,0.0,0.0,0,0,0,0,0,0.0,0.0,1
523,multiple_news_same_false_alarm,news_only,0,0,0,0.0,0.0,0.0,0.0,0.0,0.0,2,1,1,0,0,43.791174700000006,1.1454939093602634,0
524,nominal_low_satellite_with_news_real_fire,mixed_confidence,2,1,0,0.3333333333333333,51.74,51.74,1.0,320.9866666666667,366.21,0,1,0,0,0,16.71296215,2.685392458343035,1
525,high_confidence_satellite_with_news,satellite_news,0,0,2,1.0,75.34,89.05,1.0,354.915,357.16,0,0,1,1,0,6.356544366666666,2.3971906774663463,1
526,correlated_satellite_news_false_alarm,satellite_news,2,0,0,0.5,63.44,63.44,0.5,339.51,339.51,0,0,1,0,0,14.017898016666667,2.7429437626230375,0
527,mixed_satellite_with_false_news,mixed_confidence,0,0,2,0.0,0.0,0.0,1.0,343.59,359.84,0,0,1,0,0,5.062413766666666,2.3492071897660414,0
528,news_only_before_satellite,news_only,0,0,0,0.0,0.0,0.0,0.0,0.0,0.0,0,1,0,0,1,3.7701502999999996,0.7806394994510576,1
529,mixed_satellite_with_false_news,mixed_confidence,1,1,0,1.0,79.07,86.33,0.5,351.84,351.84,1,1,0,0,0,27.768550899999997,1.8927916725553513,0
530,multi_confidence_persistent_real_fire,multi_satellite,1,1,1,0.6666666666666666,71.9,86.27,1.0,309.4166666666667,314.53,0,0,1,0,0,46.740364916666664,2.324127176866033,1
531,persistent_non_wildfire_heat_source,multi_satellite,0,2,0,1.0,82.92,86.39,1.0,316.49,329.73,0,0,0,0,0,2.7784981666666666,1.2594019728734887,0
532,low_confidence_satellite_noise,satellite_only,3,0,0,0.6666666666666666,15.07,15.22,0.6666666666666666,305.62,311.83,0,0,0,0,0,9.583385016666666,2.9357618530625937,0
533,nominal_low_satellite_with_news_real_fire,mixed_confidence,0,2,0,1.0,35.525,55.97,1.0,350.145,368.0,0,1,0,0,0,8.924540949999999,3.326129394917661,1
534,mixed_confidence_non_fire_heat_source,mixed_confidence,1,0,2,1.0,68.52,79.55,0.6666666666666666,322.77,348.09,0,0,0,0,0,7.0513718,1.8587696995844,0
535,nominal_low_satellite_with_news_real_fire,mixed_confidence,2,1,0,1.0,61.379999999999995,84.57,0.0,0.0,0.0,0,2,0,0,0,15.245570916666667,2.090287562471005,1
536,multi_satellite_plus_multi_news,satellite_news,0,0,2,1.0,84.925,125.19,1.0,353.405,356.53,0,0,0,2,0,27.403808916666666,1.3844262492958788,1
537,mixed_confidence_non_fire_heat_source,mixed_confidence,3,0,0,1.0,40.053333333333335,54.73,0.6666666666666666,328.34,360.4,0,0,0,0,0,19.0879689,0.6821699002164898,0
538,multi_confidence_persistent_real_fire,multi_satellite,0,3,2,0.6,84.28666666666668,115.33,1.0,329.666,349.6,0,0,0,0,0,36.09804281666666,3.163187896152305,1
539,correlated_satellite_news_false_alarm,satellite_news,0,2,0,0.5,6.65,6.65,0.5,290.38,290.38,0,1,1,0,0,22.066344916666665,2.0045728803288783,0
540,multi_satellite_real_fire,multi_satellite,0,2,0,1.0,72.33000000000001,72.48,1.0,340.48,346.91,0,0,0,0,0,12.5252898,3.312937014207993,1
541,high_low_satellite_with_news_real_fire,mixed_confidence,1,0,1,1.0,40.165,48.11,0.5,306.26,306.26,0,2,0,0,0,23.654150516666668,2.338412154431137,1
542,multi_confidence_persistent_real_fire,multi_satellite,1,3,0,0.75,66.96333333333334,89.15,0.75,324.50333333333333,341.13,0,0,0,2,0,46.70114375,3.0607071179646175,1
543,high_confidence_satellite_with_news,satellite_news,0,0,1,1.0,117.4,117.4,1.0,368.99,368.99,0,0,0,2,0,22.203728416666667,2.2817613343701577,1
544,satellite_only_before_news,satellite_only,0,2,0,0.5,22.95,22.95,1.0,317.195,319.38,0,0,0,0,0,2.9798835833333333,1.4297162901884237,1
545,nominal_satellite_false_heat_source,satellite_only,0,2,0,0.5,23.05,23.05,0.5,332.12,332.12,0,0,0,0,0,5.46116305,0.93518277489584,0
546,multi_confidence_persistent_real_fire,multi_satellite,1,1,1,1.0,78.93666666666667,110.62,0.6666666666666666,345.78,373.35,0,0,0,0,0,41.69049281666666,1.6663388066984568,1
547,nominal_low_satellite_with_news_real_fire,mixed_confidence,3,0,0,0.6666666666666666,69.685,73.9,1.0,338.7733333333333,360.89,0,1,1,0,0,19.305450133333334,2.6466521478415754,1
548,mixed_satellite_with_false_news,mixed_confidence,0,1,0,1.0,18.32,18.32,0.0,0.0,0.0,1,0,0,0,0,2.64244865,1.270930766276921,0
549,multi_confidence_persistent_real_fire,multi_satellite,3,0,1,0.75,76.7,112.02,0.75,340.80333333333334,378.67,0,0,0,0,0,26.2289368,2.449644446192694,1
550,mixed_confidence_non_fire_heat_source,mixed_confidence,0,2,2,0.5,41.42,62.48,0.5,340.675,363.79,0,0,0,0,0,19.656082483333332,1.0125590774209985,0
551,mixed_satellite_with_false_news,mixed_confidence,0,0,2,0.5,11.54,11.54,0.5,348.68,348.68,0,2,0,0,0,17.631493566666666,3.714943408982134,0
552,news_only_before_satellite,news_only,0,0,0,0.0,0.0,0.0,0.0,0.0,0.0,0,0,0,0,1,0.0,0.0,1
553,high_confidence_satellite_with_news,satellite_news,0,0,1,1.0,145.68,145.68,1.0,387.58,387.58,0,0,0,2,0,15.371552933333334,1.1053372139777788,1
554,multiple_news_same_false_alarm,news_only,0,0,0,0.0,0.0,0.0,0.0,0.0,0.0,1,1,0,0,0,39.4018887,0.7116596873636232,0
555,mixed_confidence_non_fire_heat_source,mixed_confidence,1,2,0,0.6666666666666666,31.395000000000003,52.52,0.0,0.0,0.0,0,0,0,0,0,20.315267533333333,0.9388280023379878,0
556,mixed_confidence_satellite_real_fire,mixed_confidence,1,0,1,0.5,80.43,80.43,1.0,318.875,326.13,0,0,0,1,0,27.986831583333334,0.2720380528365392,1
557,news_rumor_no_fire,news_only,0,0,0,0.0,0.0,0.0,0.0,0.0,0.0,0,0,1,0,0,0.0,0.0,0
558,multiple_news_same_false_alarm,news_only,0,0,0,0.0,0.0,0.0,0.0,0.0,0.0,0,0,2,0,0,15.9513387,0.658329214416415,0
559,multiple_news_same_false_alarm,news_only,0,0,0,0.0,0.0,0.0,0.0,0.0,0.0,0,1,1,0,0,6.4103125,0.601222138190268,0
560,news_only_before_satellite,news_only,0,0,0,0.0,0.0,0.0,0.0,0.0,0.0,0,1,0,0,0,0.0,0.0,1
561,high_low_satellite_with_news_real_fire,mixed_confidence,2,0,1,0.6666666666666666,78.835,106.44,0.6666666666666666,343.66999999999996,363.7,0,0,0,2,0,17.5879979,1.8081037892280711,1
562,mixed_confidence_non_fire_heat_source,mixed_confidence,2,0,1,0.3333333333333333,53.69,53.69,0.6666666666666666,357.22,371.2,0,0,0,0,0,19.7950184,1.8419260052787485,0
563,nominal_low_satellite_with_news_real_fire,mixed_confidence,2,0,0,0.5,53.24,53.24,0.5,369.1,369.1,0,2,0,0,0,23.2465625,2.751437822479988,1
564,satellite_only_before_news,satellite_only,0,2,0,1.0,75.955,93.53,1.0,342.575,367.34,0,0,0,0,0,7.417241000000001,2.65861892459648,1
565,high_confidence_satellite_false_positive,satellite_only,0,0,1,1.0,21.38,21.38,0.0,0.0,0.0,0,0,0,0,0,0.0,0.0,0
566,high_confidence_satellite_with_news,satellite_news,0,0,2,1.0,90.19,101.99,1.0,380.73,391.34,0,0,0,1,0,9.323100216666667,3.0393828627428503,1
567,high_low_satellite_with_news_real_fire,mixed_confidence,2,0,1,0.3333333333333333,58.4,58.4,0.6666666666666666,362.06,379.63,0,0,0,1,0,20.1583667,3.224760108748319,1
568,mixed_confidence_satellite_real_fire,mixed_confidence,3,1,0,1.0,58.754999999999995,109.06,1.0,320.1625,332.84,1,0,0,0,0,30.2678443,1.6160220789128033,1
569,nominal_satellite_with_news,satellite_news,0,1,0,1.0,71.75,71.75,1.0,306.48,306.48,0,0,2,0,0,11.130145316666667,1.4315409971786053,1
570,high_low_satellite_false_alarm,mixed_confidence,1,0,1,0.5,43.73,43.73,0.5,335.39,335.39,0,0,0,0,0,21.5673198,0.7724347504107839,0
571,nominal_satellite_with_news,satellite_news,0,1,0,1.0,77.17,77.17,1.0,351.98,351.98,0,1,0,0,0,19.05345871666667,0.5677192791124311,1
572,mixed_confidence_non_fire_heat_source,mixed_confidence,0,1,1,1.0,56.405,71.65,1.0,349.88,359.38,0,0,0,0,0,6.92287595,0.5967696168065668,0
573,nominal_satellite_with_news,satellite_news,0,1,0,0.0,0.0,0.0,1.0,328.67,328.67,0,0,0,1,0,8.704729033333333,0.9557031367764056,1
574,low_confidence_satellite_noise,satellite_only,3,0,0,0.3333333333333333,15.45,15.45,0.6666666666666666,302.58500000000004,305.16,0,0,0,0,0,25.0777318,0.9096652177360236,0
575,high_confidence_satellite_with_news,satellite_news,0,0,2,1.0,32.61,33.5,1.0,366.87,395.77,0,0,0,2,0,18.762314066666665,2.36403968935851,1
576,multiple_news_same_false_alarm,news_only,0,0,0,0.0,0.0,0.0,0.0,0.0,0.0,2,0,1,0,0,14.269362616666665,0.5644515432454863,0
577,nominal_satellite_false_heat_source,satellite_only,0,2,0,0.5,48.19,48.19,1.0,322.945,333.33,0,0,0,0,0,0.7874523666666666,1.0009108278408412,0
578,news_only_before_satellite,news_only,0,0,0,0.0,0.0,0.0,0.0,0.0,0.0,0,0,0,0,1,0.0,0.0,1
579,mixed_satellite_with_false_news,mixed_confidence,1,2,0,1.0,66.01333333333334,86.75,0.6666666666666666,328.885,330.9,0,1,0,0,0,29.0357245,1.8869588920740572,0
580,high_low_satellite_false_alarm,mixed_confidence,1,0,1,0.0,0.0,0.0,1.0,350.17,363.85,0,1,0,0,0,14.32135825,2.264286081006357,0
581,multi_satellite_real_fire,multi_satellite,0,1,1,1.0,76.73,93.65,1.0,353.865,354.57,0,0,0,0,0,16.316217683333335,1.1122962293619454,1
582,multi_satellite_real_fire,multi_satellite,0,4,0,0.75,67.10000000000001,85.51,0.5,342.305,369.06,0,0,0,0,0,26.632619316666666,3.001006394946079,1
583,nominal_satellite_false_heat_source,satellite_only,0,2,0,0.5,20.51,20.51,0.5,311.27,311.27,0,0,0,0,0,2.4464562333333335,0.9450438648700565,0
584,nominal_satellite_false_heat_source,satellite_only,0,1,0,0.0,0.0,0.0,1.0,301.62,301.62,0,0,0,0,0,0.0,0.0,0
585,mixed_confidence_non_fire_heat_source,mixed_confidence,2,1,1,1.0,75.065,96.18,1.0,338.43,356.15,0,0,0,0,0,24.30762785,2.2420654631369845,0
586,high_confidence_satellite_false_positive,satellite_only,0,0,1,0.0,0.0,0.0,1.0,319.14,319.14,0,0,0,0,0,0.0,0.0,0
587,mixed_satellite_with_false_news,mixed_confidence,1,0,0,0.0,0.0,0.0,0.0,0.0,0.0,0,1,0,0,0,10.296747100000001,0.33131036100669936,0
588,mixed_confidence_satellite_real_fire,mixed_confidence,1,2,1,1.0,60.23750000000001,96.64,1.0,366.4325,373.93,2,0,0,0,0,37.39261103333333,3.416464450692107,1
589,correlated_satellite_news_false_alarm,satellite_news,1,1,0,0.5,68.21,68.21,0.5,315.32,315.32,0,1,1,0,0,16.382897883333335,3.1338700084905553,0
590,nominal_satellite_false_heat_source,satellite_only,0,2,0,0.5,37.41,37.41,0.5,330.32,330.32,0,0,0,0,0,3.0027570000000003,0.10599553207157421,0
591,nominal_low_satellite_with_news_real_fire,mixed_confidence,1,1,0,0.5,39.68,39.68,1.0,306.52,308.55,0,1,1,0,0,14.93480935,2.908867138138295,1
592,persistent_non_wildfire_heat_source,multi_satellite,1,1,0,1.0,37.980000000000004,40.81,0.5,324.94,324.94,0,0,0,0,0,5.65004375,2.197583030636185,0
593,nominal_satellite_false_heat_source,satellite_only,0,1,0,1.0,18.85,18.85,0.0,0.0,0.0,0,0,0,0,0,0.0,0.0,0
594,high_low_satellite_with_news_real_fire,mixed_confidence,1,0,2,0.3333333333333333,57.88,57.88,1.0,344.03,383.28,0,0,2,0,0,33.17135495,2.0995431209737685,1
595,multi_satellite_real_fire,multi_satellite,0,2,2,0.75,92.70666666666666,108.59,0.5,359.58000000000004,361.79,0,0,0,0,0,35.33739691666666,0.5654673458630776,1
596,nominal_satellite_false_heat_source,satellite_only,0,1,0,1.0,16.81,16.81,0.0,0.0,0.0,0,0,0,0,0,0.0,0.0,0
597,mixed_confidence_non_fire_heat_source,mixed_confidence,0,0,2,0.0,0.0,0.0,1.0,345.145,357.82,0,0,0,0,0,12.2287648,0.7651803086300696,0
598,mixed_satellite_with_false_news,mixed_confidence,1,1,0,1.0,46.69,75.94,1.0,351.94,354.48,0,1,0,0,0,15.00558455,1.049136843881915,0
599,high_low_satellite_false_alarm,mixed_confidence,2,0,0,1.0,93.91,117.8,1.0,341.96000000000004,363.35,0,1,0,0,0,19.878577616666668,2.3301314146707366,0
600,news_only_before_satellite,news_only,0,0,0,0.0,0.0,0.0,0.0,0.0,0.0,0,0,2,0,0,28.018932600000003,0.8841295185690677,1
601,low_confidence_satellite_noise,satellite_only,1,0,0,1.0,10.58,10.58,1.0,319.17,319.17,0,0,0,0,0,0.0,0.0,0
602,high_confidence_satellite_with_news,satellite_news,0,0,2,0.5,102.01,102.01,1.0,315.35,318.98,0,0,0,1,0,18.98868525,0.7029167237320001,1
603,mixed_confidence_satellite_real_fire,mixed_confidence,0,2,0,1.0,53.405,88.49,0.5,325.37,325.37,1,0,0,0,0,32.61142916666667,3.348230749539976,1
604,nominal_satellite_false_heat_source,satellite_only,0,1,0,1.0,54.53,54.53,1.0,314.71,314.71,0,0,0,0,0,0.0,0.0,0
605,high_confidence_satellite_with_news,satellite_news,0,0,3,0.6666666666666666,82.665,100.79,1.0,345.45666666666665,394.39,0,0,0,1,0,14.54945035,2.004039298816974,1
606,multiple_news_same_false_alarm,news_only,0,0,0,0.0,0.0,0.0,0.0,0.0,0.0,2,0,0,0,0,6.5066207,0.14007923642724707,0
607,correlated_satellite_news_false_alarm,satellite_news,1,1,0,1.0,19.365,30.86,1.0,324.66999999999996,344.84,0,0,1,0,0,5.799759216666667,1.6861931397579273,0
608,news_rumor_no_fire,news_only,0,0,0,0.0,0.0,0.0,0.0,0.0,0.0,0,0,1,0,0,0.0,0.0,0
609,persistent_non_wildfire_heat_source,multi_satellite,0,2,0,0.0,0.0,0.0,0.5,311.58,311.58,0,0,0,0,0,4.735683783333333,1.8194775750823078,0
610,multi_satellite_real_fire,multi_satellite,0,0,2,1.0,75.615,77.13,1.0,356.11,371.39,0,0,0,0,0,7.854357916666667,1.7156596818590326,1
611,news_rumor_no_fire,news_only,0,0,0,0.0,0.0,0.0,0.0,0.0,0.0,0,0,0,1,0,0.0,0.0,0
612,low_confidence_satellite_noise,satellite_only,2,0,0,0.0,0.0,0.0,0.5,297.44,297.44,0,0,0,0,0,8.5832994,1.7202730479964434,0
613,news_rumor_no_fire,news_only,0,0,0,0.0,0.0,0.0,0.0,0.0,0.0,1,0,0,0,0,0.0,0.0,0
614,nominal_satellite_false_heat_source,satellite_only,0,1,0,0.0,0.0,0.0,1.0,295.28,295.28,0,0,0,0,0,0.0,0.0,0
615,satellite_only_before_news,satellite_only,0,0,1,1.0,71.78,71.78,1.0,327.53,327.53,0,0,0,0,0,0.0,0.0,1
616,nominal_satellite_false_heat_source,satellite_only,0,1,0,1.0,14.71,14.71,1.0,297.0,297.0,0,0,0,0,0,0.0,0.0,0
617,low_confidence_satellite_noise,satellite_only,2,0,0,1.0,32.605000000000004,39.84,0.5,322.15,322.15,0,0,0,0,0,11.906589883333334,0.4603103791071117,0
618,mixed_confidence_non_fire_heat_source,mixed_confidence,1,1,2,0.25,105.66,105.66,0.5,325.78499999999997,351.84,0,0,0,0,0,26.3309024,1.1580904810521375,0
619,satellite_only_before_news,satellite_only,0,0,1,1.0,21.45,21.45,1.0,313.28,313.28,0,0,0,0,0,0.0,0.0,1
620,satellite_only_before_news,satellite_only,0,1,0,0.0,0.0,0.0,1.0,299.31,299.31,0,0,0,0,0,0.0,0.0,1
621,multi_confidence_persistent_real_fire,multi_satellite,1,1,2,0.5,100.465,114.13,0.75,357.18,384.21,1,0,0,0,0,30.49653088333333,2.6189746678736308,1
622,mixed_confidence_satellite_real_fire,mixed_confidence,1,2,1,1.0,57.5,85.31,0.75,350.74,378.27,0,0,0,1,0,39.85199075,3.6655901149121566,1
623,high_confidence_satellite_false_positive,satellite_only,0,0,1,1.0,108.66,108.66,1.0,354.93,354.93,0,0,0,0,0,0.0,0.0,0
624,correlated_satellite_news_false_alarm,satellite_news,1,0,0,1.0,65.47,65.47,0.0,0.0,0.0,0,2,0,0,0,13.211830583333333,2.0493677175899765,0
625,satellite_only_before_news,satellite_only,0,2,0,0.5,31.23,31.23,0.5,322.44,322.44,0,0,0,0,0,6.617976266666667,1.9548390431137317,1
626,high_low_satellite_false_alarm,mixed_confidence,3,0,0,1.0,80.96333333333332,98.59,0.6666666666666666,346.515,360.53,1,0,0,0,0,15.46621405,2.698629805952905,0
627,nominal_satellite_false_heat_source,satellite_only,0,1,0,1.0,50.74,50.74,0.0,0.0,0.0,0,0,0,0,0,0.0,0.0,0
628,mixed_confidence_satellite_real_fire,mixed_confidence,2,1,1,0.25,48.48,48.48,1.0,319.9125,333.49,1,0,0,0,0,26.77624623333333,2.5999593284441587,1
629,low_confidence_satellite_noise,satellite_only,2,0,0,1.0,15.899999999999999,20.63,1.0,311.25,312.28,0,0,0,0,0,27.815929016666665,1.4119581795361116,0
630,mixed_confidence_non_fire_heat_source,mixed_confidence,3,0,1,0.5,97.455,103.38,0.75,350.38333333333327,369.59,0,0,0,0,0,15.105033883333334,1.1416059912228367,0
631,nominal_satellite_false_heat_source,satellite_only,0,1,0,1.0,13.29,13.29,0.0,0.0,0.0,0,0,0,0,0,0.0,0.0,0
632,high_low_satellite_with_news_real_fire,mixed_confidence,0,0,2,1.0,65.305,75.84,1.0,327.225,346.63,0,1,0,1,0,29.020467399999998,2.2487765554770123,1
633,multi_satellite_plus_multi_news,satellite_news,0,3,1,1.0,63.795,87.75,0.75,346.25,354.31,0,0,1,1,0,41.48538855,2.5934953050824934,1
634,high_low_satellite_false_alarm,mixed_confidence,1,0,1,1.0,80.14,118.16,0.5,317.03,317.03,1,0,0,0,0,12.53563425,1.934822402727638,0
635,multi_confidence_persistent_real_fire,multi_satellite,2,1,2,0.8,37.575,83.89,1.0,326.798,345.18,0,0,1,1,0,41.554796366666665,3.3687610042547798,1
636,correlated_satellite_news_false_alarm,satellite_news,1,1,0,1.0,35.27,47.88,1.0,322.96000000000004,330.23,0,0,1,0,0,27.361333616666666,2.120884401812082,0
637,correlated_satellite_news_false_alarm,satellite_news,1,0,0,1.0,15.29,15.29,0.0,0.0,0.0,0,1,1,0,0,2.338014733333333,2.565719727986879,0
638,multi_confidence_persistent_real_fire,multi_satellite,1,1,3,1.0,60.660000000000004,109.51,1.0,336.26000000000005,361.63,0,1,0,0,0,42.80332305,2.3073181766195368,1
639,high_confidence_satellite_with_news,satellite_news,0,0,1,1.0,64.09,64.09,0.0,0.0,0.0,0,0,0,2,0,9.834181116666667,0.9690130214239853,1
640,high_low_satellite_with_news_real_fire,mixed_confidence,3,0,0,0.6666666666666666,23.259999999999998,27.64,1.0,332.07666666666665,358.51,0,1,0,0,0,24.641921850000003,1.1129443591863943,1
641,high_confidence_satellite_with_news,satellite_news,0,0,1,1.0,81.19,81.19,1.0,317.05,317.05,0,0,0,2,0,13.5186535,2.3000792005128825,1
642,news_only_before_satellite,news_only,0,0,0,0.0,0.0,0.0,0.0,0.0,0.0,0,1,1,0,0,6.5749785166666666,1.0351523609806232,1
643,multi_confidence_persistent_real_fire,multi_satellite,0,1,2,1.0,65.56333333333333,118.77,1.0,339.5566666666667,350.43,0,0,1,1,0,12.219406866666667,2.6470306648890647,1
644,multi_satellite_real_fire,multi_satellite,0,2,0,1.0,57.635000000000005,90.98,1.0,330.78,334.63,0,0,0,0,0,11.662825416666667,1.8260481309614363,1
645,multiple_news_same_false_alarm,news_only,0,0,0,0.0,0.0,0.0,0.0,0.0,0.0,0,2,2,0,0,31.1939413,0.6869420182380735,0
646,mixed_confidence_non_fire_heat_source,mixed_confidence,0,1,1,0.5,98.5,98.5,0.5,326.72,326.72,0,0,0,0,0,17.221578283333333,1.3262711250057393,0
647,multi_satellite_real_fire,multi_satellite,0,1,3,0.75,82.77,118.86,1.0,342.2875,356.86,0,0,0,0,0,19.023382933333334,2.0041771780110222,1
648,mixed_confidence_non_fire_heat_source,mixed_confidence,1,1,0,1.0,58.63,89.14,1.0,326.07,353.39,0,0,0,0,0,26.576241133333333,0.5551625371691272,0
649,multi_satellite_real_fire,multi_satellite,0,3,1,0.5,36.92,41.55,1.0,336.67500000000007,362.67,0,0,0,0,0,25.5805175,2.4526670838811886,1
650,nominal_satellite_with_news,satellite_news,0,2,0,0.0,0.0,0.0,1.0,342.485,357.46,0,0,2,0,0,30.295209250000003,2.794757062433491,1
651,high_low_satellite_false_alarm,mixed_confidence,2,0,1,1.0,55.17333333333334,94.62,1.0,324.38,346.04,0,1,0,0,0,25.238504016666663,1.486035352372646,0
652,news_rumor_no_fire,news_only,0,0,0,0.0,0.0,0.0,0.0,0.0,0.0,1,0,0,0,0,0.0,0.0,0
653,nominal_satellite_with_news,satellite_news,0,2,0,1.0,35.71,53.2,1.0,316.295,317.48,0,1,1,0,0,27.40888125,2.540684160234827,1
654,persistent_non_wildfire_heat_source,multi_satellite,2,0,0,1.0,54.675,69.2,0.5,347.71,347.71,0,0,0,0,0,35.017193049999996,1.288374582997974,0
655,nominal_low_satellite_with_news_real_fire,mixed_confidence,3,0,0,1.0,60.35666666666666,64.75,0.6666666666666666,320.055,324.79,0,0,2,0,0,22.5013386,3.276222207631447,1
656,high_low_satellite_with_news_real_fire,mixed_confidence,1,0,1,0.0,0.0,0.0,1.0,340.15999999999997,377.82,0,0,0,1,0,10.753685966666666,2.6846745488785033,1
657,correlated_satellite_news_false_alarm,satellite_news,0,1,0,0.0,0.0,0.0,1.0,307.8,307.8,0,1,1,0,0,11.426987083333334,2.013365653744813,0
658,high_low_satellite_false_alarm,mixed_confidence,0,0,2,1.0,38.79,46.09,1.0,341.105,375.09,0,0,0,0,0,0.6849589833333333,1.6069916606801007,0
659,correlated_satellite_news_false_alarm,satellite_news,2,0,0,0.5,22.04,22.04,1.0,318.78499999999997,324.2,0,0,2,0,0,11.8478251,2.0928058412249935,0
660,persistent_non_wildfire_heat_source,multi_satellite,3,1,0,0.25,73.67,73.67,0.5,313.145,324.02,0,0,0,0,0,31.635723516666665,1.7865710725426442,0
661,persistent_non_wildfire_heat_source,multi_satellite,4,0,0,0.5,10.23,10.31,1.0,321.565,339.79,0,0,0,0,0,18.79401605,1.5310693006505192,0
662,persistent_non_wildfire_heat_source,multi_satellite,1,3,0,0.75,77.26,80.66,0.75,339.9733333333333,354.35,0,0,0,0,0,35.6251131,3.11381768396724,0
663,nominal_satellite_with_news,satellite_news,0,1,0,1.0,27.14,27.14,1.0,343.7,343.7,0,0,0,1,0,22.23570043333333,1.7946709742081826,1
664,high_confidence_satellite_with_news,satellite_news,0,0,1,0.0,0.0,0.0,1.0,358.44,358.44,0,0,1,0,0,3.11499095,0.6465916471784144,1
665,mixed_satellite_with_false_news,mixed_confidence,0,0,1,1.0,86.79,86.79,1.0,335.58,335.58,0,0,2,0,0,19.379123816666667,1.80152481870828,0
666,persistent_non_wildfire_heat_source,multi_satellite,2,2,0,0.5,58.41,58.63,1.0,330.465,335.84,0,0,0,0,0,32.728128616666666,1.6686253054234366,0
667,high_low_satellite_with_news_real_fire,mixed_confidence,2,0,1,1.0,61.27333333333333,111.47,1.0,343.82,372.25,0,0,1,1,0,26.715280133333334,2.6463599908981883,1
668,high_confidence_satellite_false_positive,satellite_only,0,0,1,1.0,92.22,92.22,0.0,0.0,0.0,0,0,0,0,0,0.0,0.0,0
669,nominal_low_satellite_with_news_real_fire,mixed_confidence,1,1,0,1.0,76.36500000000001,78.37,1.0,327.19,336.5,0,0,1,0,0,21.149991866666667,2.098934514426238,1
670,multi_satellite_plus_multi_news,satellite_news,0,2,2,0.75,89.96999999999998,127.66,1.0,349.7975,380.75,0,0,0,3,0,37.592977866666665,3.333716839005464,1
671,mixed_confidence_satellite_real_fire,mixed_confidence,1,1,1,0.6666666666666666,41.19,53.96,0.6666666666666666,326.28999999999996,346.96,0,0,0,0,0,35.55480408333334,1.5911734222542473,1
672,mixed_confidence_non_fire_heat_source,mixed_confidence,3,0,0,0.0,0.0,0.0,0.6666666666666666,312.995,313.54,0,0,0,0,0,13.871922399999999,0.7692122903266229,0
673,high_confidence_satellite_false_positive,satellite_only,0,0,1,1.0,75.6,75.6,0.0,0.0,0.0,0,0,0,0,0,0.0,0.0,0
674,news_only_before_satellite,news_only,0,0,0,0.0,0.0,0.0,0.0,0.0,0.0,0,1,1,0,0,10.6963151,0.1431106599602603,1
675,high_confidence_satellite_false_positive,satellite_only,0,0,1,0.0,0.0,0.0,1.0,352.62,352.62,0,0,0,0,0,0.0,0.0,0
676,high_confidence_satellite_with_news,satellite_news,0,0,2,0.5,46.94,46.94,1.0,365.405,373.21,0,0,0,2,0,11.285862183333334,2.6207688504280706,1
677,low_confidence_satellite_noise,satellite_only,1,0,0,1.0,6.31,6.31,1.0,311.4,311.4,0,0,0,0,0,0.0,0.0,0
678,high_confidence_satellite_false_positive,satellite_only,0,0,1,1.0,72.18,72.18,1.0,310.63,310.63,0,0,0,0,0,0.0,0.0,0
679,high_confidence_satellite_false_positive,satellite_only,0,0,1,0.0,0.0,0.0,1.0,314.66,314.66,0,0,0,0,0,0.0,0.0,0
680,mixed_confidence_satellite_real_fire,mixed_confidence,1,0,2,1.0,53.84,98.87,0.6666666666666666,355.22,378.89,0,1,0,0,0,27.25897666666667,2.6225696749037994,1
681,mixed_satellite_with_false_news,mixed_confidence,0,2,1,0.6666666666666666,36.465,36.78,0.6666666666666666,342.695,362.57,0,0,2,0,0,14.180084783333333,2.288976630421121,0
682,nominal_satellite_with_news,satellite_news,0,2,0,1.0,49.120000000000005,63.79,1.0,346.655,354.95,0,1,1,0,0,32.60978943333333,2.908576071681175,1
683,nominal_low_satellite_with_news_real_fire,mixed_confidence,1,1,0,1.0,51.22,83.31,0.5,361.56,361.56,0,1,0,0,0,5.7752472,1.314116929853549,1
684,nominal_satellite_false_heat_source,satellite_only,0,1,0,0.0,0.0,0.0,1.0,309.09,309.09,0,0,0,0,0,0.0,0.0,0
685,nominal_low_satellite_with_news_real_fire,mixed_confidence,0,2,0,0.5,88.78,88.78,0.5,343.47,343.47,0,2,0,0,0,32.849276466666666,1.9553527827200472,1
686,high_low_satellite_false_alarm,mixed_confidence,1,0,1,1.0,83.495,98.48,1.0,332.895,348.31,1,0,0,0,0,6.546630933333334,1.5652471476019099,0
687,multi_satellite_plus_multi_news,satellite_news,0,2,1,0.6666666666666666,114.35499999999999,116.49,0.6666666666666666,338.58500000000004,342.44,0,0,1,1,0,26.021735766666666,1.498726852284282,1
688,multi_satellite_plus_multi_news,satellite_news,0,3,0,0.3333333333333333,115.94,115.94,0.6666666666666666,338.095,349.22,0,0,1,2,0,47.025856399999995,3.8875549515685344,1
689,mixed_confidence_non_fire_heat_source,mixed_confidence,2,1,0,1.0,40.86000000000001,50.21,1.0,347.16,363.85,0,0,0,0,0,11.701719733333334,0.8257637389335276,0
690,correlated_satellite_news_false_alarm,satellite_news,1,1,0,0.5,67.39,67.39,1.0,331.385,337.33,0,1,0,0,0,23.984638366666665,0.7059969099906898,0
691,nominal_low_satellite_with_news_real_fire,mixed_confidence,0,2,0,1.0,39.245000000000005,60.95,1.0,318.56,340.38,0,1,0,0,0,21.099158250000002,1.8147478627054108,1
692,low_confidence_satellite_noise,satellite_only,1,0,0,0.0,0.0,0.0,0.0,0.0,0.0,0,0,0,0,0,0.0,0.0,0
693,multiple_news_same_false_alarm,news_only,0,0,0,0.0,0.0,0.0,0.0,0.0,0.0,1,1,0,0,0,14.0280381,1.4018972379927765,0
694,multi_confidence_persistent_real_fire,multi_satellite,0,1,2,0.6666666666666666,34.165,37.47,1.0,318.7633333333333,325.38,0,0,0,1,0,20.20247338333333,3.4795199858840378,1
695,high_low_satellite_false_alarm,mixed_confidence,1,0,2,0.3333333333333333,58.48,58.48,0.6666666666666666,358.82000000000005,366.22,0,0,0,0,0,7.91932825,0.9912426428876652,0
696,high_confidence_satellite_with_news,satellite_news,0,0,3,1.0,116.93333333333334,140.65,0.6666666666666666,351.18,376.91,0,0,1,0,0,21.061127583333334,1.6334134373125282,1
697,high_low_satellite_false_alarm,mixed_confidence,1,0,1,0.5,94.76,94.76,1.0,342.55,366.85,1,0,0,0,0,2.7129332833333333,2.614492260585705,0
698,multi_confidence_persistent_real_fire,multi_satellite,1,2,1,1.0,70.74,112.66,0.5,377.015,382.49,0,0,0,0,0,29.775006516666668,2.8224774543582494,1
699,high_confidence_satellite_false_positive,satellite_only,0,0,1,0.0,0.0,0.0,1.0,394.92,394.92,0,0,0,0,0,0.0,0.0,0
700,high_confidence_satellite_with_news,satellite_news,0,0,1,1.0,88.88,88.88,1.0,361.05,361.05,0,0,0,1,0,27.78209156666667,0.9911740061139808,1
701,nominal_low_satellite_with_news_real_fire,mixed_confidence,0,2,0,0.5,88.37,88.37,1.0,324.88,334.58,0,1,1,0,0,28.795423233333334,1.6285046639826493,1
702,multi_satellite_real_fire,multi_satellite,0,1,1,1.0,72.99000000000001,96.81,1.0,319.73,332.26,0,0,0,0,0,24.46715205,0.5222031264177495,1
703,multiple_news_same_false_alarm,news_only,0,0,0,0.0,0.0,0.0,0.0,0.0,0.0,1,0,2,0,0,35.6761278,0.7808794335192327,0
704,mixed_confidence_non_fire_heat_source,mixed_confidence,0,1,3,0.75,89.28666666666668,110.0,0.5,302.28499999999997,306.32,0,0,0,0,0,8.664062266666667,1.5871596071656007,0
705,multi_confidence_persistent_real_fire,multi_satellite,1,1,1,1.0,71.40666666666668,95.08,1.0,336.5566666666667,373.37,0,1,1,0,0,44.91057731666667,2.972135284733887,1
706,high_confidence_satellite_with_news,satellite_news,0,0,3,1.0,80.16,86.11,0.6666666666666666,357.03499999999997,371.8,0,0,0,2,0,24.981627800000002,2.8312199284836383,1
707,nominal_satellite_false_heat_source,satellite_only,0,1,0,1.0,36.12,36.12,1.0,296.33,296.33,0,0,0,0,0,0.0,0.0,0
708,high_confidence_satellite_false_positive,satellite_only,0,0,1,1.0,105.84,105.84,0.0,0.0,0.0,0,0,0,0,0,0.0,0.0,0
709,persistent_non_wildfire_heat_source,multi_satellite,2,2,0,0.75,46.43000000000001,81.51,0.75,311.90000000000003,322.23,0,0,0,0,0,44.37854453333333,1.2334692962167317,0
710,multi_satellite_real_fire,multi_satellite,0,2,1,1.0,108.19,113.19,1.0,355.3766666666667,376.22,0,0,0,0,0,32.108333083333335,2.9386856909514476,1
711,news_rumor_no_fire,news_only,0,0,0,0.0,0.0,0.0,0.0,0.0,0.0,0,1,0,0,0,0.0,0.0,0
712,multi_satellite_real_fire,multi_satellite,0,1,1,1.0,85.19,114.75,0.5,345.99,345.99,0,0,0,0,0,1.5852825833333335,0.6420704210274276,1
713,multi_satellite_real_fire,multi_satellite,0,2,1,0.6666666666666666,58.6,74.67,0.6666666666666666,355.025,363.12,0,0,0,0,0,6.611268383333334,1.935140493674919,1
714,mixed_confidence_satellite_real_fire,mixed_confidence,1,0,1,0.0,0.0,0.0,1.0,315.805,326.54,0,0,0,1,0,40.981570866666665,2.742536622164924,1
715,low_confidence_satellite_noise,satellite_only,3,0,0,0.3333333333333333,6.14,6.14,0.6666666666666666,321.51,323.12,0,0,0,0,0,30.551709549999998,1.3014283962966704,0
716,mixed_satellite_with_false_news,mixed_confidence,1,0,0,1.0,94.59,94.59,1.0,341.26,341.26,1,0,0,0,0,13.187277083333333,2.607466835602532,0
717,mixed_satellite_with_false_news,mixed_confidence,3,0,0,0.6666666666666666,61.480000000000004,70.84,1.0,316.29333333333335,334.19,1,0,1,0,0,21.211837516666666,1.8236465679117657,0
718,multi_confidence_persistent_real_fire,multi_satellite,1,3,0,0.75,45.669999999999995,85.74,1.0,346.4275,373.79,0,0,0,1,0,21.020182166666665,1.3768720622235644,1
719,nominal_low_satellite_with_news_real_fire,mixed_confidence,0,3,0,0.6666666666666666,37.779999999999994,65.21,0.3333333333333333,311.32,311.32,0,0,1,0,0,22.987978166666668,2.466206208629083,1
720,high_confidence_satellite_false_positive,satellite_only,0,0,1,1.0,46.45,46.45,0.0,0.0,0.0,0,0,0,0,0,0.0,0.0,0
721,nominal_satellite_false_heat_source,satellite_only,0,1,0,1.0,45.98,45.98,1.0,327.14,327.14,0,0,0,0,0,0.0,0.0,0
722,mixed_confidence_satellite_real_fire,mixed_confidence,0,2,0,1.0,22.450000000000003,25.55,1.0,364.21500000000003,364.72,1,0,0,1,0,27.99812328333333,3.5516666229706835,1
723,multi_satellite_real_fire,multi_satellite,0,1,2,1.0,44.949999999999996,62.29,1.0,311.99,312.38,0,0,0,0,0,7.65683545,3.6501804429958025,1
724,correlated_satellite_news_false_alarm,satellite_news,0,1,0,1.0,46.68,46.68,0.0,0.0,0.0,0,1,1,0,0,7.428860883333333,1.4527511403963347,0
725,high_low_satellite_with_news_real_fire,mixed_confidence,1,0,2,1.0,64.33,103.62,1.0,326.1233333333333,347.53,0,1,1,0,0,28.171411883333334,3.3006078374294856,1
726,satellite_only_before_news,satellite_only,0,0,2,1.0,63.81,94.25,1.0,318.125,339.35,0,0,0,0,0,6.087986966666667,0.9027054640435525,1
727,high_low_satellite_false_alarm,mixed_confidence,2,0,0,0.5,42.02,42.02,0.5,350.61,350.61,1,0,0,0,0,0.6777863666666666,1.5567408500388022,0
728,mixed_confidence_satellite_real_fire,mixed_confidence,0,2,0,0.5,23.02,23.02,1.0,338.185,366.05,1,0,1,0,0,21.55874683333333,3.9143642839305106,1
729,high_confidence_satellite_false_positive,satellite_only,0,0,1,0.0,0.0,0.0,0.0,0.0,0.0,0,0,0,0,0,0.0,0.0,0
730,mixed_confidence_satellite_real_fire,mixed_confidence,1,0,1,0.5,11.39,11.39,1.0,369.75,370.69,0,0,0,0,0,3.70111445,0.3970109516747359,1
731,mixed_confidence_non_fire_heat_source,mixed_confidence,2,0,0,0.5,78.53,78.53,0.5,318.3,318.3,0,0,0,0,0,1.5588966,0.303344312767288,0
732,mixed_satellite_with_false_news,mixed_confidence,0,0,1,0.0,0.0,0.0,0.0,0.0,0.0,0,1,1,0,0,18.00981355,2.228305287547065,0
733,multi_confidence_persistent_real_fire,multi_satellite,2,2,1,1.0,61.278,100.69,0.8,342.195,369.45,0,0,0,0,0,20.740195016666668,3.7829097334289665,1
734,correlated_satellite_news_false_alarm,satellite_news,1,0,0,1.0,15.78,15.78,1.0,344.25,344.25,0,1,0,0,0,9.512158966666668,0.29911605557659193,0
735,mixed_satellite_with_false_news,mixed_confidence,1,0,0,0.0,0.0,0.0,0.0,0.0,0.0,0,1,0,0,0,32.0733494,0.40177517268118285,0
736,multi_satellite_plus_multi_news,satellite_news,0,4,0,0.5,55.775000000000006,64.53,1.0,332.96500000000003,349.89,0,0,0,2,0,29.403169116666668,3.868645975362887,1
737,mixed_satellite_with_false_news,mixed_confidence,0,0,1,1.0,24.4,24.4,1.0,323.79,323.79,1,0,1,0,0,6.3396026,1.556062841871336,0
738,multi_confidence_persistent_real_fire,multi_satellite,2,1,0,0.6666666666666666,36.84,43.78,0.6666666666666666,335.11,356.76,0,0,0,0,0,27.838851666666667,1.8165285641553903,1
739,high_low_satellite_false_alarm,mixed_confidence,0,0,2,1.0,68.595,84.95,0.5,323.03,323.03,0,0,0,0,0,6.84161445,1.0039531970976578,0
740,mixed_confidence_non_fire_heat_source,mixed_confidence,0,1,2,1.0,47.550000000000004,103.18,0.6666666666666666,333.91999999999996,342.26,0,0,0,0,0,13.14155395,1.668270956297394,0
741,mixed_satellite_with_false_news,mixed_confidence,1,0,0,0.0,0.0,0.0,1.0,335.72,335.72,0,0,2,0,0,25.447027016666667,0.6075502041229657,0
742,nominal_low_satellite_with_news_real_fire,mixed_confidence,1,2,0,0.3333333333333333,78.98,78.98,1.0,313.1366666666666,324.84,0,1,1,0,0,19.636902333333335,1.8234014989788616,1
743,nominal_low_satellite_with_news_real_fire,mixed_confidence,1,1,0,1.0,46.75,76.52,1.0,306.605,308.13,0,0,1,0,0,4.510747433333333,0.885190147513383,1
744,low_confidence_satellite_noise,satellite_only,1,0,0,1.0,6.75,6.75,1.0,313.0,313.0,0,0,0,0,0,0.0,0.0,0
745,news_rumor_no_fire,news_only,0,0,0,0.0,0.0,0.0,0.0,0.0,0.0,1,0,0,0,0,0.0,0.0,0
746,mixed_satellite_with_false_news,mixed_confidence,1,1,0,1.0,61.81,88.33,0.5,311.38,311.38,0,0,1,0,0,29.057684583333334,2.473198787551293,0
747,correlated_satellite_news_false_alarm,satellite_news,1,0,0,0.0,0.0,0.0,1.0,301.89,301.89,0,0,2,0,0,3.2282373166666667,2.2434169925121625,0
748,high_confidence_satellite_false_positive,satellite_only,0,0,1,0.0,0.0,0.0,1.0,385.53,385.53,0,0,0,0,0,0.0,0.0,0
749,nominal_low_satellite_with_news_real_fire,mixed_confidence,2,0,0,0.0,0.0,0.0,1.0,326.44500000000005,356.41,0,2,0,0,0,20.249116533333332,3.3018304159699845,1
750,multiple_news_same_false_alarm,news_only,0,0,0,0.0,0.0,0.0,0.0,0.0,0.0,0,2,0,0,0,10.454171633333335,1.4244476605541303,0
751,mixed_satellite_with_false_news,mixed_confidence,1,0,0,1.0,78.5,78.5,1.0,337.59,337.59,1,1,0,0,0,15.9241935,3.2118736553989113,0
752,multi_confidence_persistent_real_fire,multi_satellite,1,1,2,0.5,55.790000000000006,62.84,1.0,330.425,371.68,0,0,0,1,0,16.213376766666666,2.821575806154242,1
753,high_low_satellite_with_news_real_fire,mixed_confidence,2,0,1,0.3333333333333333,100.85,100.85,1.0,349.08666666666664,384.45,0,1,0,0,0,17.505845066666666,1.927401459450941,1
754,satellite_only_before_news,satellite_only,0,1,0,0.0,0.0,0.0,1.0,347.56,347.56,0,0,0,0,0,0.0,0.0,1
755,nominal_satellite_false_heat_source,satellite_only,0,2,0,1.0,45.57,50.42,0.5,315.35,315.35,0,0,0,0,0,5.349091233333334,0.31986188317708053,0
756,high_low_satellite_with_news_real_fire,mixed_confidence,2,0,0,1.0,95.78,112.04,1.0,360.115,368.84,0,2,0,0,0,13.594817183333333,2.856586947251603,1
757,mixed_confidence_satellite_real_fire,mixed_confidence,0,1,1,1.0,62.295,106.58,1.0,362.53,364.39,1,0,0,0,0,7.9058452,2.478243350456297,1
758,nominal_low_satellite_with_news_real_fire,mixed_confidence,0,2,0,0.5,16.97,16.97,1.0,352.12,366.82,0,2,0,0,0,27.567297366666665,2.54437011302157,1
759,low_confidence_satellite_noise,satellite_only,2,0,0,1.0,25.990000000000002,29.41,1.0,311.6,317.75,0,0,0,0,0,2.0437836,2.983411431190285,0
760,mixed_confidence_satellite_real_fire,mixed_confidence,1,0,1,0.5,42.86,42.86,0.5,316.47,316.47,0,1,0,0,0,17.44845551666667,3.436283982857976,1
761,persistent_non_wildfire_heat_source,multi_satellite,1,1,0,1.0,59.785000000000004,77.4,1.0,345.28,356.52,0,0,0,0,0,17.626869733333333,1.8618626668403973,0
762,high_confidence_satellite_with_news,satellite_news,0,0,2,1.0,58.465,86.67,1.0,341.54499999999996,371.69,0,0,0,1,0,11.044061033333332,2.628394887578857,1
763,nominal_satellite_with_news,satellite_news,0,2,0,1.0,36.975,53.67,0.5,311.03,311.03,0,1,0,0,0,25.993414933333334,1.3801151413953892,1
764,news_only_before_satellite,news_only,0,0,0,0.0,0.0,0.0,0.0,0.0,0.0,0,0,1,0,0,0.0,0.0,1
765,news_rumor_no_fire,news_only,0,0,0,0.0,0.0,0.0,0.0,0.0,0.0,1,0,0,0,0,0.0,0.0,0
766,news_rumor_no_fire,news_only,0,0,0,0.0,0.0,0.0,0.0,0.0,0.0,0,0,0,0,1,0.0,0.0,0
767,multiple_news_same_false_alarm,news_only,0,0,0,0.0,0.0,0.0,0.0,0.0,0.0,1,2,0,0,0,24.69094635,1.0575074160129927,0
768,high_low_satellite_false_alarm,mixed_confidence,2,0,1,0.6666666666666666,71.32000000000001,119.9,0.6666666666666666,323.005,326.39,1,0,0,0,0,16.5635572,1.8510261977341311,0
769,persistent_non_wildfire_heat_source,multi_satellite,1,2,0,0.6666666666666666,55.485,68.98,1.0,334.4566666666667,342.71,0,0,0,0,0,19.75685018333333,2.6441910811004763,0
770,mixed_confidence_non_fire_heat_source,mixed_confidence,1,0,1,1.0,80.35,90.75,0.5,360.05,360.05,0,0,0,0,0,10.656408516666666,0.06733765388429036,0
771,high_confidence_satellite_false_positive,satellite_only,0,0,1,1.0,37.62,37.62,1.0,372.23,372.23,0,0,0,0,0,0.0,0.0,0
772,nominal_satellite_false_heat_source,satellite_only,0,1,0,1.0,10.83,10.83,1.0,320.87,320.87,0,0,0,0,0,0.0,0.0,0
773,correlated_satellite_news_false_alarm,satellite_news,0,1,0,0.0,0.0,0.0,1.0,330.03,330.03,0,0,1,0,0,18.992125466666668,1.7883719900055144,0
774,high_confidence_satellite_false_positive,satellite_only,0,0,1,1.0,133.09,133.09,0.0,0.0,0.0,0,0,0,0,0,0.0,0.0,0
775,multiple_news_same_false_alarm,news_only,0,0,0,0.0,0.0,0.0,0.0,0.0,0.0,2,0,2,0,0,19.504983116666665,1.0106281421337233,0
776,multiple_news_same_false_alarm,news_only,0,0,0,0.0,0.0,0.0,0.0,0.0,0.0,2,1,0,0,0,13.530831233333334,0.7447688864793617,0
777,multi_satellite_real_fire,multi_satellite,0,2,0,0.5,39.34,39.34,1.0,332.475,349.76,0,0,0,0,0,26.6516212,1.6494563711417407,1
778,multi_satellite_real_fire,multi_satellite,0,3,0,0.6666666666666666,113.12,117.75,1.0,349.5533333333333,368.27,0,0,0,0,0,15.181524166666666,2.0927812395494922,1
779,multi_satellite_plus_multi_news,satellite_news,0,1,1,0.5,108.85,108.85,1.0,362.71000000000004,375.17,0,0,1,2,0,25.1090696,1.5029957325058652,1
780,multiple_news_same_false_alarm,news_only,0,0,0,0.0,0.0,0.0,0.0,0.0,0.0,2,1,1,0,0,30.916900633333334,1.594123911950913,0
781,high_confidence_satellite_with_news,satellite_news,0,0,3,0.6666666666666666,84.97999999999999,94.1,0.3333333333333333,373.84,373.84,0,0,1,1,0,27.560402800000002,1.5956380426763113,1
782,high_low_satellite_with_news_real_fire,mixed_confidence,0,0,3,0.3333333333333333,85.74,85.74,0.6666666666666666,357.44,365.06,0,1,0,0,0,18.136824733333334,2.482136361406524,1
783,high_confidence_satellite_false_positive,satellite_only,0,0,1,0.0,0.0,0.0,1.0,359.06,359.06,0,0,0,0,0,0.0,0.0,0
784,high_low_satellite_with_news_real_fire,mixed_confidence,1,0,2,1.0,107.86666666666667,129.75,0.6666666666666666,331.945,351.51,0,1,0,1,0,25.427178833333336,2.544781951524705,1
785,high_confidence_satellite_false_positive,satellite_only,0,0,1,0.0,0.0,0.0,1.0,351.52,351.52,0,0,0,0,0,0.0,0.0,0
786,high_confidence_satellite_with_news,satellite_news,0,0,1,0.0,0.0,0.0,1.0,367.7,367.7,0,0,0,2,0,25.536522766666668,1.9655218574395137,1
787,low_confidence_satellite_noise,satellite_only,3,0,0,0.3333333333333333,23.67,23.67,0.3333333333333333,320.7,320.7,0,0,0,0,0,13.289411566666667,1.6127485482611164,0
788,mixed_confidence_non_fire_heat_source,mixed_confidence,1,1,1,0.3333333333333333,44.79,44.79,0.3333333333333333,311.91,311.91,0,0,0,0,0,17.181305266666666,1.1177989947117262,0
789,news_only_before_satellite,news_only,0,0,0,0.0,0.0,0.0,0.0,0.0,0.0,0,0,1,0,1,7.809234583333334,0.5938040581585404,1
790,nominal_satellite_with_news,satellite_news,0,2,0,0.5,73.62,73.62,1.0,309.9,311.94,0,0,0,1,0,19.9088106,1.305103936266507,1
791,nominal_satellite_false_heat_source,satellite_only,0,1,0,0.0,0.0,0.0,0.0,0.0,0.0,0,0,0,0,0,0.0,0.0,0
792,news_rumor_no_fire,news_only,0,0,0,0.0,0.0,0.0,0.0,0.0,0.0,0,1,0,0,0,0.0,0.0,0
793,satellite_only_before_news,satellite_only,0,1,1,1.0,71.295,93.92,1.0,319.545,334.86,0,0,0,0,0,5.446505566666667,0.884789408199429,1
794,news_rumor_no_fire,news_only,0,0,0,0.0,0.0,0.0,0.0,0.0,0.0,0,1,0,0,0,0.0,0.0,0
795,high_low_satellite_with_news_real_fire,mixed_confidence,0,0,3,0.6666666666666666,78.165,129.8,0.6666666666666666,342.72,362.12,0,1,1,0,0,28.0489972,2.645297132736361,1
796,mixed_confidence_satellite_real_fire,mixed_confidence,2,0,0,0.5,35.14,35.14,1.0,312.145,323.74,0,0,1,0,0,11.116868733333332,1.1086222782734543,1
797,news_only_before_satellite,news_only,0,0,0,0.0,0.0,0.0,0.0,0.0,0.0,0,0,1,0,0,0.0,0.0,1
798,correlated_satellite_news_false_alarm,satellite_news,0,2,0,1.0,59.415,69.0,0.5,302.1,302.1,0,0,1,0,0,27.666021450000002,2.1143161879697074,0
799,multi_satellite_real_fire,multi_satellite,0,1,1,1.0,70.365,115.49,1.0,313.33,323.9,0,0,0,0,0,12.736202800000001,3.1130133451805952,1
800,multi_confidence_persistent_real_fire,multi_satellite,0,3,0,1.0,52.446666666666665,94.65,0.3333333333333333,336.38,336.38,0,0,2,0,0,45.31215903333334,3.3578465943347617,1
801,mixed_confidence_satellite_real_fire,mixed_confidence,1,1,1,0.6666666666666666,57.83500000000001,79.9,1.0,342.96000000000004,354.69,0,0,1,1,0,35.291559316666664,2.5809578591594926,1
802,mixed_confidence_satellite_real_fire,mixed_confidence,2,0,2,0.5,63.825,107.22,1.0,338.96500000000003,358.01,0,1,0,1,0,39.84389715,3.8718278969842124,1
803,high_confidence_satellite_with_news,satellite_news,0,0,1,1.0,60.65,60.65,1.0,346.07,346.07,0,0,0,2,0,15.672702600000001,1.8898295469144815,1
804,mixed_confidence_non_fire_heat_source,mixed_confidence,0,2,0,0.0,0.0,0.0,1.0,300.07,304.55,0,0,0,0,0,0.6593066833333334,1.622948153139177,0
805,mixed_confidence_satellite_real_fire,mixed_confidence,1,2,1,0.75,58.43,95.58,0.75,331.19666666666666,368.23,0,1,0,1,0,31.981891800000003,2.8588393354432804,1
806,satellite_only_before_news,satellite_only,0,1,0,1.0,96.25,96.25,1.0,298.42,298.42,0,0,0,0,0,0.0,0.0,1
807,multi_confidence_persistent_real_fire,multi_satellite,0,0,3,0.6666666666666666,42.995000000000005,65.9,1.0,354.8066666666667,369.81,0,0,2,0,0,41.37140753333333,3.588135771371583,1
808,mixed_confidence_satellite_real_fire,mixed_confidence,0,0,2,1.0,60.335,108.79,1.0,330.805,365.41,0,0,0,1,0,25.906499816666667,2.292519787620865,1
809,low_confidence_satellite_noise,satellite_only,3,0,0,0.3333333333333333,21.11,21.11,0.3333333333333333,328.23,328.23,0,0,0,0,0,10.745061216666667,3.0000824720598684,0
810,nominal_satellite_with_news,satellite_news,0,2,0,0.5,35.8,35.8,1.0,332.81,352.43,0,0,1,0,0,19.1264363,3.0910176880866915,1
811,high_low_satellite_false_alarm,mixed_confidence,1,0,2,1.0,95.90333333333332,118.08,1.0,359.4766666666667,375.95,1,0,0,0,0,4.6965153,1.634680343841709,0
812,persistent_non_wildfire_heat_source,multi_satellite,1,1,0,1.0,56.265,80.71,0.5,330.24,330.24,0,0,0,0,0,29.43811185,2.899183943245329,0
813,high_low_satellite_with_news_real_fire,mixed_confidence,2,0,1,1.0,93.60333333333334,128.57,1.0,336.55,356.45,0,1,1,0,0,18.617439533333332,3.091724144968707,1
814,multi_satellite_real_fire,multi_satellite,0,1,1,1.0,82.48,84.7,1.0,339.095,351.49,0,0,0,0,0,16.488724666666666,1.25503210250912,1
815,nominal_satellite_with_news,satellite_news,0,2,0,1.0,45.95,73.84,1.0,334.475,355.78,0,1,0,0,0,30.3256649,2.0148162395767137,1
816,satellite_only_before_news,satellite_only,0,2,0,0.5,69.24,69.24,1.0,299.255,302.51,0,0,0,0,0,15.269398766666665,2.0012819943087847,1
817,multi_satellite_plus_multi_news,satellite_news,0,3,0,1.0,104.38,128.0,1.0,353.40000000000003,384.26,0,0,1,2,0,38.6966542,2.529909075155939,1
818,nominal_satellite_false_heat_source,satellite_only,0,2,0,0.5,41.38,41.38,1.0,311.75,318.06,0,0,0,0,0,6.485720166666667,0.36297027733596265,0
819,mixed_confidence_satellite_real_fire,mixed_confidence,0,2,0,0.5,101.7,101.7,1.0,353.02,354.78,0,0,0,0,0,14.9286286,2.7735168224179274,1
820,multi_satellite_real_fire,multi_satellite,0,4,0,1.0,86.6425,119.27,1.0,340.64,351.4,0,0,0,0,0,29.466721,1.9134534735770274,1
821,correlated_satellite_news_false_alarm,satellite_news,1,1,0,0.5,40.87,40.87,0.5,346.57,346.57,0,1,1,0,0,18.664524633333333,3.3739562639143292,0
822,mixed_satellite_with_false_news,mixed_confidence,1,0,1,1.0,53.235,58.24,0.5,321.09,321.09,1,0,1,0,0,21.330188233333335,1.99099571573073,0
823,mixed_confidence_satellite_real_fire,mixed_confidence,2,1,0,0.6666666666666666,104.36,107.19,1.0,349.47333333333336,370.74,0,0,0,1,0,38.139028599999996,3.24512854303905,1
824,mixed_confidence_non_fire_heat_source,mixed_confidence,2,1,0,0.3333333333333333,16.65,16.65,1.0,338.37666666666667,360.08,0,0,0,0,0,7.68854695,0.32890016740004624,0
825,mixed_confidence_satellite_real_fire,mixed_confidence,0,1,1,1.0,73.57,107.28,0.5,323.43,323.43,0,0,1,1,0,26.303694283333336,1.7347395278366888,1
826,mixed_confidence_non_fire_heat_source,mixed_confidence,1,3,0,0.5,35.74,41.68,0.75,325.48333333333335,347.05,0,0,0,0,0,28.282141833333334,2.2811505860791814,0
827,mixed_confidence_satellite_real_fire,mixed_confidence,1,1,1,0.6666666666666666,41.035,63.49,0.3333333333333333,298.85,298.85,0,0,1,1,0,34.831197716666665,1.6558664883603647,1
828,high_low_satellite_false_alarm,mixed_confidence,2,0,0,0.5,117.56,117.56,1.0,314.765,328.49,0,0,0,0,0,9.541736783333333,1.7205143157065228,0
829,high_confidence_satellite_with_news,satellite_news,0,0,2,1.0,60.295,78.22,0.5,328.52,328.52,0,0,1,0,0,3.4307701166666664,2.0939198647311588,1
830,news_only_before_satellite,news_only,0,0,0,0.0,0.0,0.0,0.0,0.0,0.0,0,1,0,0,0,0.0,0.0,1
831,nominal_satellite_with_news,satellite_news,0,1,0,1.0,27.51,27.51,1.0,321.82,321.82,0,1,0,0,0,7.600142783333334,2.0832852858362796,1
832,high_confidence_satellite_false_positive,satellite_only,0,0,1,1.0,55.81,55.81,1.0,359.85,359.85,0,0,0,0,0,0.0,0.0,0
833,mixed_confidence_satellite_real_fire,mixed_confidence,1,1,1,1.0,42.50666666666667,65.01,1.0,345.25666666666666,376.58,0,0,1,0,0,35.664925016666665,1.8086646384298755,1
834,high_low_satellite_with_news_real_fire,mixed_confidence,2,0,0,1.0,126.64,129.15,1.0,335.91499999999996,336.39,0,0,0,1,0,1.7332095,2.0907660145233233,1
835,mixed_satellite_with_false_news,mixed_confidence,1,1,1,1.0,51.18333333333334,72.81,1.0,316.19,332.52,1,1,0,0,0,10.42465785,2.349255090677888,0
836,mixed_satellite_with_false_news,mixed_confidence,2,0,1,0.3333333333333333,34.65,34.65,1.0,346.75333333333333,356.09,1,0,0,0,0,7.192654383333333,2.717510789424091,0
837,mixed_confidence_satellite_real_fire,mixed_confidence,0,1,1,1.0,63.699999999999996,85.07,0.5,307.25,307.25,0,0,1,0,0,27.16946803333333,2.5566718883646957,1
838,low_confidence_satellite_noise,satellite_only,3,0,0,0.3333333333333333,24.85,24.85,0.3333333333333333,291.1,291.1,0,0,0,0,0,24.6582526,1.9395424817706708,0
839,mixed_confidence_satellite_real_fire,mixed_confidence,3,0,1,1.0,82.66999999999999,107.53,1.0,346.38750000000005,365.17,1,0,1,0,0,39.09225456666666,3.2011172983437515,1
840,high_confidence_satellite_false_positive,satellite_only,0,0,1,1.0,28.68,28.68,1.0,308.56,308.56,0,0,0,0,0,0.0,0.0,0
841,news_only_before_satellite,news_only,0,0,0,0.0,0.0,0.0,0.0,0.0,0.0,0,1,0,0,1,8.085923,0.1363221104466264,1
842,mixed_satellite_with_false_news,mixed_confidence,0,2,1,0.6666666666666666,14.645,18.9,1.0,333.33666666666664,364.47,1,0,0,0,0,8.56430515,2.0280839404838638,0
843,nominal_low_satellite_with_news_real_fire,mixed_confidence,2,1,0,0.3333333333333333,39.48,39.48,1.0,327.01666666666665,359.51,0,1,0,0,0,20.678069533333332,2.404033832429916,1
844,correlated_satellite_news_false_alarm,satellite_news,1,1,0,0.5,69.89,69.89,0.5,319.19,319.19,0,0,1,0,0,19.204508633333333,2.3838927354720325,0
845,mixed_satellite_with_false_news,mixed_confidence,0,0,2,0.5,50.63,50.63,0.5,363.78,363.78,2,0,0,0,0,4.665001483333333,2.3515288323101284,0
846,mixed_confidence_non_fire_heat_source,mixed_confidence,2,1,0,0.6666666666666666,35.855000000000004,61.2,0.6666666666666666,319.475,335.74,0,0,0,0,0,22.228461866666667,1.8325736065766496,0
847,high_confidence_satellite_with_news,satellite_news,0,0,2,1.0,109.745,125.13,0.5,330.64,330.64,0,0,0,1,0,7.444217116666667,1.406063532046841,1
848,low_confidence_satellite_noise,satellite_only,3,0,0,0.0,0.0,0.0,0.6666666666666666,310.90999999999997,327.75,0,0,0,0,0,8.585708566666666,1.703138735193936,0
849,multi_satellite_real_fire,multi_satellite,0,1,1,0.5,75.65,75.65,0.0,0.0,0.0,0,0,0,0,0,40.8058913,1.2647371340288096,1
850,news_only_before_satellite,news_only,0,0,0,0.0,0.0,0.0,0.0,0.0,0.0,0,1,0,0,0,0.0,0.0,1
851,high_low_satellite_false_alarm,mixed_confidence,1,0,2,1.0,56.49,110.84,1.0,364.1133333333334,382.29,1,0,0,0,0,19.29978091666667,2.5926800923656756,0
852,persistent_non_wildfire_heat_source,multi_satellite,0,4,0,0.75,35.69,81.49,0.5,330.115,353.1,0,0,0,0,0,27.535980900000002,2.8121434131457055,0
853,multi_satellite_plus_multi_news,satellite_news,0,1,2,1.0,56.55666666666667,94.28,1.0,333.56,344.9,0,0,2,0,0,40.89265975,2.599564154651719,1
854,multi_satellite_plus_multi_news,satellite_news,0,2,0,1.0,77.58500000000001,111.75,1.0,344.97,355.85,0,0,3,0,0,12.914310733333334,2.1226343116255095,1
855,multi_confidence_persistent_real_fire,multi_satellite,4,0,1,1.0,69.24199999999999,118.55,0.8,342.34,369.81,1,1,0,0,0,34.84915278333334,3.0230262102082213,1
856,multi_confidence_persistent_real_fire,multi_satellite,1,1,1,0.3333333333333333,29.98,29.98,0.6666666666666666,355.94,381.8,1,0,0,0,0,31.763802866666666,2.732790941856136,1
857,news_only_before_satellite,news_only,0,0,0,0.0,0.0,0.0,0.0,0.0,0.0,0,1,1,0,0,8.924976016666667,0.18673621816495062,1
858,high_low_satellite_with_news_real_fire,mixed_confidence,2,0,1,0.6666666666666666,54.16,87.0,0.6666666666666666,355.75,371.74,0,1,1,0,0,21.803053466666665,2.276031866013097,1
859,nominal_satellite_with_news,satellite_news,0,1,0,1.0,74.25,74.25,0.0,0.0,0.0,0,1,1,0,0,2.6691132,2.057819241311502,1
860,satellite_only_before_news,satellite_only,0,0,1,0.0,0.0,0.0,1.0,332.67,332.67,0,0,0,0,0,0.0,0.0,1
861,mixed_confidence_satellite_real_fire,mixed_confidence,1,2,1,0.25,44.25,44.25,0.25,319.89,319.89,0,1,1,0,0,20.4326178,2.6527936911102223,1
862,mixed_confidence_satellite_real_fire,mixed_confidence,1,2,0,0.6666666666666666,32.895,41.49,1.0,352.30999999999995,368.64,0,0,0,1,0,38.43611188333333,3.55171984537502,1
863,multi_satellite_real_fire,multi_satellite,0,2,0,0.5,27.29,27.29,0.5,324.09,324.09,0,0,0,0,0,9.729878866666667,3.140870631357428,1
864,mixed_confidence_non_fire_heat_source,mixed_confidence,2,1,1,0.75,69.60333333333334,97.72,1.0,340.5825,365.47,0,0,0,0,0,11.457613466666666,1.4291957025282436,0
865,mixed_confidence_non_fire_heat_source,mixed_confidence,1,2,1,0.75,64.57,94.1,0.75,324.06333333333333,352.6,0,0,0,0,0,17.420805700000003,2.6905551478920042,0
866,nominal_low_satellite_with_news_real_fire,mixed_confidence,2,0,0,1.0,50.05,67.22,0.5,363.7,363.7,0,1,0,0,0,9.437516716666666,2.0727565548329303,1
867,mixed_satellite_with_false_news,mixed_confidence,0,1,0,1.0,90.97,90.97,1.0,362.09,362.09,0,0,1,0,0,11.995090516666666,1.245812046176674,0
868,nominal_low_satellite_with_news_real_fire,mixed_confidence,0,3,0,0.3333333333333333,62.36,62.36,1.0,333.7833333333333,362.02,0,0,2,0,0,27.027070266666666,3.0870034673042905,1
869,low_confidence_satellite_noise,satellite_only,2,0,0,0.5,8.6,8.6,0.5,308.8,308.8,0,0,0,0,0,10.784863699999999,1.434923351599374,0
870,persistent_non_wildfire_heat_source,multi_satellite,0,2,0,1.0,40.905,45.18,0.5,308.48,308.48,0,0,0,0,0,16.53333045,0.6092658016151963,0
871,correlated_satellite_news_false_alarm,satellite_news,0,1,0,1.0,50.53,50.53,1.0,292.6,292.6,0,1,1,0,0,21.809420383333336,1.1826854130025155,0
872,satellite_only_before_news,satellite_only,0,1,0,0.0,0.0,0.0,0.0,0.0,0.0,0,0,0,0,0,0.0,0.0,1
873,correlated_satellite_news_false_alarm,satellite_news,1,0,0,1.0,35.36,35.36,0.0,0.0,0.0,0,0,2,0,0,28.809241699999998,1.9699294297939647,0
874,satellite_only_before_news,satellite_only,0,1,1,0.0,0.0,0.0,1.0,308.275,316.94,0,0,0,0,0,9.3878992,0.789898724516396,1
875,mixed_confidence_non_fire_heat_source,mixed_confidence,1,1,0,0.5,106.43,106.43,1.0,358.46000000000004,369.23,0,0,0,0,0,4.703035916666667,1.4453851064567813,0
876,mixed_confidence_satellite_real_fire,mixed_confidence,1,2,0,1.0,66.92333333333333,108.64,0.6666666666666666,351.095,355.57,0,0,0,0,0,22.574998733333334,2.359296419611126,1
877,satellite_only_before_news,satellite_only,0,1,0,1.0,73.31,73.31,1.0,322.14,322.14,0,0,0,0,0,0.0,0.0,1
878,news_only_before_satellite,news_only,0,0,0,0.0,0.0,0.0,0.0,0.0,0.0,0,0,1,0,1,2.112995316666667,0.4581523611724151,1
879,multi_satellite_real_fire,multi_satellite,0,1,2,0.6666666666666666,74.495,79.79,0.6666666666666666,346.44,373.48,0,0,0,0,0,11.99272405,1.6162943390574915,1
880,high_low_satellite_false_alarm,mixed_confidence,2,0,1,1.0,100.43333333333332,108.34,1.0,338.93333333333334,384.02,0,0,0,0,0,11.706949966666667,1.0464031688709607,0
881,persistent_non_wildfire_heat_source,multi_satellite,2,1,0,1.0,42.89333333333334,75.91,0.6666666666666666,320.025,337.6,0,0,0,0,0,35.2803558,2.6678532490762707,0
882,high_confidence_satellite_with_news,satellite_news,0,0,1,1.0,93.8,93.8,0.0,0.0,0.0,0,0,0,1,0,14.894324033333334,2.141261672798912,1
883,multiple_news_same_false_alarm,news_only,0,0,0,0.0,0.0,0.0,0.0,0.0,0.0,2,1,1,0,0,15.0665237,0.6954665304022777,0
884,mixed_confidence_satellite_real_fire,mixed_confidence,2,2,0,1.0,86.095,104.69,1.0,327.08000000000004,358.04,1,0,0,0,0,40.19020956666667,2.755010887164484,1
885,persistent_non_wildfire_heat_source,multi_satellite,1,1,0,1.0,50.745000000000005,72.59,0.5,353.89,353.89,0,0,0,0,0,30.172221750000002,1.2321236665802626,0
886,mixed_confidence_satellite_real_fire,mixed_confidence,0,1,2,1.0,58.19,99.2,1.0,356.80333333333334,375.72,0,0,0,1,0,14.018535366666667,3.0480784081912535,1
887,persistent_non_wildfire_heat_source,multi_satellite,1,3,0,1.0,40.4,85.3,0.5,331.865,345.26,0,0,0,0,0,41.74271486666667,3.245492110531675,0
888,low_confidence_satellite_noise,satellite_only,3,0,0,0.3333333333333333,6.26,6.26,0.3333333333333333,291.99,291.99,0,0,0,0,0,32.883115966666665,2.2031872592667874,0
889,mixed_satellite_with_false_news,mixed_confidence,2,1,0,1.0,43.98,54.86,0.0,0.0,0.0,0,1,1,0,0,23.078075133333336,3.1624267207879515,0
890,mixed_confidence_non_fire_heat_source,mixed_confidence,1,2,0,1.0,82.91333333333334,107.52,0.6666666666666666,320.51,328.51,0,0,0,0,0,6.5023286,1.5707893196016471,0
891,high_low_satellite_false_alarm,mixed_confidence,2,0,0,1.0,77.215,114.19,0.5,372.65,372.65,0,1,0,0,0,18.4115642,2.2756595281958023,0
892,high_confidence_satellite_with_news,satellite_news,0,0,1,1.0,134.55,134.55,1.0,399.71,399.71,0,0,2,0,0,8.623605183333332,2.1095841994378275,1
893,multi_satellite_plus_multi_news,satellite_news,0,1,2,1.0,79.82666666666667,126.64,0.3333333333333333,354.32,354.32,0,0,0,3,0,31.503532633333336,3.064223708643589,1
894,high_confidence_satellite_with_news,satellite_news,0,0,1,1.0,112.4,112.4,1.0,384.19,384.19,0,0,1,1,0,5.519168416666667,1.931777563314404,1
895,nominal_satellite_with_news,satellite_news,0,2,0,0.5,47.23,47.23,1.0,336.89,340.54,0,1,0,0,0,4.739903183333333,3.1350384687519846,1
896,news_only_before_satellite,news_only,0,0,0,0.0,0.0,0.0,0.0,0.0,0.0,0,0,1,0,0,0.0,0.0,1
897,multi_satellite_plus_multi_news,satellite_news,0,3,1,1.0,90.2325,112.97,0.75,322.0233333333333,333.71,0,0,2,1,0,37.85942786666667,3.598353661480817,1
898,high_low_satellite_with_news_real_fire,mixed_confidence,2,0,1,1.0,63.48999999999999,92.82,0.6666666666666666,379.78999999999996,386.15,0,1,0,0,0,22.93770355,2.077552765594144,1
899,high_low_satellite_false_alarm,mixed_confidence,3,0,0,0.3333333333333333,54.11,54.11,0.6666666666666666,308.28,309.37,0,0,0,0,0,13.479970266666667,2.3333014311660167,0
900,low_confidence_satellite_noise,satellite_only,3,0,0,1.0,32.11666666666667,36.84,0.3333333333333333,322.8,322.8,0,0,0,0,0,12.806306133333333,1.7219012981526776,0
901,high_confidence_satellite_false_positive,satellite_only,0,0,1,1.0,33.67,33.67,0.0,0.0,0.0,0,0,0,0,0,0.0,0.0,0
902,multi_satellite_real_fire,multi_satellite,0,1,2,0.0,0.0,0.0,1.0,336.6366666666667,375.21,0,0,0,0,0,14.152376616666666,2.306704940429132,1
903,multi_satellite_plus_multi_news,satellite_news,0,2,1,1.0,86.22000000000001,93.15,1.0,315.52333333333337,321.61,0,0,2,1,0,31.738324183333336,2.668556509908402,1
904,correlated_satellite_news_false_alarm,satellite_news,0,1,0,0.0,0.0,0.0,1.0,304.25,304.25,0,0,1,0,0,13.110545233333333,0.6328669793477104,0
905,high_low_satellite_with_news_real_fire,mixed_confidence,2,0,1,0.3333333333333333,67.53,67.53,0.6666666666666666,312.395,324.21,0,0,1,1,0,24.428782366666667,1.8615315911763057,1
906,correlated_satellite_news_false_alarm,satellite_news,1,0,0,1.0,37.4,37.4,0.0,0.0,0.0,0,0,2,0,0,0.7944815333333334,1.4176960575706539,0
907,satellite_only_before_news,satellite_only,0,2,0,0.5,54.5,54.5,0.5,309.67,309.67,0,0,0,0,0,10.57362055,0.7018332648465403,1
908,multiple_news_same_false_alarm,news_only,0,0,0,0.0,0.0,0.0,0.0,0.0,0.0,1,1,1,0,0,29.515628616666667,0.6885976264299203,0
909,nominal_satellite_with_news,satellite_news,0,2,0,1.0,45.535,50.83,1.0,336.25,358.62,0,0,0,2,0,18.680184999999998,2.1358983928675443,1
910,nominal_satellite_false_heat_source,satellite_only,0,1,0,1.0,21.15,21.15,0.0,0.0,0.0,0,0,0,0,0,0.0,0.0,0
911,news_only_before_satellite,news_only,0,0,0,0.0,0.0,0.0,0.0,0.0,0.0,0,0,1,0,0,0.0,0.0,1
912,high_low_satellite_with_news_real_fire,mixed_confidence,1,0,1,1.0,70.055,70.25,1.0,351.305,355.29,0,1,1,0,0,27.466961483333332,2.057025794907304,1
913,correlated_satellite_news_false_alarm,satellite_news,0,1,0,1.0,20.81,20.81,1.0,302.01,302.01,0,0,1,0,0,10.476817966666665,0.7240812219343932,0
914,multi_satellite_plus_multi_news,satellite_news,0,2,1,1.0,92.55666666666667,127.58,0.6666666666666666,332.875,361.49,0,0,1,1,0,41.998877433333334,3.4417589211039097,1
915,nominal_satellite_with_news,satellite_news,0,1,0,1.0,54.09,54.09,1.0,322.29,322.29,0,0,1,0,0,11.418561766666667,1.1064073782795505,1
916,satellite_only_before_news,satellite_only,0,1,0,0.0,0.0,0.0,1.0,367.08,367.08,0,0,0,0,0,0.0,0.0,1
917,multi_satellite_plus_multi_news,satellite_news,0,3,1,1.0,82.1725,115.44,1.0,343.08250000000004,381.41,0,0,0,2,0,27.74967566666667,2.8723174448328694,1
918,nominal_low_satellite_with_news_real_fire,mixed_confidence,1,1,0,0.5,85.66,85.66,1.0,311.775,326.39,0,0,1,0,0,15.773329916666667,2.441605335355126,1
919,high_confidence_satellite_with_news,satellite_news,0,0,1,1.0,37.36,37.36,1.0,332.11,332.11,0,0,1,0,0,6.434505933333333,2.9319205375072737,1
920,nominal_satellite_false_heat_source,satellite_only,0,2,0,0.0,0.0,0.0,1.0,305.575,314.76,0,0,0,0,0,4.260557033333333,0.8596014669058935,0
921,multi_satellite_plus_multi_news,satellite_news,0,3,1,0.75,79.09333333333332,110.71,1.0,343.6775,374.77,0,0,2,1,0,48.1478458,3.118429954998766,1
922,multi_confidence_persistent_real_fire,multi_satellite,2,2,1,0.8,50.957499999999996,71.57,1.0,338.668,362.19,0,0,1,0,0,40.27600341666667,2.5875673686310967,1
923,multi_satellite_plus_multi_news,satellite_news,0,0,2,1.0,79.88,116.71,1.0,375.74,375.92,0,0,1,2,0,27.74560808333333,2.78385276136436,1
924,mixed_confidence_non_fire_heat_source,mixed_confidence,0,3,1,0.5,44.605,71.13,0.75,345.6466666666667,363.41,0,0,0,0,0,20.706871550000002,1.8314555804943182,0
925,mixed_confidence_satellite_real_fire,mixed_confidence,1,1,0,1.0,75.095,76.22,1.0,354.66999999999996,370.38,0,0,1,1,0,40.78569965,3.1264995858525397,1
926,persistent_non_wildfire_heat_source,multi_satellite,1,2,0,0.6666666666666666,76.66499999999999,79.7,1.0,332.7866666666667,349.89,0,0,0,0,0,10.850988883333335,2.206648312241399,0
927,high_confidence_satellite_false_positive,satellite_only,0,0,1,1.0,111.05,111.05,1.0,355.34,355.34,0,0,0,0,0,0.0,0.0,0
928,low_confidence_satellite_noise,satellite_only,1,0,0,1.0,25.23,25.23,1.0,293.36,293.36,0,0,0,0,0,0.0,0.0,0
929,mixed_satellite_with_false_news,mixed_confidence,1,1,1,1.0,49.913333333333334,76.49,0.6666666666666666,338.98,361.87,1,1,0,0,0,31.89894651666667,1.4950538287470312,0
930,low_confidence_satellite_noise,satellite_only,2,0,0,0.5,36.56,36.56,1.0,310.45,325.46,0,0,0,0,0,3.0652780500000003,0.14811827449084342,0
931,mixed_confidence_non_fire_heat_source,mixed_confidence,2,0,1,0.6666666666666666,56.115,88.4,1.0,323.7266666666667,332.26,0,0,0,0,0,20.274317366666665,1.9586538948081769,0
932,correlated_satellite_news_false_alarm,satellite_news,2,0,0,0.5,29.22,29.22,1.0,328.85,337.33,0,1,0,0,0,17.631427416666668,1.3561165078442516,0
933,nominal_low_satellite_with_news_real_fire,mixed_confidence,1,2,0,1.0,24.30666666666667,44.39,0.6666666666666666,351.33,352.4,0,0,2,0,0,28.419502283333333,2.9872568034000464,1
934,nominal_low_satellite_with_news_real_fire,mixed_confidence,2,1,0,1.0,42.44333333333333,66.96,1.0,341.2366666666667,359.39,0,2,0,0,0,13.282249183333333,2.1088695775535395,1
935,high_confidence_satellite_with_news,satellite_news,0,0,2,1.0,73.84,80.68,1.0,352.065,388.09,0,0,0,2,0,23.561457583333333,1.8253170158734513,1
936,news_only_before_satellite,news_only,0,0,0,0.0,0.0,0.0,0.0,0.0,0.0,0,2,0,0,0,11.779293316666667,0.8868810679594918,1
937,multi_satellite_plus_multi_news,satellite_news,0,1,3,1.0,73.8375,122.92,1.0,368.91,387.34,0,0,2,1,0,42.793243133333334,3.6390767939609954,1
938,persistent_non_wildfire_heat_source,multi_satellite,3,1,0,0.75,53.76333333333333,68.84,0.25,319.05,319.05,0,0,0,0,0,37.88678328333333,2.668971174958844,0
939,nominal_satellite_with_news,satellite_news,0,2,0,0.5,36.6,36.6,1.0,319.78,321.75,0,1,0,0,0,14.039634616666666,3.2413326489676004,1
940,low_confidence_satellite_noise,satellite_only,3,0,0,0.3333333333333333,8.44,8.44,0.6666666666666666,308.78499999999997,314.55,0,0,0,0,0,16.226434316666666,1.9837787441376522,0
941,multi_confidence_persistent_real_fire,multi_satellite,0,0,3,0.6666666666666666,31.375,31.8,0.3333333333333333,368.01,368.01,0,1,0,1,0,16.089233766666666,3.433471529106346,1
942,multi_satellite_real_fire,multi_satellite,0,2,2,1.0,76.2125,90.35,0.5,348.04999999999995,375.77,0,0,0,0,0,24.251019250000002,2.0441735699640513,1
943,low_confidence_satellite_noise,satellite_only,3,0,0,0.3333333333333333,26.24,26.24,0.3333333333333333,304.34,304.34,0,0,0,0,0,13.605589266666668,1.9571995754381404,0
944,mixed_satellite_with_false_news,mixed_confidence,1,0,2,0.6666666666666666,43.585,55.78,0.6666666666666666,345.815,349.6,2,0,0,0,0,31.302316466666664,2.348572631903254,0
945,news_rumor_no_fire,news_only,0,0,0,0.0,0.0,0.0,0.0,0.0,0.0,0,0,0,1,0,0.0,0.0,0
946,multi_confidence_persistent_real_fire,multi_satellite,1,2,0,1.0,85.21333333333334,107.68,0.6666666666666666,341.58000000000004,348.41,0,1,1,0,0,31.266989766666665,2.3742402815111854,1
947,high_low_satellite_false_alarm,mixed_confidence,1,0,2,1.0,67.56333333333333,91.39,0.6666666666666666,363.54999999999995,370.7,1,0,0,0,0,14.083308633333333,2.252165535394912,0
948,mixed_satellite_with_false_news,mixed_confidence,0,0,1,1.0,23.19,23.19,0.0,0.0,0.0,1,1,0,0,0,4.2743529,2.8687650719254347,0
949,nominal_low_satellite_with_news_real_fire,mixed_confidence,1,2,0,1.0,57.55333333333334,72.29,1.0,348.74666666666667,364.64,0,2,0,0,0,24.102526466666667,3.0241654683028694,1
950,multi_satellite_plus_multi_news,satellite_news,0,1,1,1.0,92.32499999999999,92.91,1.0,358.65999999999997,382.98,0,0,1,2,0,43.45280651666667,3.0003173987536313,1
951,satellite_only_before_news,satellite_only,0,1,1,0.5,77.22,77.22,0.5,361.94,361.94,0,0,0,0,0,7.554633016666667,0.1557033431631087,1
952,low_confidence_satellite_noise,satellite_only,3,0,0,1.0,21.18,33.74,0.3333333333333333,321.73,321.73,0,0,0,0,0,21.8706939,2.3662137578016504,0
953,multi_satellite_plus_multi_news,satellite_news,0,3,1,1.0,63.60249999999999,111.31,0.5,339.705,346.08,0,0,2,0,0,25.4183129,3.2235617537205283,1
954,nominal_satellite_with_news,satellite_news,0,1,0,1.0,65.71,65.71,1.0,302.2,302.2,0,0,2,0,0,11.412375933333333,1.7483575204864894,1
955,satellite_only_before_news,satellite_only,0,2,0,0.5,84.71,84.71,0.0,0.0,0.0,0,0,0,0,0,1.5360082333333334,1.4205013505522122,1
956,satellite_only_before_news,satellite_only,0,0,1,1.0,30.58,30.58,0.0,0.0,0.0,0,0,0,0,0,0.0,0.0,1
957,multiple_news_same_false_alarm,news_only,0,0,0,0.0,0.0,0.0,0.0,0.0,0.0,1,1,2,0,0,27.63027955,0.9178799525624297,0
958,multi_satellite_plus_multi_news,satellite_news,0,1,1,1.0,84.66499999999999,94.16,1.0,361.67,387.12,0,0,1,1,0,16.874316083333333,1.977686415789184,1
959,satellite_only_before_news,satellite_only,0,0,2,1.0,91.16999999999999,99.74,1.0,358.39,368.06,0,0,0,0,0,11.353579516666667,0.3785246936393875,1
960,nominal_satellite_with_news,satellite_news,0,1,0,0.0,0.0,0.0,1.0,311.46,311.46,0,0,1,0,0,25.44206331666667,1.5358245633100969,1
961,multi_confidence_persistent_real_fire,multi_satellite,1,0,2,1.0,68.49666666666667,98.1,0.6666666666666666,348.7,359.56,0,0,0,1,0,29.132584283333333,3.086179842150071,1
962,mixed_confidence_non_fire_heat_source,mixed_confidence,1,1,1,1.0,54.00333333333333,107.56,0.0,0.0,0.0,0,0,0,0,0,20.765571216666668,0.8649441576300437,0
963,mixed_confidence_satellite_real_fire,mixed_confidence,1,1,2,0.75,53.94333333333333,99.69,1.0,337.96500000000003,356.28,0,1,0,1,0,39.612330183333334,3.8198758480638717,1
964,multi_satellite_real_fire,multi_satellite,0,2,1,1.0,84.08999999999999,98.97,1.0,354.66333333333336,377.1,0,0,0,0,0,24.169624583333334,1.0895996466381968,1
965,nominal_satellite_false_heat_source,satellite_only,0,2,0,1.0,37.39,57.56,0.5,308.54,308.54,0,0,0,0,0,1.30969425,0.8871777622020321,0
966,nominal_satellite_false_heat_source,satellite_only,0,1,0,0.0,0.0,0.0,1.0,303.92,303.92,0,0,0,0,0,0.0,0.0,0
967,multi_satellite_plus_multi_news,satellite_news,0,2,0,0.5,92.75,92.75,1.0,339.875,369.99,0,0,1,2,0,5.2844077,3.376891928663221,1
968,high_low_satellite_with_news_real_fire,mixed_confidence,1,0,2,0.6666666666666666,40.864999999999995,64.38,1.0,345.31,360.42,0,0,0,1,0,13.62961485,1.8320255112705541,1
969,mixed_confidence_non_fire_heat_source,mixed_confidence,2,1,1,0.5,47.41,83.74,0.5,347.1,353.29,0,0,0,0,0,16.21426608333333,1.6023868841175812,0
970,mixed_satellite_with_false_news,mixed_confidence,1,0,2,0.6666666666666666,53.959999999999994,67.49,0.3333333333333333,322.6,322.6,2,0,0,0,0,27.754042416666667,1.87922678474949,0
971,nominal_satellite_with_news,satellite_news,0,2,0,1.0,32.265,37.03,1.0,333.095,336.17,0,1,1,0,0,25.003511783333334,2.1298871954624152,1
972,nominal_satellite_false_heat_source,satellite_only,0,2,0,1.0,43.95,57.71,1.0,330.965,336.9,0,0,0,0,0,0.31421543333333335,1.0401020898210405,0
973,mixed_confidence_non_fire_heat_source,mixed_confidence,0,2,0,1.0,48.025000000000006,52.02,1.0,336.1,353.02,0,0,0,0,0,8.222228516666666,1.351987506605969,0
974,news_only_before_satellite,news_only,0,0,0,0.0,0.0,0.0,0.0,0.0,0.0,0,0,0,0,1,0.0,0.0,1
975,low_confidence_satellite_noise,satellite_only,1,0,0,1.0,30.13,30.13,0.0,0.0,0.0,0,0,0,0,0,0.0,0.0,0
976,mixed_confidence_non_fire_heat_source,mixed_confidence,1,0,2,0.6666666666666666,43.805,51.83,1.0,329.8933333333334,337.27,0,0,0,0,0,5.5255086166666665,1.3880206493962848,0
977,multi_satellite_plus_multi_news,satellite_news,0,0,4,0.25,117.94,117.94,1.0,341.1675,383.83,0,0,2,0,0,28.568396816666667,3.735167948178222,1
978,persistent_non_wildfire_heat_source,multi_satellite,1,2,0,0.3333333333333333,64.4,64.4,0.3333333333333333,341.04,341.04,0,0,0,0,0,34.770992433333326,1.4316230098195872,0
979,multi_confidence_persistent_real_fire,multi_satellite,2,1,2,1.0,58.03000000000001,95.29,1.0,332.85200000000003,380.85,0,0,0,1,0,16.509111066666666,3.558968588376381,1
980,high_confidence_satellite_with_news,satellite_news,0,0,1,1.0,41.16,41.16,1.0,391.32,391.32,0,0,0,1,0,0.16351411666666668,0.9096364989514152,1
981,mixed_satellite_with_false_news,mixed_confidence,1,0,2,0.6666666666666666,40.294999999999995,69.99,0.6666666666666666,336.475,355.42,1,1,0,0,0,21.35625513333333,1.9489255428440013,0
982,high_confidence_satellite_false_positive,satellite_only,0,0,1,1.0,52.59,52.59,1.0,352.68,352.68,0,0,0,0,0,0.0,0.0,0
983,multi_confidence_persistent_real_fire,multi_satellite,1,2,1,0.75,100.61,112.86,0.75,341.3066666666667,361.31,0,0,1,0,0,31.640461033333334,2.298615531507917,1
984,correlated_satellite_news_false_alarm,satellite_news,1,1,0,1.0,20.86,34.92,0.0,0.0,0.0,0,1,1,0,0,12.371007683333334,0.439268727118052,0
985,satellite_only_before_news,satellite_only,0,0,1,1.0,63.41,63.41,0.0,0.0,0.0,0,0,0,0,0,0.0,0.0,1
986,high_low_satellite_false_alarm,mixed_confidence,2,0,1,0.6666666666666666,68.43,105.22,0.6666666666666666,382.315,382.76,0,0,0,0,0,0.8525299166666667,1.7790357406625434,0
987,multi_confidence_persistent_real_fire,multi_satellite,0,3,0,1.0,51.25,81.71,0.6666666666666666,334.45000000000005,336.91,0,0,0,0,0,17.704784883333332,3.4183091686374367,1
988,high_low_satellite_with_news_real_fire,mixed_confidence,0,0,3,1.0,72.76666666666667,81.84,1.0,320.7666666666667,337.37,0,0,0,1,0,12.61781425,2.4258532274292026,1
989,high_confidence_satellite_false_positive,satellite_only,0,0,1,1.0,30.14,30.14,1.0,388.07,388.07,0,0,0,0,0,0.0,0.0,0
990,high_confidence_satellite_with_news,satellite_news,0,0,1,1.0,139.37,139.37,1.0,396.4,396.4,0,0,1,0,0,9.835340566666668,2.5251124643646725,1
991,nominal_satellite_with_news,satellite_news,0,1,0,1.0,34.9,34.9,0.0,0.0,0.0,0,0,0,1,0,7.64468545,2.7991150568937937,1
992,multi_satellite_plus_multi_news,satellite_news,0,2,1,0.6666666666666666,75.475,112.67,1.0,335.1433333333334,377.82,0,0,1,2,0,34.239965633333334,2.9877420776745875,1
993,satellite_only_before_news,satellite_only,0,1,0,1.0,37.52,37.52,0.0,0.0,0.0,0,0,0,0,0,0.0,0.0,1
994,mixed_satellite_with_false_news,mixed_confidence,0,1,0,1.0,30.02,30.02,1.0,313.61,313.61,1,0,0,0,0,25.10967165,1.6841640266481943,0
995,high_confidence_satellite_with_news,satellite_news,0,0,3,1.0,78.52333333333333,128.26,1.0,350.42333333333335,394.01,0,0,1,0,0,18.319840433333333,1.9474473002536576,1
996,mixed_satellite_with_false_news,mixed_confidence,0,0,1,0.0,0.0,0.0,1.0,317.92,317.92,1,1,0,0,0,20.483730400000002,1.8666083619339384,0
997,high_low_satellite_with_news_real_fire,mixed_confidence,2,0,0,1.0,47.66,51.12,1.0,308.53,310.91,0,1,0,1,0,17.93079518333333,2.555884890652373,1
998,low_confidence_satellite_noise,satellite_only,1,0,0,0.0,0.0,0.0,0.0,0.0,0.0,0,0,0,0,0,0.0,0.0,0
999,high_confidence_satellite_with_news,satellite_news,0,0,2,0.5,80.4,80.4,1.0,351.365,388.95,0,0,0,1,0,19.45797195,1.9574380402742175,1
1000,mixed_confidence_satellite_real_fire,mixed_confidence,1,2,1,1.0,67.61,103.1,0.75,347.18666666666667,377.77,0,0,0,0,0,19.684534383333336,2.6085368311863677,1
1001,high_low_satellite_with_news_real_fire,mixed_confidence,0,0,2,1.0,82.1,123.52,1.0,342.095,370.3,0,0,0,2,0,12.203504733333334,2.496952495970228,1
1002,mixed_satellite_with_false_news,mixed_confidence,0,2,0,0.5,88.16,88.16,0.5,331.86,331.86,1,0,0,0,0,16.205190616666666,1.540912071200329,0
1003,correlated_satellite_news_false_alarm,satellite_news,0,1,0,0.0,0.0,0.0,1.0,290.98,290.98,0,0,2,0,0,18.62899163333333,0.9110583511267075,0
1004,high_low_satellite_with_news_real_fire,mixed_confidence,0,0,2,0.5,27.39,27.39,1.0,358.435,373.63,0,0,1,1,0,15.731706816666668,1.6536517804986968,1
1005,low_confidence_satellite_noise,satellite_only,1,0,0,0.0,0.0,0.0,0.0,0.0,0.0,0,0,0,0,0,0.0,0.0,0
1006,mixed_confidence_satellite_real_fire,mixed_confidence,1,1,1,1.0,34.053333333333335,39.1,1.0,348.16333333333336,353.92,0,0,0,0,0,43.76742731666666,2.9853619328616565,1
1007,multi_satellite_plus_multi_news,satellite_news,0,2,0,0.5,101.79,101.79,0.5,376.32,376.32,0,0,1,2,0,43.75551813333333,3.572821227434258,1
1008,low_confidence_satellite_noise,satellite_only,3,0,0,0.6666666666666666,24.205,26.4,1.0,312.0466666666667,322.41,0,0,0,0,0,8.80133475,1.2473695696473401,0
1009,nominal_low_satellite_with_news_real_fire,mixed_confidence,1,1,0,1.0,34.28,40.45,0.5,304.13,304.13,0,0,1,0,0,10.507345316666665,1.9989200950999197,1
1010,low_confidence_satellite_noise,satellite_only,1,0,0,1.0,34.64,34.64,0.0,0.0,0.0,0,0,0,0,0,0.0,0.0,0
1011,mixed_satellite_with_false_news,mixed_confidence,1,0,2,0.3333333333333333,38.08,38.08,0.6666666666666666,332.89,345.14,0,1,0,0,0,27.555354299999998,1.1950257068018528,0
1012,high_confidence_satellite_with_news,satellite_news,0,0,2,0.5,143.56,143.56,1.0,336.585,339.53,0,0,0,2,0,17.27294755,3.315412341981576,1
1013,multiple_news_same_false_alarm,news_only,0,0,0,0.0,0.0,0.0,0.0,0.0,0.0,0,1,1,0,0,17.56891345,0.8310140168967519,0
1014,nominal_satellite_false_heat_source,satellite_only,0,1,0,1.0,57.02,57.02,1.0,320.04,320.04,0,0,0,0,0,0.0,0.0,0
1015,correlated_satellite_news_false_alarm,satellite_news,0,1,0,0.0,0.0,0.0,1.0,299.94,299.94,0,1,0,0,0,15.749237233333334,0.5046681880477799,0
1016,low_confidence_satellite_noise,satellite_only,2,0,0,1.0,22.025,23.09,1.0,323.03499999999997,325.93,0,0,0,0,0,24.408978116666667,2.4273768037082535,0
1017,mixed_confidence_non_fire_heat_source,mixed_confidence,2,1,1,0.5,98.315,103.42,1.0,315.8175,323.53,0,0,0,0,0,14.667037183333333,2.3742312194338737,0
1018,multi_confidence_persistent_real_fire,multi_satellite,1,1,2,0.75,99.53666666666668,115.51,1.0,325.855,355.05,0,0,0,0,0,36.11790651666667,0.9664726631407536,1
1019,high_low_satellite_false_alarm,mixed_confidence,0,0,2,1.0,73.4,115.69,1.0,343.04499999999996,369.03,0,1,0,0,0,19.699094733333332,2.003174297943544,0
1020,high_low_satellite_with_news_real_fire,mixed_confidence,0,0,2,0.5,57.66,57.66,1.0,331.08500000000004,334.97,0,0,1,1,0,12.2135806,2.375850485890466,1
1021,correlated_satellite_news_false_alarm,satellite_news,1,0,0,1.0,69.06,69.06,1.0,334.84,334.84,0,0,2,0,0,23.933200966666668,1.9873803717803307,0
1022,low_confidence_satellite_noise,satellite_only,1,0,0,1.0,21.09,21.09,1.0,321.51,321.51,0,0,0,0,0,0.0,0.0,0
1023,multi_confidence_persistent_real_fire,multi_satellite,1,0,2,0.6666666666666666,90.815,110.89,1.0,366.68,382.58,0,0,0,0,0,21.008697916666666,2.8112654782158977,1
1024,high_low_satellite_with_news_real_fire,mixed_confidence,1,0,1,0.5,17.41,17.41,0.5,307.35,307.35,0,0,1,1,0,23.870004100000003,3.169667163910251,1
1025,satellite_only_before_news,satellite_only,0,1,0,1.0,51.62,51.62,0.0,0.0,0.0,0,0,0,0,0,0.0,0.0,1
1026,news_rumor_no_fire,news_only,0,0,0,0.0,0.0,0.0,0.0,0.0,0.0,0,0,0,1,0,0.0,0.0,0
1027,multi_satellite_real_fire,multi_satellite,0,0,3,1.0,80.21666666666665,104.57,1.0,349.95,367.65,0,0,0,0,0,33.15535655,1.9382743226047736,1
1028,nominal_satellite_with_news,satellite_news,0,1,0,1.0,46.13,46.13,1.0,319.04,319.04,0,2,0,0,0,10.479918616666668,1.7809855020908807,1
1029,mixed_confidence_non_fire_heat_source,mixed_confidence,1,1,1,0.3333333333333333,56.8,56.8,0.3333333333333333,347.63,347.63,0,0,0,0,0,9.986955566666667,1.2220161961804163,0
1030,multi_confidence_persistent_real_fire,multi_satellite,1,3,1,0.6,96.60000000000001,104.54,0.6,332.11333333333334,336.18,0,1,0,0,0,40.08420976666666,4.214851740227704,1
1031,multi_confidence_persistent_real_fire,multi_satellite,3,0,2,0.6,53.04999999999999,118.07,1.0,332.64,362.11,0,0,0,0,0,32.7864267,2.2176720574765714,1
1032,correlated_satellite_news_false_alarm,satellite_news,0,2,0,0.5,13.37,13.37,0.5,302.48,302.48,0,1,0,0,0,15.54635285,0.17064353760166137,0
1033,news_rumor_no_fire,news_only,0,0,0,0.0,0.0,0.0,0.0,0.0,0.0,1,0,0,0,0,0.0,0.0,0
1034,mixed_satellite_with_false_news,mixed_confidence,1,1,1,0.6666666666666666,27.945,45.06,0.6666666666666666,338.64,362.49,0,1,0,0,0,17.301857199999997,2.035534022641912,0
1035,correlated_satellite_news_false_alarm,satellite_news,1,0,0,1.0,43.11,43.11,0.0,0.0,0.0,0,0,2,0,0,9.902909666666666,1.7810996808391382,0
1036,persistent_non_wildfire_heat_source,multi_satellite,1,2,0,0.6666666666666666,51.625,60.88,0.6666666666666666,337.21000000000004,343.5,0,0,0,0,0,20.319942933333333,3.2817574188743572,0
1037,news_rumor_no_fire,news_only,0,0,0,0.0,0.0,0.0,0.0,0.0,0.0,0,1,0,0,0,0.0,0.0,0
1038,nominal_low_satellite_with_news_real_fire,mixed_confidence,1,1,0,0.5,11.59,11.59,1.0,310.985,321.91,0,1,1,0,0,21.2321202,1.7753450790375556,1
1039,news_only_before_satellite,news_only,0,0,0,0.0,0.0,0.0,0.0,0.0,0.0,0,1,1,0,0,17.273677833333334,0.8522074283481003,1
1040,nominal_satellite_false_heat_source,satellite_only,0,1,0,1.0,22.51,22.51,1.0,325.73,325.73,0,0,0,0,0,0.0,0.0,0
1041,nominal_satellite_with_news,satellite_news,0,2,0,0.5,77.68,77.68,0.5,311.75,311.75,0,0,0,2,0,27.44658678333333,2.8157819762693967,1
1042,satellite_only_before_news,satellite_only,0,1,1,1.0,87.25,87.43,0.5,329.99,329.99,0,0,0,0,0,0.6918188166666667,1.1183588555738107,1
1043,high_low_satellite_false_alarm,mixed_confidence,2,0,1,0.6666666666666666,71.97,117.92,1.0,350.13000000000005,380.12,0,0,0,0,0,17.01929575,1.5427216311148673,0
1044,multiple_news_same_false_alarm,news_only,0,0,0,0.0,0.0,0.0,0.0,0.0,0.0,1,1,1,0,0,31.527110883333332,0.308908315197079,0
1045,satellite_only_before_news,satellite_only,0,0,1,1.0,92.76,92.76,0.0,0.0,0.0,0,0,0,0,0,0.0,0.0,1
1046,mixed_satellite_with_false_news,mixed_confidence,0,2,1,0.6666666666666666,79.685,86.96,0.6666666666666666,334.96500000000003,351.72,0,1,0,0,0,13.64057135,3.487024166363767,0
1047,mixed_confidence_non_fire_heat_source,mixed_confidence,1,1,2,0.75,53.29333333333333,86.58,0.5,309.91499999999996,312.94,0,0,0,0,0,23.994024149999998,1.824040516475952,0
1048,news_rumor_no_fire,news_only,0,0,0,0.0,0.0,0.0,0.0,0.0,0.0,0,0,0,1,0,0.0,0.0,0
1049,high_confidence_satellite_with_news,satellite_news,0,0,2,0.5,115.24,115.24,1.0,346.66999999999996,352.32,0,0,1,1,0,18.122366383333333,1.2379675500776384,1
1050,multi_satellite_real_fire,multi_satellite,0,3,1,1.0,76.26750000000001,113.68,0.75,329.1666666666667,332.42,0,0,0,0,0,28.976381166666666,4.075333020174053,1
1051,high_low_satellite_with_news_real_fire,mixed_confidence,0,0,3,0.6666666666666666,71.215,84.07,1.0,353.7833333333333,374.11,0,1,0,0,0,19.3421648,1.3790106780322582,1
1052,mixed_confidence_satellite_real_fire,mixed_confidence,2,0,2,0.5,27.560000000000002,29.36,0.5,348.5,361.57,0,1,0,0,0,34.823888966666665,1.8706883006611046,1
1053,high_confidence_satellite_with_news,satellite_news,0,0,1,1.0,83.34,83.34,1.0,350.86,350.86,0,0,0,1,0,12.43026535,1.7378357187633087,1
1054,high_low_satellite_false_alarm,mixed_confidence,1,0,1,1.0,88.495,117.99,0.5,327.54,327.54,0,0,0,0,0,6.257016866666667,2.3802948152412267,0
1055,multiple_news_same_false_alarm,news_only,0,0,0,0.0,0.0,0.0,0.0,0.0,0.0,1,2,1,0,0,24.808509766666667,1.0922833170555022,0
1056,news_only_before_satellite,news_only,0,0,0,0.0,0.0,0.0,0.0,0.0,0.0,0,1,0,0,1,3.8833712166666667,1.2455661088673557,1
1057,high_confidence_satellite_false_positive,satellite_only,0,0,1,1.0,110.71,110.71,1.0,344.38,344.38,0,0,0,0,0,0.0,0.0,0
1058,low_confidence_satellite_noise,satellite_only,3,0,0,0.6666666666666666,8.825,10.05,1.0,304.2733333333333,315.65,0,0,0,0,0,10.087151083333334,0.8876562767800058,0
1059,correlated_satellite_news_false_alarm,satellite_news,0,1,0,1.0,38.95,38.95,0.0,0.0,0.0,0,0,1,0,0,2.26002975,2.3942751296425664,0
1060,persistent_non_wildfire_heat_source,multi_satellite,0,2,0,1.0,30.450000000000003,46.24,0.0,0.0,0.0,0,0,0,0,0,28.8031326,1.9304781672398188,0
1061,news_only_before_satellite,news_only,0,0,0,0.0,0.0,0.0,0.0,0.0,0.0,0,1,0,0,0,0.0,0.0,1
1062,mixed_confidence_non_fire_heat_source,mixed_confidence,0,2,1,0.6666666666666666,69.485,72.44,0.3333333333333333,316.52,316.52,0,0,0,0,0,25.594648433333337,2.599335606662346,0
1063,mixed_confidence_non_fire_heat_source,mixed_confidence,0,1,2,0.6666666666666666,85.59,86.36,0.3333333333333333,311.9,311.9,0,0,0,0,0,15.348672733333332,2.078563478567982,0
1064,multiple_news_same_false_alarm,news_only,0,0,0,0.0,0.0,0.0,0.0,0.0,0.0,0,1,1,0,0,24.79766706666667,0.6584243947833212,0
1065,multi_confidence_persistent_real_fire,multi_satellite,2,3,0,0.8,61.7725,101.05,1.0,336.506,350.25,0,0,0,0,0,36.6131188,3.2193329747379447,1
1066,nominal_satellite_with_news,satellite_news,0,2,0,0.5,68.2,68.2,0.5,343.39,343.39,0,0,0,1,0,32.76839118333333,2.339352818317253,1
1067,low_confidence_satellite_noise,satellite_only,3,0,0,1.0,20.930000000000003,28.91,0.3333333333333333,311.59,311.59,0,0,0,0,0,32.153610316666665,2.0124544751048448,0
1068,mixed_confidence_non_fire_heat_source,mixed_confidence,0,1,1,0.5,108.67,108.67,0.5,301.45,301.45,0,0,0,0,0,1.4582049666666668,0.8049491614075598,0
1069,high_confidence_satellite_false_positive,satellite_only,0,0,1,1.0,59.68,59.68,1.0,351.14,351.14,0,0,0,0,0,0.0,0.0,0
1070,high_low_satellite_with_news_real_fire,mixed_confidence,1,0,1,1.0,123.19,128.97,0.5,352.33,352.33,0,1,0,0,0,13.290896566666667,2.2078384485814095,1
1071,nominal_satellite_false_heat_source,satellite_only,0,2,0,1.0,39.03,56.06,0.5,338.47,338.47,0,0,0,0,0,4.750560699999999,0.69899901201932,0
1072,high_low_satellite_with_news_real_fire,mixed_confidence,1,0,1,0.5,121.24,121.24,1.0,331.57,358.38,0,1,1,0,0,29.37250925,2.323886343470939,1
1073,nominal_satellite_with_news,satellite_news,0,1,0,0.0,0.0,0.0,1.0,317.93,317.93,0,0,2,0,0,15.702850816666666,1.8252099802046284,1
1074,nominal_satellite_false_heat_source,satellite_only,0,1,0,1.0,12.08,12.08,1.0,332.54,332.54,0,0,0,0,0,0.0,0.0,0
1075,multi_confidence_persistent_real_fire,multi_satellite,1,1,3,0.6,82.45666666666666,118.97,0.6,341.4866666666667,374.18,1,0,0,0,0,28.8633748,2.9211325241861674,1
1076,satellite_only_before_news,satellite_only,0,1,1,1.0,55.36,69.93,0.5,309.47,309.47,0,0,0,0,0,5.339303433333333,1.1857592357779765,1
1077,high_confidence_satellite_false_positive,satellite_only,0,0,1,1.0,76.38,76.38,0.0,0.0,0.0,0,0,0,0,0,0.0,0.0,0
1078,high_confidence_satellite_false_positive,satellite_only,0,0,1,1.0,22.72,22.72,1.0,375.98,375.98,0,0,0,0,0,0.0,0.0,0
1079,high_confidence_satellite_with_news,satellite_news,0,0,2,1.0,109.99,125.49,1.0,370.425,398.48,0,0,0,2,0,22.80683798333333,2.1759395690241834,1
1080,persistent_non_wildfire_heat_source,multi_satellite,1,3,0,0.5,51.915,56.61,0.75,320.87,349.72,0,0,0,0,0,35.71685431666666,3.934818717746756,0
1081,low_confidence_satellite_noise,satellite_only,1,0,0,0.0,0.0,0.0,1.0,295.75,295.75,0,0,0,0,0,0.0,0.0,0
1082,news_rumor_no_fire,news_only,0,0,0,0.0,0.0,0.0,0.0,0.0,0.0,1,0,0,0,0,0.0,0.0,0
1083,multi_satellite_plus_multi_news,satellite_news,0,0,2,1.0,98.53999999999999,120.82,1.0,358.22,389.82,0,0,1,2,0,27.38862995,2.6364094585399944,1
1084,multi_confidence_persistent_real_fire,multi_satellite,3,2,0,1.0,66.974,95.33,1.0,342.36,358.62,0,0,1,0,0,36.642951733333334,1.9160067038946618,1
1085,low_confidence_satellite_noise,satellite_only,1,0,0,1.0,15.0,15.0,1.0,296.91,296.91,0,0,0,0,0,0.0,0.0,0
1086,news_rumor_no_fire,news_only,0,0,0,0.0,0.0,0.0,0.0,0.0,0.0,1,0,0,0,0,0.0,0.0,0
1087,nominal_low_satellite_with_news_real_fire,mixed_confidence,0,2,0,1.0,58.955,75.38,0.5,313.97,313.97,0,2,0,0,0,25.545416033333332,1.9275705925504085,1
1088,multiple_news_same_false_alarm,news_only,0,0,0,0.0,0.0,0.0,0.0,0.0,0.0,2,0,0,0,0,0.7377572166666667,1.099814146828319,0
1089,mixed_confidence_non_fire_heat_source,mixed_confidence,1,0,1,1.0,82.66499999999999,105.08,0.5,298.15,298.15,0,0,0,0,0,14.225131766666667,0.4494411433903799,0
1090,high_low_satellite_false_alarm,mixed_confidence,2,0,1,1.0,105.56666666666666,119.13,0.6666666666666666,334.24,360.48,1,0,0,0,0,11.01707725,1.9830701674886488,0
1091,satellite_only_before_news,satellite_only,0,1,0,0.0,0.0,0.0,0.0,0.0,0.0,0,0,0,0,0,0.0,0.0,1
1092,high_confidence_satellite_false_positive,satellite_only,0,0,1,1.0,82.31,82.31,1.0,336.04,336.04,0,0,0,0,0,0.0,0.0,0
1093,high_low_satellite_with_news_real_fire,mixed_confidence,1,0,2,0.3333333333333333,126.67,126.67,0.6666666666666666,364.42,368.37,0,1,0,0,0,4.514873466666667,2.6699206780509006,1
1094,persistent_non_wildfire_heat_source,multi_satellite,2,2,0,1.0,48.5975,69.38,1.0,319.225,348.22,0,0,0,0,0,41.80134986666667,3.0847478452174903,0
1095,nominal_low_satellite_with_news_real_fire,mixed_confidence,2,0,0,0.5,37.01,37.01,1.0,340.21500000000003,361.7,0,0,1,0,0,26.743213233333332,3.2836776448379736,1
1096,low_confidence_satellite_noise,satellite_only,1,0,0,0.0,0.0,0.0,1.0,323.65,323.65,0,0,0,0,0,0.0,0.0,0
1097,satellite_only_before_news,satellite_only,0,0,2,1.0,51.839999999999996,81.96,1.0,326.635,350.35,0,0,0,0,0,2.5197400333333335,1.253354195278539,1
1098,correlated_satellite_news_false_alarm,satellite_news,1,1,0,0.5,50.7,50.7,1.0,299.77,305.18,0,1,0,0,0,7.264214183333333,1.1543595432812375,0
1099,news_rumor_no_fire,news_only,0,0,0,0.0,0.0,0.0,0.0,0.0,0.0,0,1,0,0,0,0.0,0.0,0
1100,correlated_satellite_news_false_alarm,satellite_news,0,2,0,1.0,19.755,21.61,1.0,333.665,336.73,0,1,1,0,0,17.036657466666664,1.54438290481024,0
1101,satellite_only_before_news,satellite_only,0,0,2,1.0,67.35,82.26,0.5,334.78,334.78,0,0,0,0,0,1.9844130333333332,0.3546423137144683,1
1102,nominal_low_satellite_with_news_real_fire,mixed_confidence,0,3,0,0.3333333333333333,58.36,58.36,0.6666666666666666,344.56,346.99,0,1,1,0,0,25.917430316666664,1.9318883349870475,1
1103,high_low_satellite_with_news_real_fire,mixed_confidence,2,0,1,0.6666666666666666,98.20500000000001,101.12,1.0,345.20666666666665,366.82,0,0,0,1,0,33.14160398333333,2.1370091045792874,1
1104,mixed_confidence_non_fire_heat_source,mixed_confidence,2,1,0,0.6666666666666666,71.715,78.35,0.6666666666666666,323.26,328.81,0,0,0,0,0,5.6323363833333335,1.7536668032520977,0
1105,correlated_satellite_news_false_alarm,satellite_news,0,1,0,1.0,10.84,10.84,1.0,307.31,307.31,0,1,0,0,0,2.0886591833333332,0.4872063023556203,0
1106,correlated_satellite_news_false_alarm,satellite_news,0,1,0,1.0,47.8,47.8,1.0,323.29,323.29,0,0,1,0,0,20.13470225,2.1104047549346436,0
1107,mixed_confidence_satellite_real_fire,mixed_confidence,0,0,2,1.0,98.41,103.24,1.0,356.53,376.61,0,0,0,0,0,16.2805896,1.6228818499427247,1
1108,mixed_satellite_with_false_news,mixed_confidence,2,0,0,1.0,62.120000000000005,87.06,0.5,310.97,310.97,1,0,1,0,0,15.886076533333332,2.6610689038773288,0
1109,satellite_only_before_news,satellite_only,0,2,0,1.0,32.685,40.66,0.0,0.0,0.0,0,0,0,0,0,3.81293715,0.9329630943103822,1
1110,mixed_confidence_non_fire_heat_source,mixed_confidence,1,3,0,0.75,88.21999999999998,94.36,0.5,308.945,312.2,0,0,0,0,0,15.734423233333333,1.9014661251652758,0
1111,high_low_satellite_false_alarm,mixed_confidence,1,0,2,1.0,80.12333333333333,103.27,1.0,337.55333333333334,367.87,0,1,0,0,0,5.537092783333334,2.73973895243686,0
1112,mixed_confidence_non_fire_heat_source,mixed_confidence,1,2,0,0.6666666666666666,61.31,85.48,0.3333333333333333,323.0,323.0,0,0,0,0,0,12.528761633333334,1.9650682344653756,0
1113,persistent_non_wildfire_heat_source,multi_satellite,2,1,0,1.0,36.78666666666667,46.92,1.0,318.9266666666667,332.36,0,0,0,0,0,39.4174414,1.9067691720123634,0
1114,high_confidence_satellite_with_news,satellite_news,0,0,1,1.0,89.11,89.11,1.0,399.36,399.36,0,0,0,2,0,7.365802216666666,1.4426496062321132,1
1115,high_confidence_satellite_false_positive,satellite_only,0,0,1,0.0,0.0,0.0,0.0,0.0,0.0,0,0,0,0,0,0.0,0.0,0
1116,satellite_only_before_news,satellite_only,0,1,0,0.0,0.0,0.0,1.0,310.33,310.33,0,0,0,0,0,0.0,0.0,1
1117,mixed_confidence_non_fire_heat_source,mixed_confidence,1,0,1,1.0,41.825,46.71,0.5,372.46,372.46,0,0,0,0,0,2.4046254166666667,0.8074165800279882,0
1118,nominal_satellite_false_heat_source,satellite_only,0,2,0,0.5,42.63,42.63,1.0,318.99,326.35,0,0,0,0,0,1.0377197833333334,0.46576966111935786,0
1119,satellite_only_before_news,satellite_only,0,1,0,1.0,99.17,99.17,1.0,334.18,334.18,0,0,0,0,0,0.0,0.0,1
1120,multi_satellite_plus_multi_news,satellite_news,0,0,4,0.75,98.98,105.73,1.0,355.26,365.47,0,0,1,1,0,23.148288333333333,2.6911103470366173,1
1121,multi_satellite_real_fire,multi_satellite,0,4,0,0.75,69.54666666666667,118.58,0.75,338.82,348.3,0,0,0,0,0,16.374952866666668,1.8109449623872784,1
1122,high_low_satellite_with_news_real_fire,mixed_confidence,0,0,2,1.0,84.165,110.09,0.5,387.57,387.57,0,0,1,0,0,15.397053733333333,2.748192656941531,1
1123,mixed_satellite_with_false_news,mixed_confidence,1,0,1,0.5,56.75,56.75,1.0,366.03,367.76,0,0,1,0,0,32.99720838333334,1.5629110466204772,0
1124,news_rumor_no_fire,news_only,0,0,0,0.0,0.0,0.0,0.0,0.0,0.0,1,0,0,0,0,0.0,0.0,0
1125,mixed_satellite_with_false_news,mixed_confidence,0,2,0,1.0,78.425,96.52,0.5,314.12,314.12,1,0,1,0,0,24.971684133333333,2.7728547167609756,0
1126,multi_satellite_plus_multi_news,satellite_news,0,3,0,1.0,73.80333333333334,107.87,1.0,325.8566666666666,340.44,0,0,0,3,0,42.12315851666666,2.7708377026139726,1
1127,news_rumor_no_fire,news_only,0,0,0,0.0,0.0,0.0,0.0,0.0,0.0,0,1,0,0,0,0.0,0.0,0
1128,persistent_non_wildfire_heat_source,multi_satellite,0,2,0,1.0,46.59,83.12,0.5,347.15,347.15,0,0,0,0,0,1.0844281500000001,0.9208534796938269,0
1129,nominal_satellite_with_news,satellite_news,0,2,0,0.5,78.64,78.64,1.0,315.945,324.53,0,1,0,0,0,20.176920933333335,2.5240479241067058,1
1130,high_low_satellite_false_alarm,mixed_confidence,0,0,2,0.0,0.0,0.0,1.0,370.77,372.64,0,0,0,0,0,3.168129233333333,0.8904150411330481,0
1131,high_low_satellite_with_news_real_fire,mixed_confidence,1,0,1,1.0,78.63499999999999,103.63,0.5,360.47,360.47,0,0,0,2,0,25.994422999999998,1.690215237753274,1
1132,mixed_confidence_non_fire_heat_source,mixed_confidence,0,1,2,0.6666666666666666,65.395,105.42,0.6666666666666666,342.87,374.14,0,0,0,0,0,16.171755716666667,1.094264392849663,0
1133,mixed_satellite_with_false_news,mixed_confidence,0,0,1,0.0,0.0,0.0,1.0,332.2,332.2,0,1,0,0,0,11.322533666666667,2.9219245412044237,0
1134,news_only_before_satellite,news_only,0,0,0,0.0,0.0,0.0,0.0,0.0,0.0,0,1,1,0,0,3.8671741,1.2232214109068604,1
1135,nominal_satellite_false_heat_source,satellite_only,0,1,0,1.0,43.36,43.36,0.0,0.0,0.0,0,0,0,0,0,0.0,0.0,0
1136,news_rumor_no_fire,news_only,0,0,0,0.0,0.0,0.0,0.0,0.0,0.0,0,0,0,1,0,0.0,0.0,0
1137,nominal_low_satellite_with_news_real_fire,mixed_confidence,2,0,0,1.0,55.03,55.66,1.0,341.825,347.58,0,1,1,0,0,17.5713488,3.885175733791871,1
1138,high_confidence_satellite_with_news,satellite_news,0,0,1,1.0,114.18,114.18,1.0,354.96,354.96,0,0,1,0,0,0.9855763166666667,0.591687522971848,1
1139,multiple_news_same_false_alarm,news_only,0,0,0,0.0,0.0,0.0,0.0,0.0,0.0,0,1,1,0,0,8.037101783333334,0.5892344568047517,0
1140,high_confidence_satellite_false_positive,satellite_only,0,0,1,1.0,24.87,24.87,1.0,359.75,359.75,0,0,0,0,0,0.0,0.0,0
1141,news_only_before_satellite,news_only,0,0,0,0.0,0.0,0.0,0.0,0.0,0.0,0,0,1,0,1,0.342681,1.1760176978167323,1
1142,high_low_satellite_with_news_real_fire,mixed_confidence,3,0,0,0.6666666666666666,45.980000000000004,75.31,1.0,344.17,386.57,0,1,0,0,0,16.8474502,1.9959687564044701,1
1143,news_only_before_satellite,news_only,0,0,0,0.0,0.0,0.0,0.0,0.0,0.0,0,0,1,0,1,2.857122,0.6343578705791539,1
1144,high_confidence_satellite_with_news,satellite_news,0,0,2,1.0,119.00999999999999,145.32,1.0,352.38,364.02,0,0,1,0,0,4.404899733333334,3.007764604691491,1
1145,correlated_satellite_news_false_alarm,satellite_news,0,1,0,1.0,31.89,31.89,1.0,347.64,347.64,0,1,1,0,0,17.86237435,1.4790613461576525,0
1146,nominal_satellite_false_heat_source,satellite_only,0,2,0,0.0,0.0,0.0,0.5,333.62,333.62,0,0,0,0,0,3.1247068500000004,0.6817041114965953,0
1147,mixed_confidence_non_fire_heat_source,mixed_confidence,0,1,1,1.0,42.475,60.22,0.5,371.81,371.81,0,0,0,0,0,1.8742917833333335,0.7227137088989455,0
1148,multi_confidence_persistent_real_fire,multi_satellite,2,2,0,1.0,82.345,116.85,1.0,353.15250000000003,364.36,0,0,1,0,0,32.8984641,3.3075033642745817,1
1149,multi_satellite_plus_multi_news,satellite_news,0,2,2,0.5,91.78,120.66,1.0,328.31,347.9,0,0,0,3,0,30.090742416666668,1.8385367385345575,1
1150,mixed_satellite_with_false_news,mixed_confidence,0,1,1,1.0,56.33,93.96,0.0,0.0,0.0,1,1,0,0,0,27.656909366666664,3.3417112555824477,0
1151,satellite_only_before_news,satellite_only,0,1,1,1.0,38.33,52.85,1.0,338.70000000000005,366.1,0,0,0,0,0,7.8531826,0.7836411912969469,1
1152,persistent_non_wildfire_heat_source,multi_satellite,1,2,0,0.6666666666666666,49.815,64.86,1.0,336.42333333333335,350.8,0,0,0,0,0,20.3917757,3.481603535546615,0
1153,news_only_before_satellite,news_only,0,0,0,0.0,0.0,0.0,0.0,0.0,0.0,0,1,0,0,1,3.3651545166666663,0.7592394065688228,1
1154,nominal_satellite_with_news,satellite_news,0,1,0,1.0,49.92,49.92,1.0,347.41,347.41,0,1,0,0,0,23.891575083333333,1.642131137321779,1
1155,mixed_satellite_with_false_news,mixed_confidence,2,0,1,0.6666666666666666,24.119999999999997,34.94,0.6666666666666666,340.845,344.51,1,1,0,0,0,25.79825483333333,1.9538243655217085,0
1156,low_confidence_satellite_noise,satellite_only,3,0,0,1.0,26.316666666666666,33.71,1.0,303.50666666666666,318.39,0,0,0,0,0,20.2453082,2.759994856161551,0
1157,mixed_confidence_satellite_real_fire,mixed_confidence,0,2,1,1.0,58.71333333333334,69.56,1.0,330.99333333333334,342.51,0,0,0,0,0,29.31006145,1.8232071168800221,1
1158,multi_satellite_real_fire,multi_satellite,0,1,2,0.0,0.0,0.0,0.6666666666666666,333.345,339.95,0,0,0,0,0,43.18492451666667,1.0052336481912099,1
1159,high_low_satellite_false_alarm,mixed_confidence,1,0,2,1.0,70.82333333333334,110.1,0.6666666666666666,351.065,383.11,0,1,0,0,0,23.825734066666666,2.1435865004633525,0
1160,high_confidence_satellite_false_positive,satellite_only,0,0,1,1.0,101.84,101.84,1.0,319.13,319.13,0,0,0,0,0,0.0,0.0,0
1161,mixed_confidence_non_fire_heat_source,mixed_confidence,0,1,2,1.0,68.01666666666667,83.02,1.0,323.1566666666667,339.02,0,0,0,0,0,12.47567925,2.4256457818831634,0
1162,mixed_confidence_non_fire_heat_source,mixed_confidence,0,3,0,0.6666666666666666,87.03999999999999,98.5,1.0,322.21666666666664,344.52,0,0,0,0,0,21.870648066666668,1.480589805774405,0
1163,multi_confidence_persistent_real_fire,multi_satellite,0,3,1,1.0,99.24499999999999,107.24,0.5,341.46500000000003,360.94,0,1,0,0,0,28.30580605,3.6819798209745787,1
1164,satellite_only_before_news,satellite_only,0,0,1,0.0,0.0,0.0,1.0,298.22,298.22,0,0,0,0,0,0.0,0.0,1
1165,multiple_news_same_false_alarm,news_only,0,0,0,0.0,0.0,0.0,0.0,0.0,0.0,1,0,1,0,0,4.0192555,1.6864345807241559,0
1166,multiple_news_same_false_alarm,news_only,0,0,0,0.0,0.0,0.0,0.0,0.0,0.0,0,2,1,0,0,28.096865183333332,1.0302597791074763,0
1167,persistent_non_wildfire_heat_source,multi_satellite,1,1,0,0.0,0.0,0.0,0.5,345.87,345.87,0,0,0,0,0,16.7826994,1.1333078461414006,0
1168,multi_satellite_real_fire,multi_satellite,0,3,1,1.0,63.96,96.85,0.75,339.34999999999997,347.2,0,0,0,0,0,31.210976183333333,3.2895452411414747,1
1169,high_confidence_satellite_false_positive,satellite_only,0,0,1,0.0,0.0,0.0,1.0,367.96,367.96,0,0,0,0,0,0.0,0.0,0
1170,nominal_satellite_with_news,satellite_news,0,2,0,1.0,34.9,38.65,1.0,330.645,331.26,0,1,0,0,0,22.9002689,1.7338163307565082,1
1171,mixed_confidence_non_fire_heat_source,mixed_confidence,2,1,0,1.0,77.60000000000001,106.56,0.6666666666666666,353.06,355.91,0,0,0,0,0,5.389166149999999,1.3922839736652644,0
1172,low_confidence_satellite_noise,satellite_only,2,0,0,1.0,20.78,33.67,0.5,310.77,310.77,0,0,0,0,0,31.875437233333333,1.6949530873557612,0
1173,multi_confidence_persistent_real_fire,multi_satellite,1,1,2,0.75,51.56333333333334,101.61,0.5,368.88,382.6,0,0,0,0,0,38.84010746666667,1.9020175244137347,1
1174,multi_confidence_persistent_real_fire,multi_satellite,1,2,1,0.75,73.72666666666667,111.75,0.25,323.39,323.39,0,1,0,0,0,37.6639887,3.5681470037628875,1
1175,low_confidence_satellite_noise,satellite_only,1,0,0,1.0,29.81,29.81,0.0,0.0,0.0,0,0,0,0,0,0.0,0.0,0
1176,nominal_low_satellite_with_news_real_fire,mixed_confidence,1,2,0,1.0,64.86,79.45,0.3333333333333333,312.75,312.75,0,0,1,0,0,29.65031766666667,2.34357334644308,1
1177,mixed_confidence_satellite_real_fire,mixed_confidence,0,0,2,0.5,48.77,48.77,1.0,340.275,356.77,0,0,1,0,0,12.096917733333333,3.5590257054546335,1
1178,mixed_satellite_with_false_news,mixed_confidence,1,2,0,1.0,50.626666666666665,74.06,1.0,330.19,365.06,0,1,0,0,0,23.624061416666667,2.2688812401295464,0
1179,high_low_satellite_with_news_real_fire,mixed_confidence,1,0,1,0.0,0.0,0.0,0.5,352.81,352.81,0,0,2,0,0,19.662927749999998,1.6332516413708669,1
1180,high_low_satellite_with_news_real_fire,mixed_confidence,1,0,1,1.0,67.875,71.19,0.5,366.08,366.08,0,2,0,0,0,17.651797966666667,1.8294094350934555,1
1181,nominal_satellite_false_heat_source,satellite_only,0,1,0,0.0,0.0,0.0,0.0,0.0,0.0,0,0,0,0,0,0.0,0.0,0
1182,correlated_satellite_news_false_alarm,satellite_news,1,1,0,1.0,46.75,60.94,1.0,334.365,348.19,0,2,0,0,0,18.419013433333337,2.8045030102097006,0
1183,nominal_low_satellite_with_news_real_fire,mixed_confidence,1,1,0,1.0,38.385,59.29,1.0,344.77,360.28,0,0,2,0,0,20.737410450000002,2.4864668193128336,1
1184,correlated_satellite_news_false_alarm,satellite_news,0,1,0,0.0,0.0,0.0,0.0,0.0,0.0,0,0,1,0,0,20.695717566666666,2.149375129133123,0
1185,news_rumor_no_fire,news_only,0,0,0,0.0,0.0,0.0,0.0,0.0,0.0,1,0,0,0,0,0.0,0.0,0
1186,nominal_low_satellite_with_news_real_fire,mixed_confidence,0,2,0,1.0,48.235,53.49,1.0,336.38,347.45,0,0,1,0,0,6.062122716666667,1.1921411445309378,1
1187,news_only_before_satellite,news_only,0,0,0,0.0,0.0,0.0,0.0,0.0,0.0,0,1,0,0,1,3.4014393333333337,1.6124406291483415,1
1188,mixed_confidence_satellite_real_fire,mixed_confidence,0,3,1,1.0,67.10499999999999,94.69,0.75,350.20000000000005,363.44,0,0,0,0,0,28.027626066666667,2.219961354171444,1
1189,news_only_before_satellite,news_only,0,0,0,0.0,0.0,0.0,0.0,0.0,0.0,0,1,0,0,0,0.0,0.0,1
1190,satellite_only_before_news,satellite_only,0,1,0,0.0,0.0,0.0,0.0,0.0,0.0,0,0,0,0,0,0.0,0.0,1
1191,mixed_confidence_non_fire_heat_source,mixed_confidence,0,1,2,1.0,69.37666666666667,90.01,1.0,344.4466666666667,349.16,0,0,0,0,0,17.706454166666667,0.6245732860535809,0
1192,high_confidence_satellite_with_news,satellite_news,0,0,1,1.0,61.68,61.68,1.0,392.39,392.39,0,0,0,2,0,14.1517045,2.0822929021634753,1
1193,high_confidence_satellite_false_positive,satellite_only,0,0,1,0.0,0.0,0.0,0.0,0.0,0.0,0,0,0,0,0,0.0,0.0,0
1194,nominal_satellite_with_news,satellite_news,0,2,0,1.0,66.63,72.14,1.0,329.365,355.75,0,1,0,0,0,32.302652083333335,1.6969287591814863,1
1195,high_low_satellite_with_news_real_fire,mixed_confidence,1,0,2,0.6666666666666666,101.86,103.16,0.6666666666666666,370.61,387.35,0,1,0,0,0,29.296012033333334,1.9610362278272486,1
1196,multi_satellite_plus_multi_news,satellite_news,0,2,1,1.0,81.66333333333334,115.41,1.0,355.0833333333333,380.74,0,0,1,1,0,42.146196450000005,3.873919026973749,1
1197,multiple_news_same_false_alarm,news_only,0,0,0,0.0,0.0,0.0,0.0,0.0,0.0,0,2,1,0,0,6.0362588,0.4613321783303786,0
1198,correlated_satellite_news_false_alarm,satellite_news,1,0,0,1.0,25.42,25.42,0.0,0.0,0.0,0,0,1,0,0,0.02809765,2.5722230459798525,0
1199,persistent_non_wildfire_heat_source,multi_satellite,1,2,0,1.0,37.013333333333335,68.73,1.0,351.29333333333335,357.94,0,0,0,0,0,5.339989766666666,2.8609388355092342,0
1200,persistent_non_wildfire_heat_source,multi_satellite,2,2,0,0.75,52.71,67.87,0.5,333.19,345.64,0,0,0,0,0,29.687997716666665,0.6181989940617619,0
1201,mixed_confidence_satellite_real_fire,mixed_confidence,1,2,1,0.5,22.85,32.4,0.75,332.87333333333333,371.48,1,0,0,0,0,21.741478683333334,3.2701978228392723,1
1202,mixed_confidence_non_fire_heat_source,mixed_confidence,1,1,2,0.75,66.61,78.56,1.0,338.835,372.43,0,0,0,0,0,11.654937266666668,2.031054845166102,0
1203,news_only_before_satellite,news_only,0,0,0,0.0,0.0,0.0,0.0,0.0,0.0,0,1,0,0,1,9.377840883333333,1.6530426285141437,1
1204,mixed_confidence_satellite_real_fire,mixed_confidence,1,0,1,1.0,85.44,88.76,1.0,322.445,344.38,0,0,0,0,0,19.788705683333333,2.818300460598064,1
1205,high_low_satellite_false_alarm,mixed_confidence,1,0,1,1.0,48.42,76.7,0.5,384.55,384.55,0,0,0,0,0,0.7990276833333334,2.0295060740569104,0
1206,mixed_confidence_non_fire_heat_source,mixed_confidence,2,1,0,0.0,0.0,0.0,1.0,330.03666666666663,346.8,0,0,0,0,0,14.391272366666668,0.7592832236126615,0
1207,correlated_satellite_news_false_alarm,satellite_news,1,0,0,1.0,28.95,28.95,0.0,0.0,0.0,0,0,1,0,0,3.5338897,2.1490287877464764,0
1208,high_low_satellite_with_news_real_fire,mixed_confidence,1,0,1,1.0,93.74000000000001,116.12,1.0,341.655,345.86,0,1,0,1,0,28.7933514,2.221964460963262,1
1209,multi_satellite_plus_multi_news,satellite_news,0,3,0,0.6666666666666666,75.66,105.03,0.6666666666666666,332.56,355.05,0,0,1,2,0,26.43773035,2.510507415399674,1
1210,satellite_only_before_news,satellite_only,0,0,1,0.0,0.0,0.0,1.0,303.53,303.53,0,0,0,0,0,0.0,0.0,1
1211,nominal_low_satellite_with_news_real_fire,mixed_confidence,0,2,0,1.0,38.205,55.41,0.5,349.09,349.09,0,1,1,0,0,18.4546992,2.2594006585070545,1
1212,high_low_satellite_with_news_real_fire,mixed_confidence,1,0,1,1.0,55.655,67.83,0.5,306.88,306.88,0,0,1,0,0,26.444602550000003,2.2244117237485725,1
1213,multi_confidence_persistent_real_fire,multi_satellite,4,0,0,1.0,68.695,103.36,0.75,363.50666666666666,378.43,0,0,0,0,0,30.119910666666666,3.181868191056282,1
1214,low_confidence_satellite_noise,satellite_only,3,0,0,0.6666666666666666,33.88,36.07,0.3333333333333333,313.45,313.45,0,0,0,0,0,24.15669985,1.3224391781274616,0
1215,low_confidence_satellite_noise,satellite_only,2,0,0,0.5,26.8,26.8,1.0,292.945,295.76,0,0,0,0,0,28.411704,0.760963498904159,0
1216,news_rumor_no_fire,news_only,0,0,0,0.0,0.0,0.0,0.0,0.0,0.0,0,1,0,0,0,0.0,0.0,0
1217,persistent_non_wildfire_heat_source,multi_satellite,3,1,0,1.0,42.239999999999995,73.69,0.25,323.35,323.35,0,0,0,0,0,30.409435183333336,2.956158253851726,0
1218,nominal_satellite_false_heat_source,satellite_only,0,1,0,0.0,0.0,0.0,1.0,337.32,337.32,0,0,0,0,0,0.0,0.0,0
1219,nominal_satellite_with_news,satellite_news,0,2,0,1.0,36.725,51.78,1.0,322.44500000000005,334.23,0,1,0,0,0,22.163187583333336,2.9059087085970416,1
1220,news_only_before_satellite,news_only,0,0,0,0.0,0.0,0.0,0.0,0.0,0.0,0,1,1,0,0,12.799545700000001,0.8885801226657005,1
1221,high_confidence_satellite_false_positive,satellite_only,0,0,1,1.0,72.3,72.3,1.0,351.21,351.21,0,0,0,0,0,0.0,0.0,0
1222,nominal_low_satellite_with_news_real_fire,mixed_confidence,1,1,0,1.0,51.35,56.14,1.0,366.855,367.5,0,1,0,0,0,17.016258433333334,1.9068180794459224,1
1223,nominal_satellite_with_news,satellite_news,0,1,0,1.0,30.33,30.33,0.0,0.0,0.0,0,1,0,0,0,34.61809718333333,0.6092417841631216,1
1224,high_confidence_satellite_false_positive,satellite_only,0,0,1,1.0,139.89,139.89,0.0,0.0,0.0,0,0,0,0,0,0.0,0.0,0
1225,high_confidence_satellite_false_positive,satellite_only,0,0,1,1.0,76.89,76.89,0.0,0.0,0.0,0,0,0,0,0,0.0,0.0,0
1226,high_confidence_satellite_false_positive,satellite_only,0,0,1,0.0,0.0,0.0,1.0,383.89,383.89,0,0,0,0,0,0.0,0.0,0
1227,mixed_confidence_non_fire_heat_source,mixed_confidence,2,1,1,0.75,74.69333333333333,108.88,0.5,331.88,352.17,0,0,0,0,0,23.69226195,1.2765126181501312,0
1228,high_confidence_satellite_false_positive,satellite_only,0,0,1,1.0,40.31,40.31,1.0,356.89,356.89,0,0,0,0,0,0.0,0.0,0
1229,mixed_confidence_satellite_real_fire,mixed_confidence,2,0,1,1.0,60.90333333333333,75.08,1.0,312.44,321.56,0,0,0,2,0,29.1214,4.1145118014870325,1
1230,multi_satellite_plus_multi_news,satellite_news,0,1,2,1.0,72.11666666666667,120.31,1.0,340.79333333333335,354.98,0,0,0,3,0,37.857342450000004,3.8133260736157397,1
1231,nominal_satellite_false_heat_source,satellite_only,0,1,0,0.0,0.0,0.0,1.0,328.04,328.04,0,0,0,0,0,0.0,0.0,0
1232,high_confidence_satellite_with_news,satellite_news,0,0,1,1.0,46.12,46.12,1.0,353.82,353.82,0,0,1,1,0,2.6240683,2.8270294238720823,1
1233,multi_satellite_real_fire,multi_satellite,0,2,2,1.0,61.775,105.66,0.75,332.87,375.56,0,0,0,0,0,12.239144816666668,1.6201902911853228,1
1234,high_low_satellite_false_alarm,mixed_confidence,1,0,2,0.6666666666666666,71.625,89.17,0.3333333333333333,345.27,345.27,0,1,0,0,0,19.117858249999998,2.278096514639049,0
1235,nominal_satellite_false_heat_source,satellite_only,0,1,0,1.0,52.7,52.7,0.0,0.0,0.0,0,0,0,0,0,0.0,0.0,0
1236,multi_satellite_real_fire,multi_satellite,0,2,2,0.25,50.35,50.35,0.75,330.32,376.81,0,0,0,0,0,31.352141933333332,1.2268436849482194,1
1237,persistent_non_wildfire_heat_source,multi_satellite,3,1,0,0.75,59.830000000000005,82.5,1.0,320.9825,337.66,0,0,0,0,0,23.0144815,2.1354511367198614,0
1238,nominal_low_satellite_with_news_real_fire,mixed_confidence,1,2,0,0.6666666666666666,68.36,87.96,1.0,326.2633333333333,353.41,0,1,0,0,0,20.760666383333334,2.0146317483290996,1
1239,satellite_only_before_news,satellite_only,0,0,2,1.0,22.939999999999998,35.12,0.5,350.42,350.42,0,0,0,0,0,3.2289326333333337,1.468058156777466,1
1240,correlated_satellite_news_false_alarm,satellite_news,0,1,0,1.0,64.7,64.7,1.0,330.65,330.65,0,1,1,0,0,12.713795000000001,1.0216700025667451,0
1241,high_confidence_satellite_false_positive,satellite_only,0,0,1,1.0,22.6,22.6,1.0,332.93,332.93,0,0,0,0,0,0.0,0.0,0
1242,nominal_satellite_with_news,satellite_news,0,1,0,0.0,0.0,0.0,1.0,357.15,357.15,0,1,1,0,0,16.777165183333334,2.4708155300169943,1
1243,multi_satellite_real_fire,multi_satellite,0,3,0,0.6666666666666666,51.715,52.63,0.6666666666666666,344.645,355.44,0,0,0,0,0,16.387207283333332,2.6049774020044705,1
1244,high_low_satellite_false_alarm,mixed_confidence,0,0,3,1.0,71.79666666666667,103.36,0.3333333333333333,353.07,353.07,0,0,0,0,0,15.985271766666667,1.9904611523967561,0
1245,nominal_low_satellite_with_news_real_fire,mixed_confidence,1,1,0,0.0,0.0,0.0,1.0,335.105,362.76,0,0,1,0,0,5.373764866666666,1.9916191571756328,1
1246,mixed_confidence_satellite_real_fire,mixed_confidence,0,1,3,1.0,55.150000000000006,100.1,0.5,335.595,373.83,0,0,1,0,0,41.008920116666665,2.2472311283141,1
1247,news_rumor_no_fire,news_only,0,0,0,0.0,0.0,0.0,0.0,0.0,0.0,0,0,0,0,1,0.0,0.0,0
1248,correlated_satellite_news_false_alarm,satellite_news,1,1,0,1.0,19.84,26.41,0.5,312.12,312.12,0,1,1,0,0,14.470257833333333,2.889322747528747,0
1249,satellite_only_before_news,satellite_only,0,0,2,1.0,40.595,55.76,1.0,340.695,361.19,0,0,0,0,0,13.824770016666667,2.4011481075890626,1
1250,high_low_satellite_with_news_real_fire,mixed_confidence,2,0,1,1.0,76.57,107.77,0.3333333333333333,324.61,324.61,0,1,0,0,0,21.99776896666667,2.0010939314282954,1
1251,mixed_confidence_non_fire_heat_source,mixed_confidence,1,2,1,0.25,16.04,16.04,0.5,351.975,359.79,0,0,0,0,0,17.647307116666664,2.5512700087042908,0
1252,multi_confidence_persistent_real_fire,multi_satellite,2,1,0,0.6666666666666666,65.88499999999999,77.74,1.0,325.98999999999995,336.33,0,0,1,1,0,17.67582881666667,2.7817995685596224,1
1253,multi_confidence_persistent_real_fire,multi_satellite,1,0,2,1.0,65.28666666666668,86.51,0.3333333333333333,368.09,368.09,0,0,0,0,0,14.247183633333332,1.0317380182951632,1
1254,mixed_confidence_satellite_real_fire,mixed_confidence,2,1,1,1.0,75.11749999999999,103.77,0.75,336.25333333333333,363.4,0,0,1,0,0,41.36133123333333,2.970186351775982,1
1255,satellite_only_before_news,satellite_only,0,1,1,0.5,79.28,79.28,1.0,304.19,307.39,0,0,0,0,0,8.570928333333335,0.3565020208396387,1
1256,multiple_news_same_false_alarm,news_only,0,0,0,0.0,0.0,0.0,0.0,0.0,0.0,1,2,1,0,0,34.3677706,0.8683974790220635,0
1257,mixed_confidence_non_fire_heat_source,mixed_confidence,0,2,1,1.0,77.32666666666667,100.46,0.6666666666666666,332.87,366.61,0,0,0,0,0,14.926764649999999,1.55569685285332,0
1258,low_confidence_satellite_noise,satellite_only,1,0,0,0.0,0.0,0.0,0.0,0.0,0.0,0,0,0,0,0,0.0,0.0,0
1259,nominal_satellite_with_news,satellite_news,0,2,0,1.0,23.005,23.54,1.0,348.07,348.77,0,0,0,1,0,35.196379666666665,1.6244099098176212,1
1260,high_low_satellite_false_alarm,mixed_confidence,2,0,1,0.6666666666666666,63.54,75.38,0.3333333333333333,341.19,341.19,0,0,0,0,0,9.884105016666666,1.4423116968840786,0
1261,multi_satellite_plus_multi_news,satellite_news,0,2,0,1.0,100.815,126.44,1.0,329.6,349.81,0,0,0,2,0,32.19068811666667,2.545691948280843,1
1262,multiple_news_same_false_alarm,news_only,0,0,0,0.0,0.0,0.0,0.0,0.0,0.0,1,0,3,0,0,25.989416416666664,1.2708464746893697,0
1263,multi_satellite_plus_multi_news,satellite_news,0,1,1,1.0,61.935,72.0,0.0,0.0,0.0,0,0,1,1,0,22.103012133333333,1.8014481115805703,1
1264,high_low_satellite_false_alarm,mixed_confidence,0,0,2,1.0,93.175,109.49,1.0,308.83000000000004,311.86,1,0,0,0,0,23.2407371,1.0140933973681245,0
1265,multi_satellite_real_fire,multi_satellite,0,2,1,0.6666666666666666,57.065,78.7,1.0,323.8066666666667,357.92,0,0,0,0,0,5.2914363,1.4392903956823413,1
1266,high_confidence_satellite_with_news,satellite_news,0,0,3,0.6666666666666666,89.505,126.32,1.0,328.58666666666664,339.09,0,0,0,1,0,23.335132516666665,3.0475143784308,1
1267,multiple_news_same_false_alarm,news_only,0,0,0,0.0,0.0,0.0,0.0,0.0,0.0,0,2,0,0,0,36.75612728333333,0.2768347421099009,0
1268,news_only_before_satellite,news_only,0,0,0,0.0,0.0,0.0,0.0,0.0,0.0,0,0,0,0,1,0.0,0.0,1
1269,satellite_only_before_news,satellite_only,0,1,0,1.0,32.95,32.95,1.0,332.62,332.62,0,0,0,0,0,0.0,0.0,1
1270,persistent_non_wildfire_heat_source,multi_satellite,3,1,0,0.75,45.21333333333333,64.88,0.75,331.7833333333333,356.62,0,0,0,0,0,27.031807516666667,2.475605853728258,0
1271,multiple_news_same_false_alarm,news_only,0,0,0,0.0,0.0,0.0,0.0,0.0,0.0,1,0,1,0,0,5.127837566666667,0.8550842268362021,0
1272,news_only_before_satellite,news_only,0,0,0,0.0,0.0,0.0,0.0,0.0,0.0,0,0,0,0,1,0.0,0.0,1
1273,persistent_non_wildfire_heat_source,multi_satellite,1,2,0,1.0,37.056666666666665,59.86,1.0,314.6233333333333,329.4,0,0,0,0,0,11.42826195,2.5788884120381432,0
1274,mixed_satellite_with_false_news,mixed_confidence,1,0,1,0.5,59.86,59.86,1.0,339.97,353.88,1,0,1,0,0,27.841081266666666,2.663593669148935,0
1275,high_confidence_satellite_with_news,satellite_news,0,0,1,1.0,32.38,32.38,0.0,0.0,0.0,0,0,0,1,0,9.551752266666666,1.8984230077629083,1
1276,low_confidence_satellite_noise,satellite_only,2,0,0,1.0,23.515,38.38,0.0,0.0,0.0,0,0,0,0,0,25.874119066666665,1.1233385437943058,0
1277,nominal_satellite_with_news,satellite_news,0,1,0,1.0,77.09,77.09,1.0,325.92,325.92,0,0,0,2,0,20.290284766666666,3.1037138740345114,1
1278,high_low_satellite_false_alarm,mixed_confidence,1,0,1,1.0,70.465,93.75,1.0,362.84000000000003,365.87,0,1,0,0,0,22.673921416666666,1.6487981871827577,0
1279,high_confidence_satellite_false_positive,satellite_only,0,0,1,0.0,0.0,0.0,1.0,316.8,316.8,0,0,0,0,0,0.0,0.0,0
1280,high_low_satellite_with_news_real_fire,mixed_confidence,2,0,1,0.6666666666666666,75.35,118.39,0.6666666666666666,322.81,334.44,0,1,0,0,0,30.795659333333333,3.328595726632331,1
1281,mixed_satellite_with_false_news,mixed_confidence,1,0,0,1.0,18.22,18.22,0.0,0.0,0.0,0,1,1,0,0,8.691655666666666,1.653246827834851,0
1282,multi_satellite_real_fire,multi_satellite,0,0,2,1.0,80.155,93.75,0.5,314.73,314.73,0,0,0,0,0,41.65998395,0.1856454491886743,1
1283,multiple_news_same_false_alarm,news_only,0,0,0,0.0,0.0,0.0,0.0,0.0,0.0,3,1,0,0,0,19.449205099999997,0.7436530578831442,0
1284,nominal_satellite_with_news,satellite_news,0,1,0,1.0,26.68,26.68,1.0,325.68,325.68,0,0,1,1,0,18.934336883333334,2.1380665123091824,1
1285,high_confidence_satellite_with_news,satellite_news,0,0,3,1.0,116.72000000000001,140.28,1.0,345.3866666666666,386.92,0,0,0,1,0,19.286845433333333,2.3729798800324216,1
1286,correlated_satellite_news_false_alarm,satellite_news,2,0,0,0.5,7.18,7.18,0.5,313.5,313.5,0,0,1,0,0,13.653897716666668,1.481574076885634,0
1287,multiple_news_same_false_alarm,news_only,0,0,0,0.0,0.0,0.0,0.0,0.0,0.0,1,0,3,0,0,13.142010483333333,0.9127224035299192,0
1288,high_low_satellite_false_alarm,mixed_confidence,2,0,1,0.6666666666666666,41.785,53.82,0.6666666666666666,356.945,373.14,1,0,0,0,0,13.419065833333333,2.154337242978836,0
1289,news_rumor_no_fire,news_only,0,0,0,0.0,0.0,0.0,0.0,0.0,0.0,0,1,0,0,0,0.0,0.0,0
1290,mixed_confidence_satellite_real_fire,mixed_confidence,1,0,1,1.0,59.739999999999995,59.97,1.0,353.425,378.99,0,0,0,1,0,32.05903996666667,1.6799210376925482,1
1291,correlated_satellite_news_false_alarm,satellite_news,0,1,0,1.0,38.53,38.53,1.0,295.3,295.3,0,0,1,0,0,21.148902833333334,0.8347454427308937,0
1292,nominal_satellite_with_news,satellite_news,0,2,0,0.5,45.67,45.67,0.5,313.24,313.24,0,1,0,0,0,13.822438733333334,1.029818308287371,1
1293,low_confidence_satellite_noise,satellite_only,1,0,0,1.0,17.92,17.92,0.0,0.0,0.0,0,0,0,0,0,0.0,0.0,0
1294,multiple_news_same_false_alarm,news_only,0,0,0,0.0,0.0,0.0,0.0,0.0,0.0,0,2,1,0,0,5.4830142833333335,1.0960237267719641,0
1295,persistent_non_wildfire_heat_source,multi_satellite,0,3,0,0.6666666666666666,44.745000000000005,65.03,0.6666666666666666,314.04499999999996,322.77,0,0,0,0,0,15.026739783333333,3.5188701324741527,0
1296,multi_confidence_persistent_real_fire,multi_satellite,0,0,3,1.0,60.199999999999996,81.99,1.0,356.9466666666667,383.14,0,0,0,0,0,22.678146966666667,3.2759081416387885,1
1297,mixed_confidence_satellite_real_fire,mixed_confidence,1,2,0,1.0,66.40666666666667,78.02,0.6666666666666666,345.95500000000004,350.25,0,1,0,1,0,20.917728133333334,3.432615775186461,1
1298,multiple_news_same_false_alarm,news_only,0,0,0,0.0,0.0,0.0,0.0,0.0,0.0,0,2,2,0,0,13.974362000000001,1.1394954491757585,0
1299,multi_confidence_persistent_real_fire,multi_satellite,3,1,1,0.6,61.47666666666667,109.24,1.0,343.302,378.9,0,0,0,0,0,29.582908966666665,0.9448449370108206,1
1300,high_low_satellite_with_news_real_fire,mixed_confidence,1,0,1,1.0,51.425,58.27,1.0,382.05,386.35,0,1,0,0,0,19.820253833333332,1.9923824525021552,1
1301,correlated_satellite_news_false_alarm,satellite_news,0,1,0,0.0,0.0,0.0,1.0,321.98,321.98,0,1,0,0,0,19.301810783333334,1.2567359038352919,0
1302,multi_confidence_persistent_real_fire,multi_satellite,1,0,2,1.0,42.223333333333336,55.36,1.0,323.94,355.72,1,1,0,0,0,26.694407783333336,2.7695079213607103,1
1303,high_low_satellite_false_alarm,mixed_confidence,2,0,1,1.0,46.416666666666664,96.87,0.6666666666666666,356.11,383.91,0,1,0,0,0,20.213652766666666,1.577119743050056,0
1304,satellite_only_before_news,satellite_only,0,1,0,0.0,0.0,0.0,1.0,328.55,328.55,0,0,0,0,0,0.0,0.0,1
1305,multi_satellite_plus_multi_news,satellite_news,0,3,1,0.75,71.10000000000001,82.12,0.75,339.6666666666667,374.77,0,0,1,2,0,19.020307066666664,2.3485774965816266,1
1306,high_low_satellite_false_alarm,mixed_confidence,1,0,2,1.0,68.91000000000001,81.99,0.6666666666666666,370.885,372.75,0,0,0,0,0,12.644989216666666,1.4836564670973902,0
1307,multiple_news_same_false_alarm,news_only,0,0,0,0.0,0.0,0.0,0.0,0.0,0.0,2,1,0,0,0,30.276614433333336,1.5232208387424686,0
1308,multi_satellite_plus_multi_news,satellite_news,0,2,1,1.0,67.12666666666668,81.06,0.6666666666666666,366.08000000000004,388.67,0,0,2,1,0,43.86420928333334,4.140693975844466,1
1309,mixed_satellite_with_false_news,mixed_confidence,2,1,0,1.0,69.55666666666667,96.16,0.6666666666666666,354.635,360.73,0,0,2,0,0,16.664449366666666,2.9038130884330497,0
1310,nominal_low_satellite_with_news_real_fire,mixed_confidence,1,2,0,1.0,46.25,81.6,1.0,336.5933333333333,360.81,0,0,1,0,0,23.459648816666668,1.7969301837349552,1
1311,high_confidence_satellite_false_positive,satellite_only,0,0,1,0.0,0.0,0.0,1.0,337.74,337.74,0,0,0,0,0,0.0,0.0,0
1312,nominal_satellite_with_news,satellite_news,0,1,0,1.0,32.23,32.23,1.0,317.58,317.58,0,1,0,1,0,8.609195983333333,2.8667380158356845,1
1313,multiple_news_same_false_alarm,news_only,0,0,0,0.0,0.0,0.0,0.0,0.0,0.0,0,2,0,0,0,33.12956331666667,1.372574492974126,0
1314,persistent_non_wildfire_heat_source,multi_satellite,2,1,0,1.0,77.31666666666666,88.53,0.6666666666666666,332.605,346.8,0,0,0,0,0,28.367945466666665,2.206614086537573,0
1315,mixed_confidence_non_fire_heat_source,mixed_confidence,2,2,0,0.5,62.245000000000005,83.64,1.0,341.3125,374.02,0,0,0,0,0,4.1034053,1.8395469449975699,0
1316,nominal_satellite_false_heat_source,satellite_only,0,1,0,0.0,0.0,0.0,0.0,0.0,0.0,0,0,0,0,0,0.0,0.0,0
1317,multiple_news_same_false_alarm,news_only,0,0,0,0.0,0.0,0.0,0.0,0.0,0.0,2,0,0,0,0,33.1478174,0.3185263433603568,0
1318,multi_satellite_real_fire,multi_satellite,0,2,2,1.0,44.932500000000005,65.27,0.75,344.16,368.04,0,0,0,0,0,15.9125848,3.16436996317659,1
1319,satellite_only_before_news,satellite_only,0,0,2,1.0,69.285,73.78,0.5,329.27,329.27,0,0,0,0,0,1.3720551166666666,0.7859009126341351,1
1320,news_rumor_no_fire,news_only,0,0,0,0.0,0.0,0.0,0.0,0.0,0.0,0,0,1,0,0,0.0,0.0,0
1321,multiple_news_same_false_alarm,news_only,0,0,0,0.0,0.0,0.0,0.0,0.0,0.0,2,0,2,0,0,31.730018700000002,1.7405088906363078,0
1322,mixed_confidence_satellite_real_fire,mixed_confidence,0,2,0,0.0,0.0,0.0,0.5,366.85,366.85,1,0,1,0,0,26.455977333333333,2.079618196936527,1
1323,correlated_satellite_news_false_alarm,satellite_news,0,1,0,1.0,35.59,35.59,1.0,333.79,333.79,0,0,2,0,0,18.47890555,2.2815630312029787,0
1324,high_low_satellite_with_news_real_fire,mixed_confidence,2,0,1,1.0,74.19333333333333,106.21,1.0,318.71666666666664,335.77,0,0,0,1,0,6.207267916666667,1.8226112326391353,1
1325,multi_confidence_persistent_real_fire,multi_satellite,1,4,0,1.0,41.05800000000001,57.8,0.4,354.485,380.01,0,1,0,0,0,44.13692655,2.4448727614098855,1
1326,high_low_satellite_false_alarm,mixed_confidence,0,0,2,0.5,99.47,99.47,1.0,314.45500000000004,324.81,0,0,0,0,0,19.067263766666667,0.8428000883092941,0
1327,nominal_satellite_with_news,satellite_news,0,2,0,0.5,75.44,75.44,1.0,345.895,358.59,0,0,1,0,0,18.032786933333334,1.91511275153559,1
1328,mixed_confidence_non_fire_heat_source,mixed_confidence,2,0,1,0.6666666666666666,57.224999999999994,83.91,0.6666666666666666,336.66499999999996,337.99,0,0,0,0,0,10.94956725,1.9792167413539528,0
1329,high_confidence_satellite_false_positive,satellite_only,0,0,1,1.0,98.58,98.58,1.0,372.2,372.2,0,0,0,0,0,0.0,0.0,0
1330,low_confidence_satellite_noise,satellite_only,2,0,0,0.5,16.19,16.19,1.0,324.495,329.14,0,0,0,0,0,3.6801907333333332,2.304086624531178,0
1331,multiple_news_same_false_alarm,news_only,0,0,0,0.0,0.0,0.0,0.0,0.0,0.0,2,0,1,0,0,23.634846,0.9359941433742033,0
1332,high_confidence_satellite_with_news,satellite_news,0,0,2,1.0,83.34,93.69,0.5,364.23,364.23,0,0,0,1,0,19.99323435,2.217153699782565,1
1333,multi_confidence_persistent_real_fire,multi_satellite,1,1,2,0.75,74.87666666666667,79.69,1.0,335.97249999999997,382.33,1,0,0,0,0,41.69567921666667,3.916506649658562,1
1334,multi_satellite_real_fire,multi_satellite,0,3,1,1.0,62.6375,107.4,0.75,359.44,368.05,0,0,0,0,0,23.173551916666668,2.5203097286106453,1
1335,mixed_confidence_satellite_real_fire,mixed_confidence,0,1,1,0.5,17.02,17.02,1.0,338.68,342.57,0,1,0,0,0,37.86134356666666,1.0514745422880818,1
1336,persistent_non_wildfire_heat_source,multi_satellite,2,2,0,0.5,55.25,70.78,0.5,320.96000000000004,332.68,0,0,0,0,0,13.158490383333334,2.846137522836669,0
1337,nominal_low_satellite_with_news_real_fire,mixed_confidence,1,2,0,0.0,0.0,0.0,1.0,330.24,338.98,0,1,0,0,0,21.220894649999998,1.8215362624092402,1
1338,nominal_satellite_with_news,satellite_news,0,2,0,1.0,29.049999999999997,29.7,1.0,327.31,329.42,0,0,0,1,0,15.849949233333332,1.231385317203884,1
1339,nominal_low_satellite_with_news_real_fire,mixed_confidence,1,1,0,0.0,0.0,0.0,0.5,304.55,304.55,0,1,0,0,0,13.809723700000001,2.794312881737977,1
1340,nominal_satellite_with_news,satellite_news,0,1,0,1.0,79.02,79.02,1.0,339.68,339.68,0,0,0,1,0,6.993604516666666,1.6570757136758996,1
1341,nominal_satellite_false_heat_source,satellite_only,0,1,0,1.0,31.19,31.19,1.0,312.65,312.65,0,0,0,0,0,0.0,0.0,0
1342,mixed_satellite_with_false_news,mixed_confidence,0,1,0,1.0,27.32,27.32,1.0,331.85,331.85,0,1,0,0,0,2.8877987166666665,0.875917427976009,0
1343,high_confidence_satellite_with_news,satellite_news,0,0,3,0.6666666666666666,41.595,45.14,1.0,385.2833333333333,395.76,0,0,0,1,0,22.685180833333334,1.784331336466321,1
1344,high_low_satellite_false_alarm,mixed_confidence,1,0,1,1.0,83.56,103.11,0.5,322.8,322.8,0,0,0,0,0,0.33183688333333333,1.7952132988104215,0
1345,multi_satellite_real_fire,multi_satellite,0,2,1,1.0,54.656666666666666,86.64,0.6666666666666666,366.525,373.48,0,0,0,0,0,15.823244066666666,3.718396758954007,1
1346,nominal_low_satellite_with_news_real_fire,mixed_confidence,2,0,0,1.0,45.935,70.54,0.5,323.77,323.77,0,1,0,0,0,2.2414279166666664,2.5855832912873087,1
1347,high_confidence_satellite_false_positive,satellite_only,0,0,1,1.0,139.43,139.43,1.0,305.06,305.06,0,0,0,0,0,0.0,0.0,0
1348,high_confidence_satellite_false_positive,satellite_only,0,0,1,1.0,77.21,77.21,1.0,344.86,344.86,0,0,0,0,0,0.0,0.0,0
1349,low_confidence_satellite_noise,satellite_only,2,0,0,1.0,21.575000000000003,34.63,1.0,299.83000000000004,309.56,0,0,0,0,0,2.7942470666666663,3.0561695963984743,0
1350,low_confidence_satellite_noise,satellite_only,3,0,0,0.3333333333333333,23.11,23.11,1.0,306.79333333333335,311.99,0,0,0,0,0,15.385885550000001,1.3372542066769852,0
1351,persistent_non_wildfire_heat_source,multi_satellite,1,3,0,0.75,31.733333333333334,51.52,0.5,327.855,343.96,0,0,0,0,0,36.719176266666665,2.6361477917781118,0
1352,satellite_only_before_news,satellite_only,0,0,2,1.0,65.505,73.88,0.5,300.08,300.08,0,0,0,0,0,0.48327651666666666,0.6056698829425788,1
1353,nominal_satellite_false_heat_source,satellite_only,0,2,0,0.5,21.41,21.41,0.5,306.11,306.11,0,0,0,0,0,6.667857566666667,1.3466779431006606,0
1354,high_low_satellite_false_alarm,mixed_confidence,2,0,1,1.0,68.63,102.94,1.0,359.9166666666667,366.39,1,0,0,0,0,21.944133116666666,1.5441328992805223,0
1355,multi_satellite_real_fire,multi_satellite,0,1,1,1.0,51.425,60.6,1.0,307.08000000000004,308.44,0,0,0,0,0,22.624202616666665,2.0286449816915955,1
1356,high_confidence_satellite_false_positive,satellite_only,0,0,1,1.0,137.91,137.91,1.0,377.34,377.34,0,0,0,0,0,0.0,0.0,0
1357,news_only_before_satellite,news_only,0,0,0,0.0,0.0,0.0,0.0,0.0,0.0,0,0,0,0,1,0.0,0.0,1
1358,mixed_confidence_non_fire_heat_source,mixed_confidence,2,2,0,0.75,68.62666666666667,81.92,0.75,327.13,362.49,0,0,0,0,0,11.6676023,2.5762020061781143,0
1359,multi_confidence_persistent_real_fire,multi_satellite,3,1,1,0.8,62.315,80.69,0.8,353.945,376.5,0,1,0,0,0,42.5022623,3.691138219162868,1
1360,news_rumor_no_fire,news_only,0,0,0,0.0,0.0,0.0,0.0,0.0,0.0,0,1,0,0,0,0.0,0.0,0
1361,multi_satellite_plus_multi_news,satellite_news,0,1,3,1.0,93.67999999999999,125.77,1.0,367.1475,381.83,0,0,0,2,0,47.55135585,3.173429798418048,1
1362,high_confidence_satellite_false_positive,satellite_only,0,0,1,1.0,111.71,111.71,1.0,321.69,321.69,0,0,0,0,0,0.0,0.0,0
1363,satellite_only_before_news,satellite_only,0,2,0,0.5,41.24,41.24,0.5,361.59,361.59,0,0,0,0,0,1.5497967000000001,1.285205765818158,1
1364,news_rumor_no_fire,news_only,0,0,0,0.0,0.0,0.0,0.0,0.0,0.0,0,0,0,1,0,0.0,0.0,0
1365,high_confidence_satellite_with_news,satellite_news,0,0,3,1.0,70.96000000000001,92.86,0.6666666666666666,351.58500000000004,358.44,0,0,0,2,0,12.383530366666667,2.38713631670846,1
1366,news_only_before_satellite,news_only,0,0,0,0.0,0.0,0.0,0.0,0.0,0.0,0,0,1,0,0,0.0,0.0,1
1367,mixed_confidence_satellite_real_fire,mixed_confidence,0,1,1,0.5,14.91,14.91,1.0,317.25,319.14,2,0,0,0,0,29.29333045,3.552021042399629,1
1368,persistent_non_wildfire_heat_source,multi_satellite,1,1,0,0.5,36.5,36.5,1.0,345.71000000000004,355.22,0,0,0,0,0,41.134699166666664,1.823485423256771,0
1369,high_low_satellite_false_alarm,mixed_confidence,2,0,1,1.0,69.63333333333334,90.5,1.0,349.80999999999995,383.87,0,0,0,0,0,9.347845933333334,1.5440939943962966,0
1370,news_rumor_no_fire,news_only,0,0,0,0.0,0.0,0.0,0.0,0.0,0.0,0,1,0,0,0,0.0,0.0,0
1371,high_confidence_satellite_false_positive,satellite_only,0,0,1,1.0,116.03,116.03,1.0,306.38,306.38,0,0,0,0,0,0.0,0.0,0
1372,high_low_satellite_with_news_real_fire,mixed_confidence,0,0,2,1.0,68.66999999999999,72.46,0.0,0.0,0.0,0,0,0,1,0,4.705974800000001,1.9829178020776548,1
1373,nominal_satellite_false_heat_source,satellite_only,0,1,0,1.0,43.57,43.57,1.0,311.04,311.04,0,0,0,0,0,0.0,0.0,0
1374,high_confidence_satellite_false_positive,satellite_only,0,0,1,1.0,34.42,34.42,1.0,342.53,342.53,0,0,0,0,0,0.0,0.0,0
1375,mixed_confidence_satellite_real_fire,mixed_confidence,1,0,1,1.0,50.265,84.19,0.5,320.1,320.1,0,1,0,0,0,24.84576728333333,2.1053934641019403,1
1376,nominal_low_satellite_with_news_real_fire,mixed_confidence,1,1,0,0.5,61.25,61.25,1.0,334.185,351.81,0,2,0,0,0,7.16303955,2.3987731580543707,1
1377,multiple_news_same_false_alarm,news_only,0,0,0,0.0,0.0,0.0,0.0,0.0,0.0,2,1,0,0,0,7.695983433333334,1.3768034669764704,0
1378,mixed_satellite_with_false_news,mixed_confidence,1,1,0,0.5,57.7,57.7,0.5,365.01,365.01,0,0,1,0,0,9.681284766666666,1.7118151288316752,0
1379,persistent_non_wildfire_heat_source,multi_satellite,1,1,0,1.0,50.225,78.61,1.0,334.7,339.09,0,0,0,0,0,4.0739269333333334,1.2463218172795774,0
1380,mixed_satellite_with_false_news,mixed_confidence,0,0,1,1.0,97.68,97.68,1.0,346.75,346.75,1,1,0,0,0,19.29285905,1.0872637545342498,0
1381,mixed_confidence_non_fire_heat_source,mixed_confidence,0,2,2,0.75,34.46,45.79,0.5,338.295,370.74,0,0,0,0,0,26.0471984,1.5320661360046686,0
1382,multi_confidence_persistent_real_fire,multi_satellite,0,2,2,0.75,76.08333333333333,109.19,1.0,348.695,372.16,1,0,0,0,0,32.53626358333334,2.330108991423029,1
1383,multiple_news_same_false_alarm,news_only,0,0,0,0.0,0.0,0.0,0.0,0.0,0.0,0,2,1,0,0,26.574292616666664,1.3528192973400914,0
1384,nominal_satellite_false_heat_source,satellite_only,0,1,0,1.0,13.51,13.51,0.0,0.0,0.0,0,0,0,0,0,0.0,0.0,0
1385,nominal_low_satellite_with_news_real_fire,mixed_confidence,1,2,0,0.6666666666666666,75.98,86.42,1.0,326.33666666666664,341.84,0,0,2,0,0,15.4510899,3.178513037185655,1
1386,satellite_only_before_news,satellite_only,0,0,2,1.0,69.65,92.98,0.5,331.98,331.98,0,0,0,0,0,14.212611283333333,0.7930030329339145,1
1387,multiple_news_same_false_alarm,news_only,0,0,0,0.0,0.0,0.0,0.0,0.0,0.0,2,0,1,0,0,32.87473216666667,0.49067842878975654,0
1388,mixed_confidence_satellite_real_fire,mixed_confidence,0,2,2,0.75,76.81,104.0,1.0,347.795,373.17,0,0,2,0,0,27.213953150000002,2.9901439516045105,1
1389,mixed_satellite_with_false_news,mixed_confidence,1,0,1,0.5,95.87,95.87,0.0,0.0,0.0,0,0,1,0,0,11.90121115,0.9953406103894626,0
1390,mixed_confidence_satellite_real_fire,mixed_confidence,0,1,1,0.5,56.87,56.87,1.0,310.735,313.1,0,1,0,0,0,19.1459433,1.966509709585585,1
1391,high_low_satellite_false_alarm,mixed_confidence,2,0,1,0.6666666666666666,56.265,64.08,1.0,325.23333333333335,335.79,1,0,0,0,0,24.482071800000003,2.7256966448805073,0
1392,persistent_non_wildfire_heat_source,multi_satellite,3,1,0,0.5,37.935,42.95,0.5,303.99,309.38,0,0,0,0,0,10.6308752,3.1068892869338507,0
1393,satellite_only_before_news,satellite_only,0,1,1,0.5,49.92,49.92,1.0,331.275,365.15,0,0,0,0,0,4.998969633333333,1.1778121909984167,1
1394,nominal_low_satellite_with_news_real_fire,mixed_confidence,1,1,0,1.0,70.535,88.54,0.5,315.02,315.02,0,0,2,0,0,21.990587433333335,2.1431557888433894,1
1395,mixed_satellite_with_false_news,mixed_confidence,1,0,0,1.0,53.43,53.43,1.0,339.05,339.05,0,0,1,0,0,10.579816300000001,2.273166176921257,0
1396,satellite_only_before_news,satellite_only,0,0,1,1.0,32.61,32.61,1.0,334.75,334.75,0,0,0,0,0,0.0,0.0,1
1397,low_confidence_satellite_noise,satellite_only,3,0,0,0.0,0.0,0.0,1.0,293.99,295.1,0,0,0,0,0,19.96261378333333,1.7904118309311112,0
1398,high_confidence_satellite_with_news,satellite_news,0,0,3,1.0,118.16666666666667,137.31,1.0,367.42,388.54,0,0,1,1,0,23.899852783333333,3.1614043386689903,1
1399,low_confidence_satellite_noise,satellite_only,1,0,0,1.0,23.14,23.14,1.0,307.28,307.28,0,0,0,0,0,0.0,0.0,0
1400,mixed_satellite_with_false_news,mixed_confidence,0,1,0,0.0,0.0,0.0,0.0,0.0,0.0,0,1,0,0,0,13.566495250000001,1.4599405060456598,0
1401,persistent_non_wildfire_heat_source,multi_satellite,1,1,0,1.0,43.96,65.22,1.0,323.72,347.57,0,0,0,0,0,2.8095437166666666,1.1817295270158772,0
1402,multi_satellite_real_fire,multi_satellite,0,1,1,1.0,64.89500000000001,88.68,1.0,359.05,372.12,0,0,0,0,0,17.579890883333334,0.42547083310798023,1
1403,multi_satellite_plus_multi_news,satellite_news,0,2,2,1.0,36.0,55.27,1.0,356.88249999999994,389.39,0,0,2,1,0,44.46860951666667,2.70331438873586,1
1404,high_low_satellite_with_news_real_fire,mixed_confidence,0,0,2,0.0,0.0,0.0,1.0,337.525,353.81,0,0,1,0,0,7.171329549999999,3.2240583707150923,1
1405,nominal_satellite_with_news,satellite_news,0,2,0,0.5,47.31,47.31,1.0,328.65,355.7,0,1,1,0,0,14.14500235,2.5907093115676987,1
1406,news_only_before_satellite,news_only,0,0,0,0.0,0.0,0.0,0.0,0.0,0.0,0,1,0,0,0,0.0,0.0,1
1407,multi_confidence_persistent_real_fire,multi_satellite,1,0,2,1.0,84.99,116.46,1.0,346.3333333333333,363.85,1,0,1,0,0,15.864469283333333,3.3389247352960916,1
1408,news_rumor_no_fire,news_only,0,0,0,0.0,0.0,0.0,0.0,0.0,0.0,0,0,0,1,0,0.0,0.0,0
1409,high_confidence_satellite_false_positive,satellite_only,0,0,1,1.0,73.51,73.51,1.0,319.84,319.84,0,0,0,0,0,0.0,0.0,0
1410,nominal_satellite_false_heat_source,satellite_only,0,1,0,1.0,21.36,21.36,1.0,318.91,318.91,0,0,0,0,0,0.0,0.0,0
1411,mixed_satellite_with_false_news,mixed_confidence,0,1,2,0.6666666666666666,76.33,81.24,0.6666666666666666,349.03,351.46,2,0,0,0,0,15.667180583333334,2.9881044820423135,0
1412,mixed_confidence_satellite_real_fire,mixed_confidence,2,0,1,1.0,58.47,96.97,1.0,339.50333333333333,356.08,1,0,0,0,0,14.981773183333333,2.5238678124033296,1
1413,nominal_satellite_with_news,satellite_news,0,2,0,1.0,44.480000000000004,51.01,1.0,341.185,348.61,0,0,0,1,0,18.02022345,2.8200604921850982,1
1414,nominal_satellite_with_news,satellite_news,0,1,0,0.0,0.0,0.0,1.0,335.17,335.17,0,1,0,1,0,26.762563616666668,1.4487424836383758,1
1415,low_confidence_satellite_noise,satellite_only,3,0,0,0.6666666666666666,25.78,29.63,0.3333333333333333,315.64,315.64,0,0,0,0,0,26.803524133333333,2.152713340748409,0
1416,high_low_satellite_with_news_real_fire,mixed_confidence,1,0,1,1.0,101.73500000000001,110.79,1.0,360.83500000000004,376.88,0,0,2,0,0,25.1096031,1.9439715366838086,1
1417,low_confidence_satellite_noise,satellite_only,3,0,0,0.6666666666666666,31.049999999999997,39.69,1.0,306.6066666666666,309.25,0,0,0,0,0,5.496371866666666,2.3300909973228254,0
1418,satellite_only_before_news,satellite_only,0,0,1,1.0,89.52,89.52,1.0,328.41,328.41,0,0,0,0,0,0.0,0.0,1
1419,persistent_non_wildfire_heat_source,multi_satellite,2,2,0,0.75,39.71,56.41,1.0,321.395,332.9,0,0,0,0,0,25.128569616666667,3.972878077227388,0
1420,nominal_satellite_false_heat_source,satellite_only,0,2,0,0.5,33.12,33.12,1.0,334.43,338.2,0,0,0,0,0,0.07537185,1.0382080799349136,0
1421,low_confidence_satellite_noise,satellite_only,1,0,0,1.0,29.07,29.07,1.0,315.27,315.27,0,0,0,0,0,0.0,0.0,0
1422,satellite_only_before_news,satellite_only,0,0,1,1.0,40.12,40.12,0.0,0.0,0.0,0,0,0,0,0,0.0,0.0,1
1423,mixed_satellite_with_false_news,mixed_confidence,0,1,0,1.0,26.48,26.48,1.0,330.87,330.87,0,0,2,0,0,5.291581833333334,2.6976489066792246,0
1424,mixed_satellite_with_false_news,mixed_confidence,0,1,0,0.0,0.0,0.0,1.0,301.27,301.27,0,1,0,0,0,27.1917788,0.40475369622526,0
1425,high_confidence_satellite_false_positive,satellite_only,0,0,1,1.0,92.0,92.0,0.0,0.0,0.0,0,0,0,0,0,0.0,0.0,0
1426,correlated_satellite_news_false_alarm,satellite_news,2,0,0,1.0,37.035,40.55,1.0,298.435,300.64,0,0,1,0,0,18.236129416666664,3.1347730934575577,0
1427,persistent_non_wildfire_heat_source,multi_satellite,2,2,0,1.0,54.67,85.94,0.5,320.98,343.76,0,0,0,0,0,23.518762883333334,3.010340454046717,0
1428,nominal_low_satellite_with_news_real_fire,mixed_confidence,3,0,0,1.0,42.343333333333334,71.76,0.6666666666666666,344.53499999999997,362.06,0,1,1,0,0,28.59196731666667,2.0594935757709103,1
1429,multi_satellite_plus_multi_news,satellite_news,0,1,3,0.5,80.13,86.71,0.75,365.9633333333333,387.32,0,0,0,3,0,37.79800756666667,2.45402666849009,1
1430,mixed_satellite_with_false_news,mixed_confidence,1,0,1,0.5,31.88,31.88,0.5,308.58,308.58,1,0,1,0,0,27.68859375,2.740382590816601,0
1431,news_only_before_satellite,news_only,0,0,0,0.0,0.0,0.0,0.0,0.0,0.0,0,0,0,0,1,0.0,0.0,1
1432,multi_satellite_plus_multi_news,satellite_news,0,1,1,1.0,57.845,60.08,0.0,0.0,0.0,0,0,0,2,0,19.88298543333333,3.629337160611499,1
1433,high_low_satellite_with_news_real_fire,mixed_confidence,0,0,2,1.0,117.86500000000001,129.72,0.5,333.16,333.16,0,1,0,0,0,19.971395066666666,3.3923541502062204,1
1434,nominal_low_satellite_with_news_real_fire,mixed_confidence,2,1,0,1.0,69.90666666666668,88.09,0.6666666666666666,344.625,351.56,0,1,0,0,0,17.244801433333336,3.150630495893553,1
1435,high_low_satellite_with_news_real_fire,mixed_confidence,1,0,1,1.0,62.05,92.13,1.0,339.33,340.38,0,0,0,1,0,3.0857727833333333,0.29779409615623414,1
1436,nominal_low_satellite_with_news_real_fire,mixed_confidence,2,1,0,0.6666666666666666,78.955,88.58,1.0,335.72666666666663,347.37,0,1,0,0,0,23.819104483333334,1.022118587611832,1
1437,persistent_non_wildfire_heat_source,multi_satellite,2,0,0,0.5,24.65,24.65,1.0,335.49,342.13,0,0,0,0,0,16.231501983333334,0.4336910345429695,0
1438,high_confidence_satellite_false_positive,satellite_only,0,0,1,1.0,119.47,119.47,1.0,352.76,352.76,0,0,0,0,0,0.0,0.0,0
1439,high_confidence_satellite_with_news,satellite_news,0,0,1,1.0,53.87,53.87,1.0,340.24,340.24,0,0,1,1,0,17.194150850000003,3.414890502657464,1
1440,multi_satellite_plus_multi_news,satellite_news,0,3,1,0.5,71.42,103.17,1.0,347.755,372.28,0,0,1,2,0,36.25446126666667,2.8083871449897053,1
1441,nominal_satellite_false_heat_source,satellite_only,0,2,0,1.0,32.75,37.69,0.0,0.0,0.0,0,0,0,0,0,2.2894825333333335,0.6446086504561785,0
1442,mixed_confidence_non_fire_heat_source,mixed_confidence,2,2,0,0.75,39.41666666666667,43.2,1.0,334.815,354.5,0,0,0,0,0,14.006321333333334,1.9735067120457541,0
1443,high_confidence_satellite_false_positive,satellite_only,0,0,1,1.0,107.56,107.56,1.0,324.05,324.05,0,0,0,0,0,0.0,0.0,0
1444,nominal_low_satellite_with_news_real_fire,mixed_confidence,1,2,0,0.6666666666666666,63.155,86.19,0.6666666666666666,301.25,303.68,0,2,0,0,0,15.008502466666666,2.7356569165203073,1
1445,persistent_non_wildfire_heat_source,multi_satellite,1,1,0,1.0,46.760000000000005,73.34,1.0,341.88,356.22,0,0,0,0,0,35.21404175,1.6103560086283142,0
1446,mixed_confidence_non_fire_heat_source,mixed_confidence,2,1,1,0.5,85.695,87.4,0.25,315.2,315.2,0,0,0,0,0,27.949618283333333,0.8478361985799602,0
1447,persistent_non_wildfire_heat_source,multi_satellite,2,1,0,0.6666666666666666,76.72,84.56,0.6666666666666666,318.77,331.25,0,0,0,0,0,29.098033100000002,2.378054786731344,0
1448,high_low_satellite_with_news_real_fire,mixed_confidence,1,0,2,0.6666666666666666,46.585,54.27,0.3333333333333333,311.06,311.06,0,0,0,1,0,22.7914441,1.764274110422239,1
1449,multi_satellite_plus_multi_news,satellite_news,0,3,0,1.0,46.68333333333334,50.13,0.6666666666666666,348.645,383.04,0,0,0,2,0,12.946083983333333,2.8344289792412565,1
1450,mixed_satellite_with_false_news,mixed_confidence,0,0,1,1.0,36.48,36.48,1.0,368.17,368.17,1,1,0,0,0,15.51633245,1.1457353817404554,0
1451,high_confidence_satellite_false_positive,satellite_only,0,0,1,1.0,59.64,59.64,1.0,343.04,343.04,0,0,0,0,0,0.0,0.0,0
1452,high_low_satellite_with_news_real_fire,mixed_confidence,0,0,2,0.5,70.62,70.62,0.5,330.74,330.74,0,0,0,1,0,13.538650633333333,0.35025861285685655,1
1453,nominal_satellite_false_heat_source,satellite_only,0,1,0,1.0,21.1,21.1,1.0,326.19,326.19,0,0,0,0,0,0.0,0.0,0
1454,mixed_satellite_with_false_news,mixed_confidence,0,0,1,1.0,91.82,91.82,1.0,313.46,313.46,1,0,1,0,0,16.372550716666666,1.659085761207326,0
1455,persistent_non_wildfire_heat_source,multi_satellite,1,1,0,0.5,34.88,34.88,1.0,345.22,359.55,0,0,0,0,0,25.661681616666666,1.3154416243505642,0
1456,high_confidence_satellite_false_positive,satellite_only,0,0,1,0.0,0.0,0.0,1.0,307.98,307.98,0,0,0,0,0,0.0,0.0,0
1457,multi_satellite_plus_multi_news,satellite_news,0,2,1,0.3333333333333333,61.16,61.16,0.6666666666666666,331.145,342.99,0,0,1,1,0,36.378252966666665,2.754861351162589,1
1458,multi_confidence_persistent_real_fire,multi_satellite,0,1,2,0.6666666666666666,62.85000000000001,68.93,0.6666666666666666,347.395,355.53,0,0,0,0,0,9.557242550000002,3.1303801436327334,1
1459,nominal_low_satellite_with_news_real_fire,mixed_confidence,2,0,0,1.0,49.82,80.67,1.0,351.03999999999996,359.01,0,0,1,0,0,18.706484266666667,1.2123458503380187,1
1460,mixed_confidence_non_fire_heat_source,mixed_confidence,1,1,2,0.5,63.175,69.87,0.75,337.87333333333333,358.49,0,0,0,0,0,18.3262486,1.9602851124169398,0
1461,correlated_satellite_news_false_alarm,satellite_news,0,1,0,1.0,22.2,22.2,0.0,0.0,0.0,0,0,1,0,0,8.523734083333332,0.6152224061710795,0
1462,satellite_only_before_news,satellite_only,0,1,0,1.0,28.64,28.64,1.0,350.74,350.74,0,0,0,0,0,0.0,0.0,1
1463,high_confidence_satellite_false_positive,satellite_only,0,0,1,0.0,0.0,0.0,0.0,0.0,0.0,0,0,0,0,0,0.0,0.0,0
1464,high_low_satellite_with_news_real_fire,mixed_confidence,2,0,1,0.6666666666666666,76.975,88.24,1.0,342.91333333333336,357.39,0,1,0,1,0,32.2971399,1.5039584587460104,1
1465,persistent_non_wildfire_heat_source,multi_satellite,1,2,0,0.6666666666666666,33.875,45.66,1.0,322.31333333333333,351.14,0,0,0,0,0,33.4161846,1.9845620697121098,0
1466,mixed_confidence_non_fire_heat_source,mixed_confidence,3,0,1,0.25,20.59,20.59,1.0,326.02,368.76,0,0,0,0,0,18.978220833333335,1.1137092168177345,0
1467,persistent_non_wildfire_heat_source,multi_satellite,2,1,0,0.6666666666666666,67.0,81.42,0.6666666666666666,342.44,346.68,0,0,0,0,0,40.14138223333334,3.1883073515711944,0
1468,high_low_satellite_false_alarm,mixed_confidence,2,0,0,1.0,57.62,97.02,1.0,358.45,360.32,0,0,0,0,0,15.90773865,3.2407929066884513,0
1469,mixed_confidence_non_fire_heat_source,mixed_confidence,0,1,1,0.5,39.16,39.16,1.0,340.755,351.59,0,0,0,0,0,0.5326714833333334,1.867107487761887,0
1470,multiple_news_same_false_alarm,news_only,0,0,0,0.0,0.0,0.0,0.0,0.0,0.0,0,1,3,0,0,28.20208178333333,0.7353537681440653,0
1471,multi_satellite_real_fire,multi_satellite,0,2,1,0.6666666666666666,97.015,97.91,1.0,350.90000000000003,375.72,0,0,0,0,0,22.764881183333333,1.8193911569501602,1
1472,mixed_confidence_satellite_real_fire,mixed_confidence,1,1,2,1.0,60.4925,63.55,1.0,333.295,353.18,0,0,0,0,0,41.94974213333333,2.3913477731219257,1
1473,low_confidence_satellite_noise,satellite_only,1,0,0,1.0,16.19,16.19,0.0,0.0,0.0,0,0,0,0,0,0.0,0.0,0
1474,high_confidence_satellite_with_news,satellite_news,0,0,3,0.6666666666666666,61.39,90.64,1.0,348.8866666666667,392.95,0,0,0,1,0,18.745122783333333,2.0540124074776127,1
1475,nominal_satellite_with_news,satellite_news,0,2,0,0.5,66.94,66.94,0.5,338.76,338.76,0,0,1,1,0,33.5012119,2.9985131384467056,1
1476,high_confidence_satellite_false_positive,satellite_only,0,0,1,1.0,118.95,118.95,1.0,324.28,324.28,0,0,0,0,0,0.0,0.0,0
1477,correlated_satellite_news_false_alarm,satellite_news,1,0,0,0.0,0.0,0.0,0.0,0.0,0.0,0,0,2,0,0,10.383022116666666,2.683153714969083,0
1478,multi_satellite_real_fire,multi_satellite,0,1,3,1.0,74.6275,106.99,0.75,367.66,377.42,0,0,0,0,0,41.6056046,4.012053782463067,1
1479,mixed_satellite_with_false_news,mixed_confidence,0,1,1,0.5,18.96,18.96,1.0,348.31,353.87,0,1,0,0,0,2.23631985,0.917148333042531,0
1480,multi_satellite_plus_multi_news,satellite_news,0,1,1,1.0,111.42,116.45,1.0,320.755,328.96,0,0,1,2,0,44.77220945,2.9135070751989347,1
1481,high_low_satellite_false_alarm,mixed_confidence,0,0,2,0.5,80.58,80.58,0.5,343.85,343.85,0,0,0,0,0,6.453319866666666,1.0006863846098202,0
1482,mixed_confidence_non_fire_heat_source,mixed_confidence,2,1,1,1.0,66.19500000000001,101.72,0.75,312.06666666666666,319.5,0,0,0,0,0,12.872526316666667,1.3288936838100818,0
1483,nominal_satellite_with_news,satellite_news,0,1,0,1.0,49.77,49.77,1.0,335.49,335.49,0,0,1,0,0,18.6144368,1.0091829081550252,1
1484,correlated_satellite_news_false_alarm,satellite_news,1,1,0,0.5,34.01,34.01,0.5,295.44,295.44,0,0,1,0,0,13.613881133333333,1.6221110606319737,0
1485,nominal_satellite_with_news,satellite_news,0,2,0,1.0,30.295,31.62,0.5,339.13,339.13,0,1,0,0,0,30.678730533333333,1.0285172809963257,1
1486,low_confidence_satellite_noise,satellite_only,3,0,0,0.3333333333333333,20.71,20.71,1.0,301.10333333333335,305.38,0,0,0,0,0,29.519105466666666,2.2800530751888135,0
1487,mixed_confidence_non_fire_heat_source,mixed_confidence,1,1,1,0.6666666666666666,77.49,91.27,1.0,324.41,355.28,0,0,0,0,0,20.0253378,1.0328594646706266,0
1488,mixed_confidence_non_fire_heat_source,mixed_confidence,0,1,1,0.5,51.98,51.98,1.0,331.65999999999997,345.87,0,0,0,0,0,26.628037783333333,0.9653210287028804,0
1489,multi_confidence_persistent_real_fire,multi_satellite,2,2,1,0.6,56.883333333333326,81.06,0.8,334.0625,368.83,0,1,0,0,0,29.1600565,3.5752294114672587,1
1490,multiple_news_same_false_alarm,news_only,0,0,0,0.0,0.0,0.0,0.0,0.0,0.0,1,0,1,0,0,13.097701716666668,1.284643234784348,0
1491,high_confidence_satellite_false_positive,satellite_only,0,0,1,1.0,59.59,59.59,0.0,0.0,0.0,0,0,0,0,0,0.0,0.0,0
1492,satellite_only_before_news,satellite_only,0,0,1,1.0,53.58,53.58,1.0,349.13,349.13,0,0,0,0,0,0.0,0.0,1
1493,mixed_confidence_satellite_real_fire,mixed_confidence,1,1,0,1.0,62.11,102.06,1.0,340.285,345.47,0,2,0,0,0,32.07485716666667,1.1609629405843804,1
1494,high_confidence_satellite_false_positive,satellite_only,0,0,1,1.0,132.02,132.02,1.0,368.92,368.92,0,0,0,0,0,0.0,0.0,0
1495,multi_confidence_persistent_real_fire,multi_satellite,0,0,3,1.0,49.95333333333334,75.4,1.0,369.0366666666667,375.57,0,1,0,1,0,18.711801916666666,2.9845306916421435,1
1496,high_low_satellite_with_news_real_fire,mixed_confidence,1,0,1,1.0,103.48,112.37,0.5,327.6,327.6,0,0,1,1,0,7.422971783333334,2.23407062522214,1
1497,multi_confidence_persistent_real_fire,multi_satellite,1,2,1,0.75,74.65333333333332,111.25,1.0,354.27250000000004,380.89,0,0,0,0,0,4.771222033333333,2.6205300675306686,1
1498,high_confidence_satellite_with_news,satellite_news,0,0,2,1.0,93.38,117.91,1.0,384.15,399.4,0,0,1,1,0,8.566299366666668,1.1815959548381394,1
1499,low_confidence_satellite_noise,satellite_only,3,0,0,1.0,28.929999999999996,30.68,0.6666666666666666,308.02,309.92,0,0,0,0,0,33.92269218333333,2.7101429523321436,0
1500,news_rumor_no_fire,news_only,0,0,0,0.0,0.0,0.0,0.0,0.0,0.0,0,1,0,0,0,0.0,0.0,0
1501,multiple_news_same_false_alarm,news_only,0,0,0,0.0,0.0,0.0,0.0,0.0,0.0,1,0,1,0,0,23.766907266666667,1.0606812390591558,0
1502,high_low_satellite_with_news_real_fire,mixed_confidence,1,0,2,1.0,55.089999999999996,70.24,0.6666666666666666,328.64,338.55,0,1,0,0,0,19.833052000000002,0.9485362402333878,1
1503,news_rumor_no_fire,news_only,0,0,0,0.0,0.0,0.0,0.0,0.0,0.0,0,1,0,0,0,0.0,0.0,0
1504,news_rumor_no_fire,news_only,0,0,0,0.0,0.0,0.0,0.0,0.0,0.0,1,0,0,0,0,0.0,0.0,0
1505,nominal_satellite_with_news,satellite_news,0,1,0,1.0,17.56,17.56,0.0,0.0,0.0,0,0,0,1,0,15.396101266666667,1.0763279183974646,1
1506,nominal_satellite_false_heat_source,satellite_only,0,1,0,1.0,55.3,55.3,1.0,339.68,339.68,0,0,0,0,0,0.0,0.0,0
1507,multi_confidence_persistent_real_fire,multi_satellite,1,3,1,1.0,43.948,73.55,1.0,339.968,369.39,0,1,0,1,0,45.37931108333333,3.443053610164576,1
1508,mixed_confidence_non_fire_heat_source,mixed_confidence,1,1,2,0.5,63.14,72.04,0.75,317.50333333333333,333.41,0,0,0,0,0,22.4357045,2.019796285953968,0
1509,high_confidence_satellite_with_news,satellite_news,0,0,1,1.0,112.62,112.62,1.0,398.95,398.95,0,0,1,1,0,19.971385183333332,1.5423449675400804,1
1510,low_confidence_satellite_noise,satellite_only,1,0,0,0.0,0.0,0.0,1.0,299.01,299.01,0,0,0,0,0,0.0,0.0,0
1511,nominal_satellite_with_news,satellite_news,0,1,0,1.0,76.85,76.85,1.0,359.94,359.94,0,0,1,1,0,18.39541965,2.3368210354442973,1
1512,satellite_only_before_news,satellite_only,0,0,1,1.0,47.24,47.24,0.0,0.0,0.0,0,0,0,0,0,0.0,0.0,1
1513,nominal_low_satellite_with_news_real_fire,mixed_confidence,1,2,0,1.0,40.663333333333334,77.72,1.0,337.52333333333337,364.49,0,1,0,0,0,29.374224299999998,3.4960734200876744,1
1514,multi_confidence_persistent_real_fire,multi_satellite,0,3,2,1.0,74.41400000000002,107.38,0.8,339.23749999999995,377.59,1,0,0,0,0,44.04404915,3.779782845216213,1
1515,persistent_non_wildfire_heat_source,multi_satellite,0,2,0,0.5,31.01,31.01,0.5,300.94,300.94,0,0,0,0,0,24.807843583333334,2.1445709185909574,0
1516,news_only_before_satellite,news_only,0,0,0,0.0,0.0,0.0,0.0,0.0,0.0,0,1,0,0,0,0.0,0.0,1
1517,multi_satellite_plus_multi_news,satellite_news,0,2,0,1.0,81.94,116.15,1.0,364.77,389.46,0,0,3,0,0,45.834034816666666,1.5644991995871596,1
1518,mixed_satellite_with_false_news,mixed_confidence,0,2,1,0.6666666666666666,67.78,96.54,0.6666666666666666,351.655,368.04,0,1,0,0,0,27.688171683333334,1.9117040367692677,0
1519,mixed_confidence_non_fire_heat_source,mixed_confidence,1,0,1,1.0,47.595,55.25,0.5,315.72,315.72,0,0,0,0,0,0.9610529166666667,0.9209188010454381,0
1520,correlated_satellite_news_false_alarm,satellite_news,1,1,0,0.5,55.26,55.26,1.0,325.78,340.84,0,1,1,0,0,12.9981989,3.5404114242830076,0
1521,high_confidence_satellite_with_news,satellite_news,0,0,3,1.0,119.50666666666666,141.25,1.0,367.4433333333333,398.43,0,0,0,1,0,9.328802866666667,2.4260524137247437,1
1522,satellite_only_before_news,satellite_only,0,2,0,1.0,49.915,65.69,0.5,336.94,336.94,0,0,0,0,0,6.3379109499999995,0.21399000460244919,1
1523,mixed_confidence_non_fire_heat_source,mixed_confidence,1,2,1,0.75,53.166666666666664,81.46,0.0,0.0,0.0,0,0,0,0,0,25.415526616666668,1.447092485300769,0
1524,nominal_low_satellite_with_news_real_fire,mixed_confidence,2,0,0,1.0,74.725,75.71,0.5,330.06,330.06,0,2,0,0,0,19.860979433333334,1.4941758181992855,1
1525,news_rumor_no_fire,news_only,0,0,0,0.0,0.0,0.0,0.0,0.0,0.0,0,1,0,0,0,0.0,0.0,0
1526,high_low_satellite_with_news_real_fire,mixed_confidence,1,0,1,0.5,105.17,105.17,1.0,355.925,380.85,0,1,0,1,0,15.420168583333332,0.645896356472079,1
1527,correlated_satellite_news_false_alarm,satellite_news,0,1,0,0.0,0.0,0.0,0.0,0.0,0.0,0,0,2,0,0,7.681324,1.6809117779683727,0
1528,nominal_satellite_with_news,satellite_news,0,1,0,1.0,39.87,39.87,1.0,355.04,355.04,0,0,0,1,0,2.33208155,1.1498327865134013,1
1529,news_rumor_no_fire,news_only,0,0,0,0.0,0.0,0.0,0.0,0.0,0.0,1,0,0,0,0,0.0,0.0,0
1530,correlated_satellite_news_false_alarm,satellite_news,0,1,0,0.0,0.0,0.0,1.0,326.94,326.94,0,1,0,0,0,25.9609995,0.8761185689263041,0
1531,mixed_satellite_with_false_news,mixed_confidence,0,0,1,0.0,0.0,0.0,1.0,362.58,362.58,0,2,0,0,0,14.373983033333333,2.168568745196583,0
1532,high_confidence_satellite_with_news,satellite_news,0,0,2,0.5,104.08,104.08,0.5,388.97,388.97,0,0,2,0,0,20.652320783333334,2.9249726421675555,1
1533,multi_confidence_persistent_real_fire,multi_satellite,2,0,3,0.8,51.620000000000005,103.53,1.0,349.264,382.97,0,1,0,1,0,48.970526533333334,2.1911150283293046,1
1534,nominal_satellite_with_news,satellite_news,0,2,0,1.0,52.515,57.26,1.0,318.235,332.67,0,0,0,1,0,37.52984475,2.9498191305957175,1
1535,multi_satellite_real_fire,multi_satellite,0,1,2,0.0,0.0,0.0,0.6666666666666666,338.04499999999996,368.02,0,0,0,0,0,32.80500446666667,1.846280871441055,1
1536,news_only_before_satellite,news_only,0,0,0,0.0,0.0,0.0,0.0,0.0,0.0,0,0,0,0,2,5.542474383333333,1.12555740536029,1
1537,multi_satellite_real_fire,multi_satellite,0,1,3,0.5,69.66499999999999,90.6,1.0,338.6825,348.47,0,0,0,0,0,25.6859739,3.034270718942814,1
1538,correlated_satellite_news_false_alarm,satellite_news,1,1,0,0.5,48.46,48.46,1.0,309.03,319.81,0,1,0,0,0,23.951682100000003,2.025584120871201,0
1539,correlated_satellite_news_false_alarm,satellite_news,0,1,0,1.0,51.47,51.47,1.0,343.81,343.81,0,0,1,0,0,14.1770032,2.5801891804521873,0
1540,persistent_non_wildfire_heat_source,multi_satellite,3,1,0,1.0,48.1425,71.88,0.75,337.71000000000004,359.29,0,0,0,0,0,39.9470272,2.605122583512598,0
1541,mixed_satellite_with_false_news,mixed_confidence,1,2,0,1.0,45.75333333333333,76.57,0.3333333333333333,352.9,352.9,1,1,0,0,0,29.010997449999998,1.3935498523187306,0
1542,multi_satellite_real_fire,multi_satellite,0,1,2,1.0,87.81333333333333,105.71,0.3333333333333333,324.88,324.88,0,0,0,0,0,11.678935300000001,2.728639807512546,1
1543,high_low_satellite_with_news_real_fire,mixed_confidence,1,0,1,1.0,65.19999999999999,92.6,0.5,384.05,384.05,0,0,1,0,0,21.8343612,2.855812407403242,1
1544,mixed_satellite_with_false_news,mixed_confidence,1,2,0,0.3333333333333333,61.78,61.78,0.6666666666666666,329.65999999999997,345.36,0,2,0,0,0,29.138482749999998,2.208870816216947,0
1545,mixed_confidence_non_fire_heat_source,mixed_confidence,0,1,2,0.6666666666666666,54.2,66.09,1.0,359.83666666666664,372.15,0,0,0,0,0,11.408277766666666,1.6915398540989606,0
1546,high_confidence_satellite_false_positive,satellite_only,0,0,1,1.0,139.55,139.55,1.0,349.55,349.55,0,0,0,0,0,0.0,0.0,0
1547,multiple_news_same_false_alarm,news_only,0,0,0,0.0,0.0,0.0,0.0,0.0,0.0,0,3,1,0,0,17.923200466666668,1.610136490694748,0
1548,news_only_before_satellite,news_only,0,0,0,0.0,0.0,0.0,0.0,0.0,0.0,0,1,1,0,0,0.9666176333333334,0.097888839925856,1
1549,multiple_news_same_false_alarm,news_only,0,0,0,0.0,0.0,0.0,0.0,0.0,0.0,0,0,2,0,0,10.239828733333333,0.2838198854939027,0
1550,high_low_satellite_with_news_real_fire,mixed_confidence,1,0,1,1.0,104.755,128.62,0.5,331.53,331.53,0,0,2,0,0,25.014814316666666,1.9152281176800725,1
1551,low_confidence_satellite_noise,satellite_only,1,0,0,0.0,0.0,0.0,1.0,311.6,311.6,0,0,0,0,0,0.0,0.0,0
1552,multiple_news_same_false_alarm,news_only,0,0,0,0.0,0.0,0.0,0.0,0.0,0.0,2,1,1,0,0,21.488347583333333,1.1734486402571322,0
1553,nominal_low_satellite_with_news_real_fire,mixed_confidence,2,1,0,0.6666666666666666,85.14500000000001,85.76,1.0,345.19666666666666,360.51,0,0,1,0,0,16.1990272,1.9652469470567318,1
1554,nominal_low_satellite_with_news_real_fire,mixed_confidence,2,0,0,0.5,18.71,18.71,1.0,315.73,322.15,0,2,0,0,0,13.368587433333333,3.1320254245721344,1
1555,nominal_low_satellite_with_news_real_fire,mixed_confidence,1,1,0,0.5,36.52,36.52,0.5,328.47,328.47,0,1,0,0,0,31.123355083333333,2.416948176666543,1
1556,nominal_satellite_with_news,satellite_news,0,2,0,0.5,70.86,70.86,1.0,328.145,337.83,0,1,0,1,0,10.861766333333332,2.545651599027283,1
1557,low_confidence_satellite_noise,satellite_only,1,0,0,0.0,0.0,0.0,0.0,0.0,0.0,0,0,0,0,0,0.0,0.0,0
1558,high_low_satellite_with_news_real_fire,mixed_confidence,2,0,0,0.5,111.89,111.89,0.5,316.86,316.86,0,1,1,0,0,14.823091583333333,2.3219218114526923,1
1559,multi_satellite_plus_multi_news,satellite_news,0,2,2,1.0,55.185,82.09,1.0,339.54999999999995,375.94,0,0,2,1,0,40.35594023333333,3.554447447630639,1
1560,high_low_satellite_with_news_real_fire,mixed_confidence,3,0,0,1.0,88.46333333333332,103.4,0.6666666666666666,372.5,387.18,0,0,2,0,0,12.212314866666667,2.7575295298658578,1
1561,high_low_satellite_with_news_real_fire,mixed_confidence,1,0,1,1.0,67.805,114.34,1.0,377.79999999999995,380.21,0,1,1,0,0,29.29750735,2.5537557543355898,1
1562,multiple_news_same_false_alarm,news_only,0,0,0,0.0,0.0,0.0,0.0,0.0,0.0,3,1,0,0,0,21.635340550000002,1.706222188792177,0
1563,persistent_non_wildfire_heat_source,multi_satellite,1,1,0,1.0,52.105000000000004,59.75,0.5,330.72,330.72,0,0,0,0,0,21.372227416666664,1.5649790414218339,0
1564,multiple_news_same_false_alarm,news_only,0,0,0,0.0,0.0,0.0,0.0,0.0,0.0,0,1,3,0,0,22.051877100000002,0.8907486164190909,0
1565,mixed_confidence_satellite_real_fire,mixed_confidence,1,1,1,0.6666666666666666,69.54,95.79,1.0,324.71999999999997,375.33,0,0,0,0,0,17.872214516666666,2.1539934514348613,1
1566,correlated_satellite_news_false_alarm,satellite_news,0,1,0,1.0,31.37,31.37,1.0,328.55,328.55,0,1,1,0,0,12.470681933333333,2.425920772603965,0
1567,news_only_before_satellite,news_only,0,0,0,0.0,0.0,0.0,0.0,0.0,0.0,0,0,0,0,1,0.0,0.0,1
1568,high_low_satellite_false_alarm,mixed_confidence,2,0,0,1.0,70.91499999999999,99.35,0.5,358.0,358.0,1,0,0,0,0,12.158968183333334,1.9773666202394617,0
1569,mixed_satellite_with_false_news,mixed_confidence,0,0,1,1.0,11.9,11.9,1.0,369.51,369.51,0,0,1,0,0,0.3944109333333333,2.8861856375076536,0
1570,nominal_satellite_false_heat_source,satellite_only,0,1,0,0.0,0.0,0.0,1.0,325.82,325.82,0,0,0,0,0,0.0,0.0,0
1571,multi_confidence_persistent_real_fire,multi_satellite,2,0,2,1.0,85.5925,93.37,1.0,340.4225,357.66,0,0,0,0,0,34.08297685,3.13525503900219,1
1572,high_low_satellite_with_news_real_fire,mixed_confidence,2,0,1,0.3333333333333333,86.62,86.62,0.6666666666666666,317.49,327.53,0,1,0,1,0,10.9908261,3.0808027004194654,1
1573,news_only_before_satellite,news_only,0,0,0,0.0,0.0,0.0,0.0,0.0,0.0,0,0,0,0,1,0.0,0.0,1
1574,multi_confidence_persistent_real_fire,multi_satellite,0,3,0,1.0,64.34666666666668,88.36,0.6666666666666666,343.375,369.34,0,0,0,0,0,7.3397269000000005,1.6187204813005336,1
1575,news_rumor_no_fire,news_only,0,0,0,0.0,0.0,0.0,0.0,0.0,0.0,1,0,0,0,0,0.0,0.0,0
1576,high_low_satellite_with_news_real_fire,mixed_confidence,1,0,2,0.6666666666666666,43.29,50.05,1.0,356.62000000000006,367.74,0,0,2,0,0,18.94271493333333,2.2788897575590963,1
1577,multi_satellite_plus_multi_news,satellite_news,0,1,1,1.0,32.93,43.65,0.5,308.59,308.59,0,0,0,2,0,6.038798283333334,4.0041387679302805,1
1578,nominal_low_satellite_with_news_real_fire,mixed_confidence,1,1,0,0.5,56.67,56.67,0.5,300.64,300.64,0,1,0,0,0,15.751747933333332,1.8134819198809633,1
1579,mixed_satellite_with_false_news,mixed_confidence,1,2,0,0.6666666666666666,52.894999999999996,82.0,0.3333333333333333,360.76,360.76,0,1,1,0,0,28.165816749999998,2.0958336951797407,0
1580,low_confidence_satellite_noise,satellite_only,3,0,0,0.3333333333333333,23.52,23.52,1.0,306.9433333333333,315.36,0,0,0,0,0,36.004757733333335,1.4833877163543947,0
1581,correlated_satellite_news_false_alarm,satellite_news,1,1,0,0.5,66.31,66.31,0.5,335.58,335.58,0,1,0,0,0,17.501997216666666,1.4955536343186064,0
1582,nominal_satellite_with_news,satellite_news,0,1,0,1.0,47.99,47.99,1.0,333.5,333.5,0,1,0,0,0,0.40336003333333337,1.6546414666587184,1
1583,high_low_satellite_with_news_real_fire,mixed_confidence,2,0,1,0.6666666666666666,21.865000000000002,23.36,1.0,351.2733333333333,361.56,0,0,0,2,0,19.563081916666665,3.9084669358787436,1
1584,satellite_only_before_news,satellite_only,0,1,1,0.0,0.0,0.0,0.0,0.0,0.0,0,0,0,0,0,12.401010433333333,0.9224921118923165,1
1585,multi_satellite_real_fire,multi_satellite,0,2,0,0.5,105.7,105.7,0.5,308.23,308.23,0,0,0,0,0,0.03182368333333333,1.4119276512697423,1
1586,mixed_satellite_with_false_news,mixed_confidence,1,0,0,0.0,0.0,0.0,1.0,307.74,307.74,0,0,2,0,0,25.474341683333332,1.2226793111582568,0
1587,nominal_low_satellite_with_news_real_fire,mixed_confidence,2,0,0,0.0,0.0,0.0,1.0,336.19,356.2,0,1,0,0,0,28.4584562,1.7484881018295184,1
1588,mixed_confidence_satellite_real_fire,mixed_confidence,2,1,0,1.0,26.2,52.12,1.0,321.5433333333333,351.57,0,0,0,0,0,11.01975725,1.8864084233253229,1
1589,multi_confidence_persistent_real_fire,multi_satellite,0,0,3,0.6666666666666666,56.03,59.06,1.0,321.4266666666667,325.37,1,0,0,0,0,15.1417042,1.0187657556367844,1
1590,nominal_satellite_false_heat_source,satellite_only,0,1,0,0.0,0.0,0.0,0.0,0.0,0.0,0,0,0,0,0,0.0,0.0,0
1591,correlated_satellite_news_false_alarm,satellite_news,1,1,0,0.5,54.58,54.58,1.0,318.58,345.88,0,1,1,0,0,24.321916416666667,3.4119909042731678,0
1592,nominal_satellite_with_news,satellite_news,0,2,0,0.5,62.67,62.67,1.0,315.15999999999997,320.75,0,1,0,1,0,25.05201441666667,1.899273598106972,1
1593,news_only_before_satellite,news_only,0,0,0,0.0,0.0,0.0,0.0,0.0,0.0,0,1,0,0,0,0.0,0.0,1
1594,news_only_before_satellite,news_only,0,0,0,0.0,0.0,0.0,0.0,0.0,0.0,0,1,0,0,0,0.0,0.0,1
1595,mixed_satellite_with_false_news,mixed_confidence,0,0,1,1.0,14.48,14.48,1.0,362.33,362.33,0,2,0,0,0,31.35809941666667,2.457892338138849,0
1596,high_confidence_satellite_false_positive,satellite_only,0,0,1,1.0,132.85,132.85,1.0,310.1,310.1,0,0,0,0,0,0.0,0.0,0
1597,high_low_satellite_false_alarm,mixed_confidence,2,0,1,0.6666666666666666,110.72,111.15,0.6666666666666666,342.77,378.72,0,0,0,0,0,12.456928066666668,0.5058002691695724,0
1598,mixed_confidence_non_fire_heat_source,mixed_confidence,0,0,2,0.5,71.84,71.84,0.5,297.1,297.1,0,0,0,0,0,6.173332149999999,0.782978591980983,0
1599,nominal_low_satellite_with_news_real_fire,mixed_confidence,2,1,0,1.0,52.86333333333334,89.9,0.6666666666666666,339.635,365.68,0,2,0,0,0,28.690312600000002,2.4143126121129295,1
1600,nominal_low_satellite_with_news_real_fire,mixed_confidence,2,1,0,1.0,33.76,55.15,0.6666666666666666,361.52,367.34,0,0,1,0,0,4.6661896,2.7495800337690004,1
1601,news_rumor_no_fire,news_only,0,0,0,0.0,0.0,0.0,0.0,0.0,0.0,0,0,0,1,0,0.0,0.0,0
1602,multiple_news_same_false_alarm,news_only,0,0,0,0.0,0.0,0.0,0.0,0.0,0.0,2,0,1,0,0,38.4125073,1.4190859129277902,0
1603,multi_confidence_persistent_real_fire,multi_satellite,0,1,3,1.0,93.45750000000001,119.41,1.0,341.08,353.87,1,0,0,0,0,34.27985671666667,2.134018845656461,1
1604,multi_confidence_persistent_real_fire,multi_satellite,4,0,0,1.0,76.07000000000001,100.09,0.75,346.5833333333333,368.91,1,1,0,0,0,23.05935368333333,2.9590853617495116,1
1605,news_only_before_satellite,news_only,0,0,0,0.0,0.0,0.0,0.0,0.0,0.0,0,2,0,0,0,7.722504850000001,0.6509129903026396,1
1606,low_confidence_satellite_noise,satellite_only,1,0,0,1.0,19.61,19.61,0.0,0.0,0.0,0,0,0,0,0,0.0,0.0,0
1607,news_rumor_no_fire,news_only,0,0,0,0.0,0.0,0.0,0.0,0.0,0.0,0,0,0,0,1,0.0,0.0,0
1608,low_confidence_satellite_noise,satellite_only,3,0,0,0.6666666666666666,31.74,32.73,0.6666666666666666,314.22,322.26,0,0,0,0,0,19.670714200000003,2.055641896064368,0
1609,multi_satellite_real_fire,multi_satellite,0,2,1,0.6666666666666666,58.545,96.41,1.0,346.42666666666673,362.1,0,0,0,0,0,37.5217419,1.1582647183411916,1
1610,high_low_satellite_false_alarm,mixed_confidence,2,0,0,0.5,108.25,108.25,0.5,334.61,334.61,1,0,0,0,0,10.402948616666666,2.331770900054608,0
1611,correlated_satellite_news_false_alarm,satellite_news,0,2,0,0.5,34.58,34.58,0.0,0.0,0.0,0,0,1,0,0,27.6428421,0.9768378231232743,0
1612,high_confidence_satellite_false_positive,satellite_only,0,0,1,1.0,84.44,84.44,0.0,0.0,0.0,0,0,0,0,0,0.0,0.0,0
1613,high_low_satellite_false_alarm,mixed_confidence,0,0,3,0.6666666666666666,69.485,98.24,0.6666666666666666,352.545,354.93,0,0,0,0,0,11.829651616666666,2.124605821352722,0
1614,news_only_before_satellite,news_only,0,0,0,0.0,0.0,0.0,0.0,0.0,0.0,0,1,0,0,1,4.0930365166666665,0.3679570628723789,1
1615,nominal_low_satellite_with_news_real_fire,mixed_confidence,1,2,0,1.0,52.75,89.63,0.6666666666666666,322.94,327.81,0,0,1,0,0,28.88071255,3.734412322007647,1
1616,high_confidence_satellite_with_news,satellite_news,0,0,3,1.0,102.94333333333333,122.71,1.0,366.6433333333334,374.3,0,0,1,1,0,19.28880425,2.7054604043991373,1
1617,nominal_low_satellite_with_news_real_fire,mixed_confidence,0,2,0,0.0,0.0,0.0,1.0,346.73,369.21,0,2,0,0,0,25.169038216666667,2.294028169417672,1
1618,mixed_confidence_satellite_real_fire,mixed_confidence,1,1,1,0.3333333333333333,41.88,41.88,0.6666666666666666,337.84000000000003,379.39,0,1,0,1,0,32.57746345,2.1525848118529005,1
1619,mixed_satellite_with_false_news,mixed_confidence,0,1,2,0.6666666666666666,57.230000000000004,77.34,0.6666666666666666,320.405,342.6,0,2,0,0,0,15.430113400000002,2.818093887278644,0
1620,nominal_satellite_with_news,satellite_news,0,2,0,1.0,33.465,39.34,0.5,342.14,342.14,0,0,1,1,0,30.434481066666667,3.3044292373869215,1
1621,multi_satellite_plus_multi_news,satellite_news,0,2,1,1.0,75.28333333333333,103.36,0.6666666666666666,325.25,347.24,0,0,2,0,0,29.092945,3.1081115788125793,1
1622,high_confidence_satellite_false_positive,satellite_only,0,0,1,1.0,127.26,127.26,0.0,0.0,0.0,0,0,0,0,0,0.0,0.0,0
1623,high_confidence_satellite_with_news,satellite_news,0,0,1,1.0,82.74,82.74,1.0,312.75,312.75,0,0,0,1,0,17.776748716666667,0.08799678948599912,1
1624,high_low_satellite_with_news_real_fire,mixed_confidence,2,0,0,1.0,74.055,89.45,1.0,359.67499999999995,386.84,0,1,1,0,0,27.07177815,2.549725837165829,1
1625,mixed_confidence_non_fire_heat_source,mixed_confidence,1,0,2,0.6666666666666666,52.46,67.14,0.6666666666666666,317.79999999999995,321.76,0,0,0,0,0,12.594694183333333,1.9046192563060562,0
1626,persistent_non_wildfire_heat_source,multi_satellite,2,1,0,0.6666666666666666,64.075,81.93,1.0,323.44,359.15,0,0,0,0,0,26.333022183333334,1.9685001537746791,0
1627,multi_satellite_real_fire,multi_satellite,0,2,1,1.0,57.25333333333333,74.61,1.0,363.27,375.25,0,0,0,0,0,13.367547383333335,1.5464439181348946,1
1628,correlated_satellite_news_false_alarm,satellite_news,1,1,0,1.0,34.415,44.04,0.5,313.66,313.66,0,0,2,0,0,7.431495766666667,0.7685190735967604,0
1629,mixed_confidence_non_fire_heat_source,mixed_confidence,0,2,1,0.6666666666666666,63.375,71.5,0.6666666666666666,305.09000000000003,313.0,0,0,0,0,0,12.504955883333334,1.4761578823714754,0
1630,multiple_news_same_false_alarm,news_only,0,0,0,0.0,0.0,0.0,0.0,0.0,0.0,1,0,3,0,0,35.36693463333334,1.1901684359224887,0
1631,nominal_low_satellite_with_news_real_fire,mixed_confidence,1,1,0,0.5,41.95,41.95,1.0,322.56,326.41,0,1,0,0,0,11.505397333333333,1.5438078462268576,1
1632,multi_satellite_plus_multi_news,satellite_news,0,3,1,1.0,79.545,112.54,1.0,365.435,382.55,0,0,1,1,0,45.5365415,2.710104007262376,1
1633,satellite_only_before_news,satellite_only,0,0,1,0.0,0.0,0.0,1.0,304.56,304.56,0,0,0,0,0,0.0,0.0,1
1634,high_confidence_satellite_with_news,satellite_news,0,0,2,0.5,111.56,111.56,1.0,391.19,398.39,0,0,2,0,0,21.7055142,1.9009966598479267,1
1635,nominal_low_satellite_with_news_real_fire,mixed_confidence,1,1,0,1.0,68.495,89.93,1.0,324.995,348.37,0,1,1,0,0,20.6788661,3.3110246997968833,1
1636,multiple_news_same_false_alarm,news_only,0,0,0,0.0,0.0,0.0,0.0,0.0,0.0,2,1,1,0,0,12.385020583333333,1.3959398265619596,0
1637,mixed_confidence_satellite_real_fire,mixed_confidence,1,1,1,0.6666666666666666,72.73,77.28,0.6666666666666666,344.5,373.61,0,1,0,0,0,21.978352516666668,2.720094007371703,1
1638,multi_confidence_persistent_real_fire,multi_satellite,1,1,2,0.75,83.59,111.72,1.0,324.2175,344.99,0,0,0,2,0,23.628701733333333,2.4209256939812196,1
1639,nominal_low_satellite_with_news_real_fire,mixed_confidence,2,1,0,1.0,61.31666666666666,73.48,1.0,327.00333333333333,354.6,0,1,1,0,0,27.09357088333333,2.609547544212852,1
1640,news_only_before_satellite,news_only,0,0,0,0.0,0.0,0.0,0.0,0.0,0.0,0,1,1,0,0,17.901327316666666,0.9167164145998231,1
1641,multi_confidence_persistent_real_fire,multi_satellite,1,1,2,1.0,69.3425,110.44,0.5,373.95000000000005,384.24,0,0,0,1,0,35.9350902,2.1259838662107033,1
1642,multi_satellite_plus_multi_news,satellite_news,0,2,0,0.5,56.36,56.36,0.5,384.14,384.14,0,0,1,1,0,29.99186915,2.0322874237887953,1
1643,low_confidence_satellite_noise,satellite_only,3,0,0,0.0,0.0,0.0,0.6666666666666666,322.59000000000003,329.42,0,0,0,0,0,19.3355957,2.046832516313642,0
1644,nominal_satellite_false_heat_source,satellite_only,0,1,0,1.0,42.77,42.77,1.0,328.07,328.07,0,0,0,0,0,0.0,0.0,0
1645,mixed_confidence_satellite_real_fire,mixed_confidence,0,1,3,1.0,83.15,102.13,0.75,345.5,374.19,0,1,0,0,0,33.102736883333336,3.312078985103015,1
1646,news_rumor_no_fire,news_only,0,0,0,0.0,0.0,0.0,0.0,0.0,0.0,1,0,0,0,0,0.0,0.0,0
1647,high_confidence_satellite_with_news,satellite_news,0,0,2,1.0,126.50999999999999,128.23,0.5,367.12,367.12,0,0,1,1,0,16.008711933333334,1.4886988598894837,1
1648,satellite_only_before_news,satellite_only,0,1,0,1.0,72.22,72.22,1.0,361.04,361.04,0,0,0,0,0,0.0,0.0,1
1649,nominal_satellite_with_news,satellite_news,0,2,0,0.5,65.62,65.62,1.0,306.65,307.61,0,1,1,0,0,20.602061266666666,3.2849696582799033,1
1650,nominal_satellite_false_heat_source,satellite_only,0,2,0,1.0,38.32,40.34,1.0,316.79,319.72,0,0,0,0,0,4.263819216666667,0.6951565678789877,0
1651,multi_satellite_plus_multi_news,satellite_news,0,2,1,1.0,68.59333333333333,109.24,1.0,334.2166666666667,374.67,0,0,0,2,0,41.19173625,3.12336346542973,1
1652,satellite_only_before_news,satellite_only,0,1,1,0.5,96.81,96.81,0.5,347.89,347.89,0,0,0,0,0,3.0927208833333335,0.5515708172099606,1
1653,multi_confidence_persistent_real_fire,multi_satellite,0,0,4,1.0,66.8625,116.43,0.5,323.315,341.42,0,0,0,0,0,20.81069115,3.7586453611821335,1
1654,multiple_news_same_false_alarm,news_only,0,0,0,0.0,0.0,0.0,0.0,0.0,0.0,0,2,1,0,0,15.782123666666667,0.2251310591121558,0
1655,satellite_only_before_news,satellite_only,0,1,0,1.0,41.36,41.36,1.0,306.58,306.58,0,0,0,0,0,0.0,0.0,1
1656,multi_satellite_real_fire,multi_satellite,0,0,2,1.0,85.66499999999999,112.0,1.0,324.28499999999997,327.29,0,0,0,0,0,14.680069900000001,0.5974548292784463,1
1657,multi_satellite_real_fire,multi_satellite,0,3,1,0.75,41.98666666666667,53.25,1.0,329.32750000000004,356.94,0,0,0,0,0,33.27895641666667,2.5510439276289,1
1658,high_confidence_satellite_false_positive,satellite_only,0,0,1,1.0,124.84,124.84,0.0,0.0,0.0,0,0,0,0,0,0.0,0.0,0
1659,news_only_before_satellite,news_only,0,0,0,0.0,0.0,0.0,0.0,0.0,0.0,0,1,1,0,0,5.393725066666667,0.7838017641946997,1
1660,news_only_before_satellite,news_only,0,0,0,0.0,0.0,0.0,0.0,0.0,0.0,0,1,0,0,0,0.0,0.0,1
1661,mixed_satellite_with_false_news,mixed_confidence,0,0,1,1.0,73.9,73.9,1.0,305.1,305.1,0,1,0,0,0,6.721433950000001,1.6944094066446311,0
1662,nominal_satellite_false_heat_source,satellite_only,0,2,0,0.5,24.09,24.09,1.0,335.23,335.95,0,0,0,0,0,12.4660949,0.9496376783068031,0
1663,nominal_low_satellite_with_news_real_fire,mixed_confidence,2,0,0,0.5,69.91,69.91,0.5,318.92,318.92,0,2,0,0,0,21.121235533333333,1.7416371545768459,1
1664,mixed_confidence_satellite_real_fire,mixed_confidence,3,0,1,0.75,37.60999999999999,52.41,0.75,340.59333333333336,374.86,1,0,0,1,0,35.72610581666667,1.321310878970995,1
1665,multi_confidence_persistent_real_fire,multi_satellite,2,1,2,1.0,57.948,104.13,1.0,342.352,356.29,0,0,0,0,0,11.453744533333333,2.136951242709684,1
1666,multi_confidence_persistent_real_fire,multi_satellite,2,0,1,0.6666666666666666,95.185,106.9,0.6666666666666666,364.685,379.47,1,0,0,0,0,6.344452233333333,1.9621278062980307,1
1667,news_only_before_satellite,news_only,0,0,0,0.0,0.0,0.0,0.0,0.0,0.0,0,0,1,0,0,0.0,0.0,1
1668,nominal_low_satellite_with_news_real_fire,mixed_confidence,1,1,0,1.0,58.085,62.96,0.5,355.16,355.16,0,1,0,0,0,24.57229925,1.7724401752026036,1
1669,correlated_satellite_news_false_alarm,satellite_news,0,1,0,1.0,32.41,32.41,0.0,0.0,0.0,0,0,2,0,0,3.7016811,2.037261906845692,0
1670,nominal_satellite_with_news,satellite_news,0,2,0,1.0,25.17,35.04,1.0,323.1,325.5,0,0,0,1,0,11.128316583333334,2.0130536042111262,1
1671,high_low_satellite_with_news_real_fire,mixed_confidence,0,0,3,0.6666666666666666,92.705,109.3,1.0,320.5266666666667,337.58,0,0,1,1,0,30.8873471,1.6919877250509792,1
1672,nominal_low_satellite_with_news_real_fire,mixed_confidence,3,0,0,0.3333333333333333,31.39,31.39,0.6666666666666666,333.78999999999996,336.81,0,0,2,0,0,21.475954533333333,2.515061270731249,1
1673,multi_satellite_real_fire,multi_satellite,0,2,1,1.0,61.21,105.28,1.0,330.39000000000004,347.24,0,0,0,0,0,23.700281066666665,2.4267549083279985,1
1674,multi_confidence_persistent_real_fire,multi_satellite,0,3,2,1.0,73.134,119.88,0.6,352.6033333333333,370.53,0,0,0,0,0,25.35040075,2.810985434429905,1
1675,nominal_satellite_with_news,satellite_news,0,2,0,1.0,45.065,62.84,1.0,313.26,324.86,0,0,2,0,0,30.84093085,0.6687713755566316,1
1676,high_confidence_satellite_with_news,satellite_news,0,0,2,1.0,63.765,68.52,1.0,352.71500000000003,385.6,0,0,0,2,0,26.341762333333335,1.7654710321007892,1
1677,multi_satellite_plus_multi_news,satellite_news,0,0,3,0.6666666666666666,46.769999999999996,56.62,0.3333333333333333,325.47,325.47,0,0,0,2,0,33.307774116666664,2.3048156730525924,1
1678,high_low_satellite_with_news_real_fire,mixed_confidence,2,0,0,0.5,38.93,38.93,0.5,335.83,335.83,0,1,1,0,0,19.19051078333333,1.7546668907579044,1
1679,nominal_satellite_false_heat_source,satellite_only,0,2,0,0.5,42.76,42.76,0.0,0.0,0.0,0,0,0,0,0,0.94971945,1.1040387326214813,0
1680,high_confidence_satellite_false_positive,satellite_only,0,0,1,1.0,139.21,139.21,1.0,305.38,305.38,0,0,0,0,0,0.0,0.0,0
1681,correlated_satellite_news_false_alarm,satellite_news,1,1,0,1.0,50.004999999999995,56.66,0.5,329.88,329.88,0,0,1,0,0,15.757497133333334,1.9305524604441746,0
1682,mixed_satellite_with_false_news,mixed_confidence,2,0,1,0.6666666666666666,64.63,84.31,1.0,325.2966666666667,363.06,0,1,0,0,0,19.670464016666664,1.3374737490268775,0
1683,high_low_satellite_false_alarm,mixed_confidence,1,0,1,0.5,93.62,93.62,0.5,313.92,313.92,0,1,0,0,0,24.910145800000002,0.6530246995143527,0
1684,multi_confidence_persistent_real_fire,multi_satellite,1,1,1,0.6666666666666666,57.355,90.16,0.6666666666666666,339.74,361.09,0,0,1,0,0,41.88230566666667,3.18480582904816,1
1685,mixed_satellite_with_false_news,mixed_confidence,1,0,0,0.0,0.0,0.0,1.0,340.27,340.27,1,0,0,0,0,8.31347455,2.4655021578053335,0
1686,correlated_satellite_news_false_alarm,satellite_news,0,1,0,0.0,0.0,0.0,1.0,349.85,349.85,0,0,1,0,0,3.9704521833333337,1.0355689655641716,0
1687,news_only_before_satellite,news_only,0,0,0,0.0,0.0,0.0,0.0,0.0,0.0,0,1,0,0,1,0.7893505166666667,0.5262320180327101,1
1688,high_confidence_satellite_with_news,satellite_news,0,0,1,1.0,70.12,70.12,1.0,375.16,375.16,0,0,1,1,0,22.344962950000003,0.7730233188627865,1
1689,high_low_satellite_false_alarm,mixed_confidence,0,0,2,0.5,32.45,32.45,0.5,307.03,307.03,0,0,0,0,0,0.828849,0.9183062270517013,0
1690,high_low_satellite_false_alarm,mixed_confidence,1,0,1,1.0,69.265,105.49,1.0,348.755,383.88,0,1,0,0,0,19.99273356666667,2.006507310222961,0
1691,mixed_confidence_non_fire_heat_source,mixed_confidence,1,1,2,0.5,70.285,102.62,0.75,332.31666666666666,350.53,0,0,0,0,0,7.5103405,1.9099716825413886,0
1692,satellite_only_before_news,satellite_only,0,2,0,0.5,60.36,60.36,1.0,302.46500000000003,304.68,0,0,0,0,0,6.353571516666666,0.7381975234315308,1
1693,mixed_confidence_satellite_real_fire,mixed_confidence,0,2,1,0.0,0.0,0.0,0.6666666666666666,322.615,327.38,1,0,1,0,0,24.108781466666667,3.658538794970306,1
1694,correlated_satellite_news_false_alarm,satellite_news,1,0,0,1.0,65.68,65.68,1.0,346.98,346.98,0,1,0,0,0,3.5599126166666664,1.2490972224766776,0
1695,news_rumor_no_fire,news_only,0,0,0,0.0,0.0,0.0,0.0,0.0,0.0,1,0,0,0,0,0.0,0.0,0
1696,high_confidence_satellite_with_news,satellite_news,0,0,1,1.0,37.04,37.04,1.0,390.52,390.52,0,0,0,1,0,5.505713916666666,2.0637709753948656,1
1697,high_confidence_satellite_false_positive,satellite_only,0,0,1,1.0,98.07,98.07,0.0,0.0,0.0,0,0,0,0,0,0.0,0.0,0
1698,correlated_satellite_news_false_alarm,satellite_news,0,1,0,0.0,0.0,0.0,1.0,316.28,316.28,0,0,1,0,0,6.2815212,2.2962499002963366,0
1699,mixed_confidence_satellite_real_fire,mixed_confidence,0,1,1,0.5,10.93,10.93,0.5,349.41,349.41,0,0,0,0,0,4.7383049,1.1397829526883103,1
1700,multi_satellite_real_fire,multi_satellite,0,4,0,1.0,71.185,108.82,0.0,0.0,0.0,0,0,0,0,0,28.951402383333335,1.2598823330494575,1
1701,correlated_satellite_news_false_alarm,satellite_news,1,1,0,1.0,17.31,28.25,0.5,305.95,305.95,0,2,0,0,0,21.570481316666665,0.33958260997350825,0
1702,nominal_satellite_false_heat_source,satellite_only,0,2,0,0.5,40.82,40.82,0.0,0.0,0.0,0,0,0,0,0,11.411886866666666,0.8881393783657103,0
1703,mixed_confidence_non_fire_heat_source,mixed_confidence,2,1,1,0.75,74.09666666666668,84.76,0.75,336.07666666666665,370.62,0,0,0,0,0,28.619124933333335,1.672687728106606,0
1704,nominal_satellite_with_news,satellite_news,0,2,0,0.5,69.94,69.94,1.0,334.22,337.46,0,0,1,0,0,4.333121216666667,1.9319870127198748,1
1705,mixed_satellite_with_false_news,mixed_confidence,1,0,1,0.5,45.43,45.43,1.0,329.62,343.36,1,1,0,0,0,13.2669544,2.3454527689760507,0
1706,multi_satellite_real_fire,multi_satellite,0,2,1,1.0,58.47,83.31,0.3333333333333333,340.85,340.85,0,0,0,0,0,27.423607333333333,3.18023180745461,1
1707,high_low_satellite_false_alarm,mixed_confidence,1,0,1,1.0,87.995,116.55,0.5,357.73,357.73,1,0,0,0,0,4.605162933333333,1.035996611141876,0
1708,news_rumor_no_fire,news_only,0,0,0,0.0,0.0,0.0,0.0,0.0,0.0,0,0,1,0,0,0.0,0.0,0
1709,high_confidence_satellite_with_news,satellite_news,0,0,1,1.0,114.27,114.27,1.0,354.39,354.39,0,0,0,1,0,18.478606333333335,1.61830339047681,1
1710,low_confidence_satellite_noise,satellite_only,3,0,0,0.6666666666666666,25.81,37.48,0.6666666666666666,309.65999999999997,313.62,0,0,0,0,0,27.824649866666668,1.3733249472714686,0
1711,correlated_satellite_news_false_alarm,satellite_news,1,0,0,1.0,63.51,63.51,1.0,322.2,322.2,0,1,1,0,0,9.372103933333333,1.0697242818095969,0
1712,mixed_satellite_with_false_news,mixed_confidence,0,1,1,1.0,64.845,94.57,1.0,341.20000000000005,361.98,1,0,1,0,0,30.234002649999997,2.503645323282486,0
1713,news_rumor_no_fire,news_only,0,0,0,0.0,0.0,0.0,0.0,0.0,0.0,1,0,0,0,0,0.0,0.0,0
1714,multi_satellite_plus_multi_news,satellite_news,0,2,2,0.75,60.303333333333335,109.4,1.0,319.56999999999994,353.76,0,0,0,3,0,37.763827066666664,3.8314125909921253,1
1715,nominal_satellite_false_heat_source,satellite_only,0,1,0,0.0,0.0,0.0,0.0,0.0,0.0,0,0,0,0,0,0.0,0.0,0
1716,high_confidence_satellite_with_news,satellite_news,0,0,1,1.0,114.87,114.87,1.0,344.48,344.48,0,0,0,2,0,15.871664433333333,1.7007960763201229,1
1717,high_low_satellite_with_news_real_fire,mixed_confidence,2,0,0,0.5,58.44,58.44,1.0,315.33,327.33,0,0,1,0,0,11.615256083333332,2.2855947819628506,1
1718,news_rumor_no_fire,news_only,0,0,0,0.0,0.0,0.0,0.0,0.0,0.0,0,0,0,0,1,0.0,0.0,0
1719,multiple_news_same_false_alarm,news_only,0,0,0,0.0,0.0,0.0,0.0,0.0,0.0,1,1,2,0,0,25.965281,0.2523506624784294,0
1720,low_confidence_satellite_noise,satellite_only,1,0,0,1.0,10.6,10.6,0.0,0.0,0.0,0,0,0,0,0,0.0,0.0,0
1721,correlated_satellite_news_false_alarm,satellite_news,0,1,0,1.0,45.69,45.69,0.0,0.0,0.0,0,0,2,0,0,10.7368913,2.238271029232296,0
1722,mixed_satellite_with_false_news,mixed_confidence,1,1,0,1.0,39.235,51.97,1.0,365.605,369.29,0,1,1,0,0,31.944084266666668,2.9307730818050777,0
1723,high_confidence_satellite_with_news,satellite_news,0,0,1,1.0,107.47,107.47,1.0,334.6,334.6,0,0,0,2,0,8.618590183333334,1.832149901788849,1
1724,multiple_news_same_false_alarm,news_only,0,0,0,0.0,0.0,0.0,0.0,0.0,0.0,1,0,1,0,0,7.668682166666667,0.8740768893490909,0
1725,high_low_satellite_with_news_real_fire,mixed_confidence,3,0,0,1.0,91.60333333333334,129.7,0.6666666666666666,350.25,380.35,0,0,0,1,0,26.314897233333333,1.8581558454285463,1
1726,multiple_news_same_false_alarm,news_only,0,0,0,0.0,0.0,0.0,0.0,0.0,0.0,1,2,1,0,0,22.158946183333335,0.45206381463849016,0
1727,high_low_satellite_with_news_real_fire,mixed_confidence,2,0,1,0.6666666666666666,79.555,92.81,1.0,379.53,384.5,0,1,0,0,0,16.8229812,2.814901969159742,1
1728,mixed_confidence_non_fire_heat_source,mixed_confidence,0,3,1,1.0,60.785,107.04,0.25,315.68,315.68,0,0,0,0,0,14.51430545,0.9589929303705464,0
1729,high_confidence_satellite_with_news,satellite_news,0,0,2,1.0,141.135,147.41,1.0,373.58500000000004,397.01,0,0,0,2,0,6.129431966666667,1.2785804035931438,1
1730,high_low_satellite_false_alarm,mixed_confidence,2,0,1,1.0,57.946666666666665,71.24,0.3333333333333333,322.98,322.98,0,0,0,0,0,16.77561355,2.18968339845367,0
1731,multiple_news_same_false_alarm,news_only,0,0,0,0.0,0.0,0.0,0.0,0.0,0.0,1,1,1,0,0,20.915705333333335,0.569381799650757,0
1732,high_low_satellite_with_news_real_fire,mixed_confidence,0,0,2,1.0,86.5,92.55,1.0,350.495,365.19,0,1,1,0,0,28.539854783333332,2.433976455059373,1
1733,nominal_low_satellite_with_news_real_fire,mixed_confidence,2,0,0,1.0,55.115,88.95,1.0,323.615,324.43,0,1,0,0,0,16.722126183333334,1.0759929515990325,1
1734,low_confidence_satellite_noise,satellite_only,1,0,0,1.0,35.52,35.52,1.0,328.56,328.56,0,0,0,0,0,0.0,0.0,0
1735,correlated_satellite_news_false_alarm,satellite_news,0,1,0,0.0,0.0,0.0,1.0,290.12,290.12,0,0,1,0,0,4.167192033333333,2.6058272500733066,0
1736,mixed_satellite_with_false_news,mixed_confidence,0,1,1,0.5,96.99,96.99,1.0,298.625,301.64,0,2,0,0,0,14.091011049999999,1.2978287095446792,0
1737,multi_confidence_persistent_real_fire,multi_satellite,2,0,2,1.0,72.655,118.24,1.0,355.48,374.49,0,1,0,0,0,16.9276117,1.7919426230544577,1
1738,persistent_non_wildfire_heat_source,multi_satellite,3,1,0,1.0,34.565000000000005,56.45,0.25,342.96,342.96,0,0,0,0,0,4.782404683333334,3.0115567405570585,0
1739,multi_confidence_persistent_real_fire,multi_satellite,3,1,1,0.8,70.4225,117.59,1.0,335.56800000000004,380.75,0,0,0,0,0,10.3304923,2.8144679996328,1
1740,multi_satellite_plus_multi_news,satellite_news,0,2,2,1.0,79.2625,112.67,0.75,370.85999999999996,385.88,0,0,1,1,0,40.681546899999994,3.265452901143641,1
1741,news_rumor_no_fire,news_only,0,0,0,0.0,0.0,0.0,0.0,0.0,0.0,1,0,0,0,0,0.0,0.0,0
1742,high_confidence_satellite_with_news,satellite_news,0,0,1,1.0,51.49,51.49,1.0,396.87,396.87,0,0,0,2,0,1.3935122,1.5960390646763853,1
1743,nominal_low_satellite_with_news_real_fire,mixed_confidence,3,0,0,0.3333333333333333,88.53,88.53,0.6666666666666666,344.895,352.36,0,1,0,0,0,25.217097366666668,2.3090032259353324,1
1744,nominal_low_satellite_with_news_real_fire,mixed_confidence,1,2,0,0.6666666666666666,86.285,89.64,1.0,337.31666666666666,363.54,0,2,0,0,0,18.339430316666668,1.5402474717996868,1
1745,nominal_satellite_false_heat_source,satellite_only,0,2,0,1.0,36.625,57.37,0.0,0.0,0.0,0,0,0,0,0,9.918842483333332,0.5295504563656915,0
1746,multi_satellite_plus_multi_news,satellite_news,0,2,2,0.75,84.10333333333334,117.25,0.75,343.6566666666667,386.48,0,0,0,3,0,48.75744376666667,3.5369861159786176,1
1747,multiple_news_same_false_alarm,news_only,0,0,0,0.0,0.0,0.0,0.0,0.0,0.0,2,0,1,0,0,11.9876111,0.89269530337489,0
1748,persistent_non_wildfire_heat_source,multi_satellite,2,1,0,0.6666666666666666,37.040000000000006,39.49,1.0,320.50333333333333,337.29,0,0,0,0,0,24.400221816666665,3.5181175577838064,0
1749,mixed_confidence_satellite_real_fire,mixed_confidence,2,1,1,1.0,72.095,109.58,0.5,334.97,361.19,0,0,1,0,0,38.72590228333333,2.0433077540133553,1
1750,high_low_satellite_with_news_real_fire,mixed_confidence,1,0,1,0.5,105.86,105.86,0.0,0.0,0.0,0,1,1,0,0,16.271463016666665,2.9414728397448493,1
1751,high_confidence_satellite_false_positive,satellite_only,0,0,1,1.0,37.47,37.47,1.0,335.2,335.2,0,0,0,0,0,0.0,0.0,0
1752,mixed_confidence_non_fire_heat_source,mixed_confidence,1,0,1,0.5,16.06,16.06,0.0,0.0,0.0,0,0,0,0,0,4.804259266666667,0.3828024568389914,0
1753,multiple_news_same_false_alarm,news_only,0,0,0,0.0,0.0,0.0,0.0,0.0,0.0,0,0,2,0,0,15.393217383333333,0.48399305402561305,0
1754,multi_satellite_real_fire,multi_satellite,0,2,0,1.0,74.325,85.05,1.0,332.555,358.88,0,0,0,0,0,17.07892705,1.6488829333390378,1
1755,news_rumor_no_fire,news_only,0,0,0,0.0,0.0,0.0,0.0,0.0,0.0,0,0,0,0,1,0.0,0.0,0
1756,mixed_confidence_satellite_real_fire,mixed_confidence,0,2,0,1.0,91.56,107.3,1.0,328.035,348.97,0,1,0,0,0,32.37961395,2.162031690578607,1
1757,satellite_only_before_news,satellite_only,0,1,0,1.0,46.55,46.55,1.0,360.98,360.98,0,0,0,0,0,0.0,0.0,1
1758,high_low_satellite_with_news_real_fire,mixed_confidence,2,0,1,0.6666666666666666,88.975,106.06,0.6666666666666666,324.605,333.21,0,0,0,1,0,30.3670273,2.829625265686712,1
1759,multiple_news_same_false_alarm,news_only,0,0,0,0.0,0.0,0.0,0.0,0.0,0.0,0,1,1,0,0,23.776245716666665,0.30509375542760664,0
1760,mixed_confidence_non_fire_heat_source,mixed_confidence,1,0,2,1.0,36.92333333333333,52.78,0.6666666666666666,321.505,327.57,0,0,0,0,0,21.7610905,1.407618370604506,0
1761,nominal_low_satellite_with_news_real_fire,mixed_confidence,1,1,0,1.0,72.815,76.36,1.0,303.625,304.41,0,1,1,0,0,18.379440416666668,3.2496775442334176,1
1762,multi_satellite_plus_multi_news,satellite_news,0,0,2,1.0,108.475,111.57,1.0,323.61,333.6,0,0,0,3,0,22.823905133333334,2.875457527346138,1
1763,high_confidence_satellite_false_positive,satellite_only,0,0,1,1.0,38.68,38.68,1.0,329.27,329.27,0,0,0,0,0,0.0,0.0,0
1764,mixed_confidence_non_fire_heat_source,mixed_confidence,0,1,1,0.0,0.0,0.0,0.5,298.36,298.36,0,0,0,0,0,19.23679256666667,0.410253794024041,0
1765,high_low_satellite_with_news_real_fire,mixed_confidence,1,0,1,1.0,81.53999999999999,99.5,1.0,350.295,364.86,0,0,1,1,0,16.102215683333334,2.5984336115700004,1
1766,news_only_before_satellite,news_only,0,0,0,0.0,0.0,0.0,0.0,0.0,0.0,0,1,0,0,0,0.0,0.0,1
1767,high_confidence_satellite_with_news,satellite_news,0,0,1,0.0,0.0,0.0,1.0,372.69,372.69,0,0,1,1,0,13.755412799999998,1.7742130994503462,1
1768,multi_satellite_plus_multi_news,satellite_news,0,1,2,1.0,88.78000000000002,122.43,0.6666666666666666,316.995,329.92,0,0,1,1,0,42.695286200000005,2.0970812172179483,1
1769,high_low_satellite_false_alarm,mixed_confidence,1,0,1,1.0,70.33,70.61,0.5,382.03,382.03,0,0,0,0,0,10.548426633333333,0.22502454609033926,0
1770,news_rumor_no_fire,news_only,0,0,0,0.0,0.0,0.0,0.0,0.0,0.0,1,0,0,0,0,0.0,0.0,0
1771,multi_satellite_real_fire,multi_satellite,0,1,2,1.0,68.73333333333333,94.43,0.3333333333333333,379.01,379.01,0,0,0,0,0,6.566900116666667,2.422566835024231,1
1772,news_only_before_satellite,news_only,0,0,0,0.0,0.0,0.0,0.0,0.0,0.0,0,0,0,0,1,0.0,0.0,1
1773,mixed_confidence_non_fire_heat_source,mixed_confidence,1,2,0,0.6666666666666666,75.03,108.04,0.6666666666666666,340.30499999999995,366.78,0,0,0,0,0,22.334957866666667,1.3080423481583114,0
1774,high_confidence_satellite_false_positive,satellite_only,0,0,1,0.0,0.0,0.0,1.0,320.42,320.42,0,0,0,0,0,0.0,0.0,0
1775,high_low_satellite_with_news_real_fire,mixed_confidence,2,0,1,0.6666666666666666,80.83500000000001,118.29,1.0,362.83,377.64,0,0,0,1,0,16.344833466666667,1.8388765707445542,1
1776,news_rumor_no_fire,news_only,0,0,0,0.0,0.0,0.0,0.0,0.0,0.0,0,0,0,0,1,0.0,0.0,0
1777,nominal_satellite_with_news,satellite_news,0,2,0,0.5,39.0,39.0,1.0,313.8,324.55,0,0,1,1,0,16.409807583333333,1.723683228558389,1
1778,nominal_satellite_false_heat_source,satellite_only,0,2,0,0.5,41.54,41.54,1.0,326.635,339.52,0,0,0,0,0,0.6930248166666666,1.1356907142125694,0
1779,high_confidence_satellite_false_positive,satellite_only,0,0,1,0.0,0.0,0.0,1.0,312.69,312.69,0,0,0,0,0,0.0,0.0,0
1780,mixed_satellite_with_false_news,mixed_confidence,1,0,2,0.6666666666666666,38.489999999999995,64.21,0.3333333333333333,349.29,349.29,1,0,1,0,0,30.456846050000003,3.2453613218775907,0
1781,multi_satellite_plus_multi_news,satellite_news,0,2,0,1.0,99.985,119.84,1.0,347.505,386.32,0,0,2,1,0,5.071527966666666,3.580319492456268,1
1782,high_confidence_satellite_false_positive,satellite_only,0,0,1,0.0,0.0,0.0,1.0,364.25,364.25,0,0,0,0,0,0.0,0.0,0
1783,mixed_confidence_non_fire_heat_source,mixed_confidence,1,1,2,0.5,71.67,87.53,0.75,327.85999999999996,329.61,0,0,0,0,0,8.671386833333335,2.3508337040210936,0
1784,news_only_before_satellite,news_only,0,0,0,0.0,0.0,0.0,0.0,0.0,0.0,0,0,1,0,0,0.0,0.0,1
1785,news_rumor_no_fire,news_only,0,0,0,0.0,0.0,0.0,0.0,0.0,0.0,0,0,1,0,0,0.0,0.0,0
1786,mixed_confidence_non_fire_heat_source,mixed_confidence,1,0,1,1.0,49.51,78.25,0.5,342.23,342.23,0,0,0,0,0,17.612484016666667,0.5742275582978694,0
1787,news_rumor_no_fire,news_only,0,0,0,0.0,0.0,0.0,0.0,0.0,0.0,0,1,0,0,0,0.0,0.0,0
1788,high_low_satellite_false_alarm,mixed_confidence,1,0,1,1.0,35.375,48.88,1.0,316.82,327.02,0,0,0,0,0,11.209717566666665,0.552510668577033,0
1789,nominal_satellite_false_heat_source,satellite_only,0,1,0,1.0,20.56,20.56,1.0,323.52,323.52,0,0,0,0,0,0.0,0.0,0
1790,high_confidence_satellite_false_positive,satellite_only,0,0,1,1.0,97.4,97.4,1.0,327.92,327.92,0,0,0,0,0,0.0,0.0,0
1791,high_low_satellite_false_alarm,mixed_confidence,1,0,2,0.3333333333333333,84.7,84.7,0.6666666666666666,314.2,321.15,0,1,0,0,0,6.019040566666666,1.7962416768381861,0
1792,nominal_satellite_with_news,satellite_news,0,1,0,1.0,20.08,20.08,1.0,315.58,315.58,0,0,2,0,0,29.613440266666665,2.794013734482083,1
1793,high_low_satellite_false_alarm,mixed_confidence,2,0,1,1.0,52.916666666666664,72.96,1.0,342.65333333333336,375.1,1,0,0,0,0,18.423396516666667,1.5200347392015552,0
1794,nominal_satellite_false_heat_source,satellite_only,0,2,0,1.0,36.97,46.66,1.0,309.35,321.5,0,0,0,0,0,8.256550983333334,0.2736760315463777,0
1795,low_confidence_satellite_noise,satellite_only,3,0,0,0.3333333333333333,35.09,35.09,0.0,0.0,0.0,0,0,0,0,0,4.566591833333334,2.5811624865960634,0
1796,multi_satellite_plus_multi_news,satellite_news,0,2,2,1.0,86.46,121.78,1.0,356.23,386.87,0,0,1,1,0,22.055864999999997,2.8213580613201814,1
1797,multi_confidence_persistent_real_fire,multi_satellite,3,1,0,0.75,67.32666666666667,95.72,1.0,349.60749999999996,374.22,1,0,0,0,0,44.7766887,2.8178154999347753,1
1798,news_rumor_no_fire,news_only,0,0,0,0.0,0.0,0.0,0.0,0.0,0.0,0,0,0,0,1,0.0,0.0,0
1799,mixed_confidence_non_fire_heat_source,mixed_confidence,3,0,1,0.75,20.97,38.29,0.5,342.3,361.13,0,0,0,0,0,8.7411592,1.6420133115430595,0
1800,nominal_satellite_false_heat_source,satellite_only,0,2,0,1.0,35.265,48.5,1.0,331.505,336.77,0,0,0,0,0,8.51732595,0.6422736723981753,0
1801,news_only_before_satellite,news_only,0,0,0,0.0,0.0,0.0,0.0,0.0,0.0,0,0,1,0,0,0.0,0.0,1
1802,mixed_confidence_satellite_real_fire,mixed_confidence,0,3,1,0.75,46.39333333333334,83.93,0.75,327.74,348.59,0,0,0,1,0,32.070301683333334,3.0968240849563586,1
1803,nominal_satellite_false_heat_source,satellite_only,0,1,0,1.0,38.45,38.45,1.0,298.02,298.02,0,0,0,0,0,0.0,0.0,0
1804,mixed_confidence_satellite_real_fire,mixed_confidence,1,1,2,0.25,10.63,10.63,1.0,354.6275,373.06,0,0,0,0,0,20.393909633333333,2.9114610075351104,1
1805,multi_satellite_real_fire,multi_satellite,0,4,0,0.75,61.53,80.72,1.0,318.0425,338.47,0,0,0,0,0,14.276764183333334,1.134113137458191,1
1806,satellite_only_before_news,satellite_only,0,1,1,1.0,69.2,76.52,0.5,341.18,341.18,0,0,0,0,0,2.25010405,0.5865172188798878,1
1807,high_confidence_satellite_with_news,satellite_news,0,0,3,0.3333333333333333,46.94,46.94,1.0,338.1933333333333,377.34,0,0,1,1,0,14.476771733333333,2.376033673187215,1
1808,news_only_before_satellite,news_only,0,0,0,0.0,0.0,0.0,0.0,0.0,0.0,0,0,0,0,1,0.0,0.0,1
1809,multi_satellite_real_fire,multi_satellite,0,2,1,0.3333333333333333,80.72,80.72,0.6666666666666666,356.84000000000003,374.55,0,0,0,0,0,22.92484676666667,1.74252722988789,1
1810,persistent_non_wildfire_heat_source,multi_satellite,1,2,0,1.0,45.406666666666666,68.72,0.6666666666666666,322.71000000000004,331.12,0,0,0,0,0,11.079484983333334,1.2883731836501089,0
1811,multi_satellite_real_fire,multi_satellite,0,4,0,1.0,65.555,114.11,0.75,339.57,354.16,0,0,0,0,0,39.605605016666665,1.638760527919451,1
1812,multiple_news_same_false_alarm,news_only,0,0,0,0.0,0.0,0.0,0.0,0.0,0.0,1,3,0,0,0,29.530427066666668,0.734007402268539,0
1813,multi_satellite_real_fire,multi_satellite,0,3,1,0.75,50.913333333333334,89.99,1.0,352.82,378.98,0,0,0,0,0,28.642538366666667,2.387309145517081,1
1814,correlated_satellite_news_false_alarm,satellite_news,0,2,0,1.0,46.355000000000004,46.93,1.0,318.615,326.85,0,0,1,0,0,12.756759149999999,3.244313501873629,0
1815,nominal_satellite_false_heat_source,satellite_only,0,1,0,1.0,16.13,16.13,0.0,0.0,0.0,0,0,0,0,0,0.0,0.0,0
1816,multi_confidence_persistent_real_fire,multi_satellite,0,2,3,0.8,74.03,110.66,1.0,328.02799999999996,376.91,2,0,0,0,0,42.694649600000005,3.26926766181102,1
1817,mixed_satellite_with_false_news,mixed_confidence,0,1,1,1.0,44.655,69.16,0.5,356.22,356.22,0,1,1,0,0,20.825713599999997,3.5578729224077548,0
1818,multi_confidence_persistent_real_fire,multi_satellite,2,2,0,0.75,65.30333333333333,76.57,0.75,329.69666666666666,349.6,0,0,1,1,0,35.869969399999995,1.989331636623338,1
1819,satellite_only_before_news,satellite_only,0,1,1,1.0,25.6,31.03,1.0,330.84000000000003,342.24,0,0,0,0,0,4.144308583333333,1.1838361673227082,1
1820,high_confidence_satellite_false_positive,satellite_only,0,0,1,1.0,111.45,111.45,0.0,0.0,0.0,0,0,0,0,0,0.0,0.0,0
1821,high_low_satellite_false_alarm,mixed_confidence,1,0,2,0.6666666666666666,43.83,45.84,0.6666666666666666,314.9,320.33,0,0,0,0,0,20.616241566666666,2.348994810073621,0
1822,high_confidence_satellite_with_news,satellite_news,0,0,2,1.0,93.61500000000001,124.23,0.5,354.3,354.3,0,0,1,0,0,17.29658196666667,0.5802454926977717,1
1823,multi_satellite_plus_multi_news,satellite_news,0,2,2,1.0,69.95,99.09,0.75,333.56,360.1,0,0,2,0,0,45.59383201666667,1.5544471628440029,1
1824,nominal_satellite_false_heat_source,satellite_only,0,2,0,0.5,39.27,39.27,0.5,311.02,311.02,0,0,0,0,0,4.28121365,0.6910079100803206,0
1825,multi_satellite_real_fire,multi_satellite,0,3,0,1.0,76.43,90.33,1.0,351.6566666666667,375.31,0,0,0,0,0,19.135213533333335,3.5572405771451234,1
1826,mixed_confidence_satellite_real_fire,mixed_confidence,3,1,0,1.0,88.57,109.65,0.75,330.71999999999997,379.88,1,0,0,1,0,13.700972833333333,1.058122072885953,1
1827,multi_satellite_real_fire,multi_satellite,0,3,0,1.0,50.196666666666665,66.0,1.0,353.46999999999997,374.31,0,0,0,0,0,17.434480233333332,1.738286453895061,1
1828,multi_satellite_real_fire,multi_satellite,0,1,1,0.5,75.68,75.68,0.5,340.59,340.59,0,0,0,0,0,27.165615016666667,1.8893183757817034,1
1829,nominal_satellite_false_heat_source,satellite_only,0,1,0,1.0,10.1,10.1,0.0,0.0,0.0,0,0,0,0,0,0.0,0.0,0
1830,news_rumor_no_fire,news_only,0,0,0,0.0,0.0,0.0,0.0,0.0,0.0,1,0,0,0,0,0.0,0.0,0
1831,multiple_news_same_false_alarm,news_only,0,0,0,0.0,0.0,0.0,0.0,0.0,0.0,0,1,1,0,0,24.192423866666665,0.22731831108097972,0
1832,news_rumor_no_fire,news_only,0,0,0,0.0,0.0,0.0,0.0,0.0,0.0,0,0,0,0,1,0.0,0.0,0
1833,high_low_satellite_with_news_real_fire,mixed_confidence,1,0,2,0.6666666666666666,29.62,34.63,1.0,329.40000000000003,345.25,0,0,1,0,0,11.715903333333333,2.6157096015138994,1
1834,multi_satellite_real_fire,multi_satellite,0,1,1,1.0,82.115,101.61,1.0,339.975,373.13,0,0,0,0,0,6.0977394333333335,1.085048461162574,1
1835,nominal_satellite_with_news,satellite_news,0,2,0,1.0,19.740000000000002,23.22,0.5,324.66,324.66,0,0,0,1,0,3.1038876833333333,1.7086597458741786,1
1836,high_low_satellite_with_news_real_fire,mixed_confidence,1,0,2,0.3333333333333333,114.56,114.56,0.6666666666666666,325.595,346.92,0,0,0,1,0,21.86894776666667,3.106132534416093,1
1837,nominal_satellite_with_news,satellite_news,0,1,0,1.0,25.4,25.4,1.0,334.55,334.55,0,0,2,0,0,5.164624483333333,1.8323676801587714,1
1838,persistent_non_wildfire_heat_source,multi_satellite,2,1,0,0.6666666666666666,46.93,65.84,1.0,335.2,355.15,0,0,0,0,0,4.446389583333333,2.6881880138277636,0
1839,high_low_satellite_with_news_real_fire,mixed_confidence,1,0,2,1.0,92.23,104.9,1.0,372.48,388.88,0,1,0,0,0,11.501560566666665,2.763336398523111,1
1840,correlated_satellite_news_false_alarm,satellite_news,0,2,0,0.0,0.0,0.0,0.5,326.66,326.66,0,0,1,0,0,9.7879048,3.2342554016050924,0
1841,low_confidence_satellite_noise,satellite_only,3,0,0,0.6666666666666666,25.455,34.69,0.3333333333333333,307.93,307.93,0,0,0,0,0,3.189523266666667,3.6187809844143097,0
1842,nominal_low_satellite_with_news_real_fire,mixed_confidence,2,1,0,1.0,30.110000000000003,61.27,1.0,354.19666666666666,367.26,0,1,1,0,0,28.85569495,2.5744606064332283,1
1843,high_low_satellite_with_news_real_fire,mixed_confidence,2,0,0,1.0,72.895,88.67,0.5,303.74,303.74,0,0,0,1,0,21.90997186666667,2.5751387030802735,1
1844,high_confidence_satellite_with_news,satellite_news,0,0,1,0.0,0.0,0.0,0.0,0.0,0.0,0,0,0,2,0,24.486317016666664,1.8778667203308128,1
1845,high_low_satellite_false_alarm,mixed_confidence,1,0,1,1.0,77.08500000000001,88.29,1.0,345.57500000000005,382.54,1,0,0,0,0,16.7159064,0.6472082382666713,0
1846,mixed_confidence_non_fire_heat_source,mixed_confidence,1,0,1,0.5,57.06,57.06,0.5,350.12,350.12,0,0,0,0,0,17.2283093,0.9551490848661782,0
1847,persistent_non_wildfire_heat_source,multi_satellite,2,1,0,0.6666666666666666,18.2,23.54,1.0,348.96000000000004,349.1,0,0,0,0,0,37.23028635,1.9136370449157232,0
1848,nominal_low_satellite_with_news_real_fire,mixed_confidence,3,0,0,0.6666666666666666,16.99,20.81,0.6666666666666666,327.69,339.26,0,0,1,0,0,24.192242983333333,1.251770138600665,1
1849,multi_satellite_real_fire,multi_satellite,0,2,0,1.0,54.97,86.34,0.5,373.27,373.27,0,0,0,0,0,3.89433385,1.1392578553227413,1
1850,multiple_news_same_false_alarm,news_only,0,0,0,0.0,0.0,0.0,0.0,0.0,0.0,3,0,1,0,0,29.813947983333332,1.0486879594633585,0
1851,high_low_satellite_with_news_real_fire,mixed_confidence,1,0,1,1.0,81.44999999999999,88.32,0.0,0.0,0.0,0,1,0,0,0,15.355725266666667,1.024072420603342,1
1852,mixed_satellite_with_false_news,mixed_confidence,0,2,1,1.0,51.28,54.35,1.0,327.92333333333335,358.33,0,2,0,0,0,24.160142783333335,3.2607844158042436,0
1853,correlated_satellite_news_false_alarm,satellite_news,1,1,0,1.0,24.525,32.71,1.0,326.615,335.37,0,0,1,0,0,9.337820266666666,1.3686536339785749,0
1854,multi_confidence_persistent_real_fire,multi_satellite,1,2,1,0.75,80.63333333333333,104.37,0.75,338.92333333333335,365.81,0,0,1,0,0,40.04805113333334,4.067896116298759,1
1855,high_low_satellite_with_news_real_fire,mixed_confidence,1,0,1,0.5,70.41,70.41,0.5,357.2,357.2,0,1,0,0,0,25.412649233333333,1.8515563192026943,1
1856,correlated_satellite_news_false_alarm,satellite_news,1,0,0,0.0,0.0,0.0,1.0,342.52,342.52,0,1,0,0,0,9.105869066666665,1.724134476793854,0
1857,persistent_non_wildfire_heat_source,multi_satellite,3,0,0,0.0,0.0,0.0,0.6666666666666666,305.695,312.21,0,0,0,0,0,18.501460766666664,1.893014568947496,0
1858,mixed_confidence_satellite_real_fire,mixed_confidence,1,1,2,0.75,52.406666666666666,97.99,1.0,318.8525000000001,374.41,0,0,0,1,0,31.837863066666667,2.4044138192170794,1
1859,nominal_satellite_with_news,satellite_news,0,1,0,1.0,71.68,71.68,1.0,317.06,317.06,0,0,1,1,0,26.483939833333334,1.9280111703274938,1
1860,mixed_confidence_non_fire_heat_source,mixed_confidence,2,1,1,0.25,74.89,74.89,0.75,328.42,332.86,0,0,0,0,0,8.38392125,2.393852971735829,0
1861,mixed_satellite_with_false_news,mixed_confidence,0,1,2,1.0,33.95666666666667,41.61,0.6666666666666666,344.595,357.63,2,0,0,0,0,23.793888283333334,2.133784185492041,0
1862,nominal_satellite_with_news,satellite_news,0,1,0,1.0,41.73,41.73,1.0,349.94,349.94,0,0,1,1,0,23.21967181666667,1.8074317107494344,1
1863,mixed_confidence_non_fire_heat_source,mixed_confidence,2,0,2,0.75,53.72666666666667,82.23,0.75,308.50333333333333,318.46,0,0,0,0,0,4.7944895333333335,1.400674477840751,0
1864,high_low_satellite_with_news_real_fire,mixed_confidence,2,0,1,0.6666666666666666,101.485,103.07,0.6666666666666666,353.15999999999997,355.44,0,0,1,0,0,25.651135733333334,1.0087684042703964,1
1865,multiple_news_same_false_alarm,news_only,0,0,0,0.0,0.0,0.0,0.0,0.0,0.0,2,0,0,0,0,12.796483733333334,1.1133105373276222,0
1866,news_rumor_no_fire,news_only,0,0,0,0.0,0.0,0.0,0.0,0.0,0.0,0,1,0,0,0,0.0,0.0,0
1867,mixed_confidence_satellite_real_fire,mixed_confidence,1,2,0,0.3333333333333333,56.89,56.89,1.0,336.13,350.1,0,1,1,0,0,36.015004,3.3665139854607067,1
1868,news_rumor_no_fire,news_only,0,0,0,0.0,0.0,0.0,0.0,0.0,0.0,0,0,0,0,1,0.0,0.0,0
1869,multi_satellite_plus_multi_news,satellite_news,0,0,2,0.0,0.0,0.0,1.0,349.21500000000003,364.07,0,0,1,2,0,32.5834067,2.4655010853683845,1
1870,nominal_satellite_false_heat_source,satellite_only,0,2,0,1.0,36.675,37.61,0.5,295.35,295.35,0,0,0,0,0,2.181154116666667,0.2731147102865958,0
1871,nominal_low_satellite_with_news_real_fire,mixed_confidence,1,1,0,0.5,52.74,52.74,0.5,304.64,304.64,0,1,0,0,0,10.102078383333332,2.1820543024008754,1
1872,mixed_confidence_non_fire_heat_source,mixed_confidence,0,1,1,1.0,24.71,26.81,0.0,0.0,0.0,0,0,0,0,0,9.32519785,2.0833643240124147,0
1873,persistent_non_wildfire_heat_source,multi_satellite,0,3,0,1.0,46.42666666666667,55.55,0.0,0.0,0.0,0,0,0,0,0,29.9355893,2.313156043188818,0
1874,nominal_low_satellite_with_news_real_fire,mixed_confidence,1,2,0,1.0,62.34,86.9,1.0,328.17333333333335,346.99,0,0,2,0,0,26.555765016666665,1.976449336608645,1
1875,news_rumor_no_fire,news_only,0,0,0,0.0,0.0,0.0,0.0,0.0,0.0,0,0,1,0,0,0.0,0.0,0
1876,high_low_satellite_with_news_real_fire,mixed_confidence,1,0,1,1.0,91.745,105.76,1.0,354.35,379.61,0,0,0,1,0,9.222120333333333,1.617241473012446,1
1877,satellite_only_before_news,satellite_only,0,0,1,1.0,22.18,22.18,1.0,368.31,368.31,0,0,0,0,0,0.0,0.0,1
1878,multi_confidence_persistent_real_fire,multi_satellite,2,2,0,1.0,107.7425,111.3,0.75,345.82,364.76,0,0,0,0,0,41.0864683,3.7196096810516552,1
1879,satellite_only_before_news,satellite_only,0,1,0,0.0,0.0,0.0,1.0,327.79,327.79,0,0,0,0,0,0.0,0.0,1
1880,persistent_non_wildfire_heat_source,multi_satellite,1,3,0,1.0,56.2275,61.78,0.75,334.1166666666667,355.52,0,0,0,0,0,22.114945916666667,1.640296318890198,0
1881,satellite_only_before_news,satellite_only,0,1,1,0.5,99.64,99.64,0.5,363.69,363.69,0,0,0,0,0,3.21829265,0.512794992629154,1
1882,news_only_before_satellite,news_only,0,0,0,0.0,0.0,0.0,0.0,0.0,0.0,0,1,1,0,0,15.729287633333334,0.5123319560908941,1
1883,mixed_confidence_non_fire_heat_source,mixed_confidence,0,3,1,0.75,78.97333333333334,104.19,0.75,333.09666666666664,352.7,0,0,0,0,0,21.623229916666666,2.2702732238847307,0
1884,nominal_satellite_with_news,satellite_news,0,1,0,1.0,75.43,75.43,0.0,0.0,0.0,0,1,1,0,0,21.145942183333332,2.0426892262890433,1
1885,high_confidence_satellite_false_positive,satellite_only,0,0,1,1.0,106.74,106.74,0.0,0.0,0.0,0,0,0,0,0,0.0,0.0,0
1886,news_rumor_no_fire,news_only,0,0,0,0.0,0.0,0.0,0.0,0.0,0.0,0,0,1,0,0,0.0,0.0,0
1887,mixed_confidence_satellite_real_fire,mixed_confidence,0,2,1,1.0,69.30333333333334,106.18,1.0,327.61999999999995,370.94,0,0,1,1,0,38.194937849999995,2.025327947059788,1
1888,multi_satellite_plus_multi_news,satellite_news,0,0,2,1.0,81.16,94.37,1.0,347.075,383.08,0,0,0,3,0,44.051155333333334,2.3015915483192173,1
1889,low_confidence_satellite_noise,satellite_only,2,0,0,1.0,21.925,38.85,1.0,313.41999999999996,328.06,0,0,0,0,0,22.86703665,1.6531026260800266,0
1890,mixed_satellite_with_false_news,mixed_confidence,0,1,2,1.0,58.70666666666667,97.31,0.6666666666666666,348.345,364.86,1,0,1,0,0,28.854525233333334,2.331146368727097,0
1891,mixed_satellite_with_false_news,mixed_confidence,1,0,0,1.0,51.44,51.44,0.0,0.0,0.0,1,0,0,0,0,9.249416933333332,1.6768693036630917,0
1892,correlated_satellite_news_false_alarm,satellite_news,1,1,0,0.5,32.85,32.85,0.5,329.57,329.57,0,1,1,0,0,27.5347516,2.8208814904998394,0
1893,correlated_satellite_news_false_alarm,satellite_news,1,1,0,0.5,44.2,44.2,0.5,335.41,335.41,0,0,2,0,0,11.906724133333334,1.9959671658764595,0
1894,nominal_low_satellite_with_news_real_fire,mixed_confidence,1,1,0,0.5,87.99,87.99,0.0,0.0,0.0,0,1,1,0,0,14.633546866666668,2.6058246860983227,1
1895,low_confidence_satellite_noise,satellite_only,1,0,0,1.0,27.09,27.09,0.0,0.0,0.0,0,0,0,0,0,0.0,0.0,0
1896,nominal_satellite_false_heat_source,satellite_only,0,2,0,0.5,49.37,49.37,1.0,322.25,339.25,0,0,0,0,0,3.1339088333333334,0.915728074467311,0
1897,low_confidence_satellite_noise,satellite_only,3,0,0,0.3333333333333333,13.46,13.46,0.3333333333333333,321.2,321.2,0,0,0,0,0,8.842052633333333,1.1973573393565333,0
1898,multiple_news_same_false_alarm,news_only,0,0,0,0.0,0.0,0.0,0.0,0.0,0.0,0,0,2,0,0,27.18483405,0.5568681476973558,0
1899,high_low_satellite_false_alarm,mixed_confidence,1,0,2,0.6666666666666666,82.535,117.47,1.0,362.7,374.5,0,0,0,0,0,10.800863399999999,1.4346801620815126,0
1900,correlated_satellite_news_false_alarm,satellite_news,0,2,0,0.5,14.72,14.72,0.0,0.0,0.0,0,1,1,0,0,19.219325916666666,1.4586104733416287,0
1901,low_confidence_satellite_noise,satellite_only,2,0,0,0.5,29.25,29.25,1.0,302.40999999999997,305.09,0,0,0,0,0,4.011670266666667,3.00671454619428,0
1902,mixed_satellite_with_false_news,mixed_confidence,1,0,0,0.0,0.0,0.0,1.0,359.4,359.4,0,1,0,0,0,15.853875616666667,1.9848879057844544,0
1903,nominal_low_satellite_with_news_real_fire,mixed_confidence,2,0,0,1.0,21.84,26.97,0.5,353.02,353.02,0,0,1,0,0,22.03902235,2.7437834584951197,1
1904,multi_confidence_persistent_real_fire,multi_satellite,1,2,2,0.8,70.39999999999999,98.46,1.0,350.82399999999996,364.93,0,0,0,0,0,48.424157199999996,1.442102054883062,1
1905,high_low_satellite_false_alarm,mixed_confidence,0,0,2,1.0,98.68,105.76,1.0,350.515,384.9,1,0,0,0,0,4.5046022,1.0139560059782633,0
1906,high_low_satellite_false_alarm,mixed_confidence,1,0,1,0.5,82.35,82.35,1.0,335.72,358.42,0,1,0,0,0,19.721260833333336,0.776020155623923,0
1907,persistent_non_wildfire_heat_source,multi_satellite,2,1,0,1.0,68.48666666666666,82.63,0.6666666666666666,341.21500000000003,342.17,0,0,0,0,0,29.48893298333333,3.439560022483077,0
1908,persistent_non_wildfire_heat_source,multi_satellite,1,2,0,0.6666666666666666,14.379999999999999,16.61,0.6666666666666666,349.68,353.92,0,0,0,0,0,24.982227883333334,2.499199217245253,0
1909,multiple_news_same_false_alarm,news_only,0,0,0,0.0,0.0,0.0,0.0,0.0,0.0,1,1,0,0,0,5.361967483333333,0.17751545975882085,0
1910,mixed_confidence_satellite_real_fire,mixed_confidence,2,0,0,0.5,102.14,102.14,1.0,326.645,340.67,0,1,1,0,0,37.11720943333333,2.48325622703557,1
1911,mixed_confidence_satellite_real_fire,mixed_confidence,0,2,1,1.0,52.32666666666666,78.46,0.6666666666666666,362.08500000000004,365.73,1,0,0,0,0,25.464043833333335,3.8440375206377344,1
1912,high_low_satellite_with_news_real_fire,mixed_confidence,1,0,2,1.0,74.68333333333334,102.13,1.0,339.77666666666664,370.84,0,0,0,1,0,19.326496366666667,2.599368793612779,1
1913,multi_satellite_plus_multi_news,satellite_news,0,1,1,1.0,32.46,39.91,1.0,356.15999999999997,387.52,0,0,1,2,0,21.41512685,3.30541182786234,1
1914,high_low_satellite_false_alarm,mixed_confidence,1,0,1,1.0,36.57,46.2,0.5,370.59,370.59,0,0,0,0,0,8.564564149999999,0.605187151950906,0
1915,news_rumor_no_fire,news_only,0,0,0,0.0,0.0,0.0,0.0,0.0,0.0,0,0,0,0,1,0.0,0.0,0
1916,mixed_confidence_satellite_real_fire,mixed_confidence,0,2,2,0.75,53.76666666666667,84.59,0.75,346.9533333333334,358.86,1,0,0,0,0,38.76178948333334,1.9311533465067185,1
1917,multi_confidence_persistent_real_fire,multi_satellite,0,4,1,0.6,50.71666666666667,72.45,0.8,354.9475,376.12,0,0,0,0,0,45.330145349999995,2.7459714316367716,1
1918,high_low_satellite_false_alarm,mixed_confidence,2,0,1,0.6666666666666666,65.265,75.25,0.6666666666666666,333.69,358.7,0,0,0,0,0,5.2146899499999995,2.7100856301391643,0
1919,high_low_satellite_with_news_real_fire,mixed_confidence,1,0,1,1.0,67.62,84.48,0.5,301.57,301.57,0,0,1,1,0,30.731800233333335,1.2808969496184173,1
1920,low_confidence_satellite_noise,satellite_only,3,0,0,0.3333333333333333,20.99,20.99,0.3333333333333333,295.85,295.85,0,0,0,0,0,11.511090216666666,2.6627073737701155,0
1921,mixed_confidence_satellite_real_fire,mixed_confidence,1,2,0,1.0,70.25333333333333,75.69,1.0,345.41333333333336,360.35,0,0,0,0,0,27.927562983333335,1.9237879091381749,1
1922,persistent_non_wildfire_heat_source,multi_satellite,3,1,0,0.5,81.155,83.94,1.0,312.12,323.22,0,0,0,0,0,48.1195066,2.590747936405791,0
1923,high_low_satellite_with_news_real_fire,mixed_confidence,2,0,1,1.0,59.37,88.71,0.3333333333333333,343.75,343.75,0,2,0,0,0,24.296976916666665,2.515242842013134,1
1924,nominal_satellite_false_heat_source,satellite_only,0,2,0,0.5,32.7,32.7,1.0,323.43,328.17,0,0,0,0,0,5.876412516666666,0.6838751931435735,0
1925,satellite_only_before_news,satellite_only,0,1,0,1.0,72.03,72.03,1.0,320.47,320.47,0,0,0,0,0,0.0,0.0,1
1926,nominal_satellite_false_heat_source,satellite_only,0,2,0,0.5,46.19,46.19,1.0,330.745,331.41,0,0,0,0,0,2.8725314666666666,0.9547706711123807,0
1927,mixed_confidence_satellite_real_fire,mixed_confidence,1,0,1,0.5,30.96,30.96,0.5,325.89,325.89,0,0,0,0,0,11.48338485,1.3831537541138028,1
1928,nominal_low_satellite_with_news_real_fire,mixed_confidence,1,1,0,0.0,0.0,0.0,1.0,320.93,331.64,0,1,0,0,0,16.2292429,1.9657062239885703,1
1929,nominal_satellite_false_heat_source,satellite_only,0,1,0,1.0,29.66,29.66,1.0,330.69,330.69,0,0,0,0,0,0.0,0.0,0
1930,mixed_confidence_satellite_real_fire,mixed_confidence,0,3,0,0.6666666666666666,61.085,66.76,0.3333333333333333,342.53,342.53,0,1,0,1,0,26.73125095,2.2405929068709707,1
1931,nominal_low_satellite_with_news_real_fire,mixed_confidence,1,1,0,1.0,59.375,60.21,0.5,367.75,367.75,0,2,0,0,0,19.222529683333335,2.5867449510252443,1
1932,low_confidence_satellite_noise,satellite_only,2,0,0,0.5,20.21,20.21,0.5,325.5,325.5,0,0,0,0,0,3.4871600333333332,0.8369900592766374,0
1933,high_low_satellite_false_alarm,mixed_confidence,2,0,0,1.0,95.465,104.07,0.5,317.08,317.08,0,0,0,0,0,11.8389072,1.1291367950855695,0
1934,high_confidence_satellite_with_news,satellite_news,0,0,1,1.0,79.72,79.72,1.0,366.67,366.67,0,0,0,1,0,6.736028366666667,2.2910628970897933,1
1935,high_low_satellite_with_news_real_fire,mixed_confidence,2,0,1,0.6666666666666666,63.825,93.44,0.0,0.0,0.0,0,0,0,1,0,29.165501983333336,1.7054051085859094,1
1936,multi_confidence_persistent_real_fire,multi_satellite,1,2,2,0.2,33.72,33.72,0.8,340.52250000000004,350.97,0,0,0,0,0,28.483172033333336,2.022516928907037,1
1937,news_only_before_satellite,news_only,0,0,0,0.0,0.0,0.0,0.0,0.0,0.0,0,1,0,0,1,6.7529674,0.2504500747268927,1
1938,high_confidence_satellite_false_positive,satellite_only,0,0,1,1.0,78.59,78.59,0.0,0.0,0.0,0,0,0,0,0,0.0,0.0,0
1939,multi_confidence_persistent_real_fire,multi_satellite,1,3,1,1.0,64.74799999999999,111.71,1.0,327.53200000000004,364.9,0,1,0,0,0,39.43422335,2.785789285491906,1
1940,nominal_satellite_with_news,satellite_news,0,1,0,0.0,0.0,0.0,1.0,311.85,311.85,0,0,1,1,0,37.82244565,2.0280557424140624,1
1941,multi_confidence_persistent_real_fire,multi_satellite,2,3,0,0.8,47.025000000000006,77.59,0.8,332.46999999999997,382.75,0,0,1,0,0,45.75267206666667,2.7213640815642184,1
1942,nominal_satellite_false_heat_source,satellite_only,0,1,0,1.0,10.42,10.42,1.0,335.05,335.05,0,0,0,0,0,0.0,0.0,0
1943,low_confidence_satellite_noise,satellite_only,1,0,0,1.0,9.39,9.39,1.0,315.14,315.14,0,0,0,0,0,0.0,0.0,0
1944,satellite_only_before_news,satellite_only,0,0,2,1.0,71.855,94.7,0.5,324.24,324.24,0,0,0,0,0,1.4130969833333333,1.5580584756533182,1
1945,multi_satellite_real_fire,multi_satellite,0,1,1,1.0,77.68,93.66,1.0,326.83,344.01,0,0,0,0,0,14.38267815,1.3058386683972107,1
1946,mixed_satellite_with_false_news,mixed_confidence,0,2,1,1.0,52.43333333333334,95.58,0.6666666666666666,334.22,350.43,0,1,0,0,0,21.189196916666667,2.5396149789550515,0
1947,nominal_satellite_with_news,satellite_news,0,1,0,1.0,47.8,47.8,1.0,302.6,302.6,0,1,0,0,0,14.486403216666668,1.7825107787461787,1
1948,news_only_before_satellite,news_only,0,0,0,0.0,0.0,0.0,0.0,0.0,0.0,0,1,0,0,0,0.0,0.0,1
1949,news_rumor_no_fire,news_only,0,0,0,0.0,0.0,0.0,0.0,0.0,0.0,0,0,0,0,1,0.0,0.0,0
1950,high_confidence_satellite_false_positive,satellite_only,0,0,1,0.0,0.0,0.0,1.0,360.56,360.56,0,0,0,0,0,0.0,0.0,0
1951,multi_satellite_plus_multi_news,satellite_news,0,0,4,0.75,48.11333333333334,68.29,1.0,340.245,371.66,0,0,1,2,0,32.6717528,2.922241848213516,1
1952,nominal_satellite_false_heat_source,satellite_only,0,1,0,1.0,13.77,13.77,1.0,314.71,314.71,0,0,0,0,0,0.0,0.0,0
1953,mixed_confidence_satellite_real_fire,mixed_confidence,1,0,1,1.0,72.38,106.47,0.5,309.52,309.52,1,0,0,0,0,35.70240031666666,2.2985201936910507,1
1954,mixed_confidence_satellite_real_fire,mixed_confidence,1,1,2,0.25,43.04,43.04,1.0,363.22749999999996,378.21,1,0,0,0,0,27.29312655,2.7111873000519036,1
1955,mixed_confidence_satellite_real_fire,mixed_confidence,1,1,0,1.0,68.10499999999999,98.74,1.0,357.56,364.96,0,0,1,0,0,36.01823456666667,2.365495269243052,1
1956,nominal_satellite_false_heat_source,satellite_only,0,1,0,0.0,0.0,0.0,1.0,330.34,330.34,0,0,0,0,0,0.0,0.0,0
1957,persistent_non_wildfire_heat_source,multi_satellite,2,1,0,1.0,78.32,81.69,0.6666666666666666,330.475,348.1,0,0,0,0,0,34.763838,1.7463104149012634,0
1958,high_low_satellite_false_alarm,mixed_confidence,1,0,1,0.5,119.09,119.09,0.5,347.15,347.15,1,0,0,0,0,18.916419783333332,2.288647638681186,0
1959,news_only_before_satellite,news_only,0,0,0,0.0,0.0,0.0,0.0,0.0,0.0,0,2,0,0,0,11.029078516666667,0.26178137782974065,1
1960,low_confidence_satellite_noise,satellite_only,3,0,0,1.0,9.99,14.37,0.3333333333333333,321.85,321.85,0,0,0,0,0,24.963863033333332,1.6478564142531187,0
1961,nominal_low_satellite_with_news_real_fire,mixed_confidence,0,2,0,1.0,48.974999999999994,52.76,1.0,329.255,340.33,0,1,1,0,0,17.256380566666667,3.2084329357107317,1
1962,multi_confidence_persistent_real_fire,multi_satellite,1,2,1,1.0,82.4325,105.75,0.5,332.15,343.66,0,1,0,1,0,45.275997233333335,2.685618623806755,1
1963,news_only_before_satellite,news_only,0,0,0,0.0,0.0,0.0,0.0,0.0,0.0,0,1,0,0,1,19.570700733333336,1.0348630192563628,1
1964,high_confidence_satellite_with_news,satellite_news,0,0,2,0.5,136.1,136.1,1.0,380.565,386.2,0,0,0,1,0,13.521706716666667,3.0598323540608487,1
1965,high_low_satellite_false_alarm,mixed_confidence,1,0,2,0.6666666666666666,69.39,101.01,0.3333333333333333,310.53,310.53,0,0,0,0,0,12.862184966666666,2.6194015498471974,0
1966,high_confidence_satellite_with_news,satellite_news,0,0,2,0.5,88.61,88.61,1.0,386.16499999999996,388.81,0,0,2,0,0,23.154492983333334,2.2773057711516898,1
1967,multiple_news_same_false_alarm,news_only,0,0,0,0.0,0.0,0.0,0.0,0.0,0.0,0,3,1,0,0,26.650994233333332,1.0699055567280955,0
1968,nominal_satellite_with_news,satellite_news,0,2,0,0.5,32.68,32.68,0.5,336.85,336.85,0,0,2,0,0,24.04028406666667,2.578826349799305,1
1969,correlated_satellite_news_false_alarm,satellite_news,1,1,0,1.0,38.254999999999995,67.46,1.0,341.05499999999995,341.84,0,1,1,0,0,19.030453716666667,1.8125016308231001,0
1970,multiple_news_same_false_alarm,news_only,0,0,0,0.0,0.0,0.0,0.0,0.0,0.0,1,1,1,0,0,21.75564573333333,1.352165961957265,0
1971,high_low_satellite_with_news_real_fire,mixed_confidence,2,0,0,1.0,63.89,84.15,1.0,342.16,375.16,0,0,1,0,0,9.376189983333335,2.015430919911641,1
1972,multi_confidence_persistent_real_fire,multi_satellite,2,2,1,0.8,63.98250000000001,101.51,0.6,341.7366666666667,373.17,0,2,0,0,0,47.31172961666667,4.00482398165689,1
1973,mixed_confidence_non_fire_heat_source,mixed_confidence,1,0,1,1.0,57.69,66.14,1.0,334.53999999999996,372.33,0,0,0,0,0,6.108240783333333,0.5198267372712273,0
1974,mixed_confidence_non_fire_heat_source,mixed_confidence,1,2,1,0.5,53.215,57.63,1.0,342.81500000000005,373.16,0,0,0,0,0,10.650972233333333,2.2496212584283635,0
1975,multi_satellite_plus_multi_news,satellite_news,0,2,1,0.3333333333333333,69.33,69.33,1.0,332.99333333333334,347.73,0,0,0,3,0,35.388464633333335,3.296940832903101,1
1976,nominal_satellite_false_heat_source,satellite_only,0,2,0,1.0,34.95,43.37,1.0,321.70000000000005,324.91,0,0,0,0,0,2.4931788999999998,0.5376561617317638,0
1977,multi_satellite_plus_multi_news,satellite_news,0,2,0,1.0,55.099999999999994,64.52,1.0,333.39,356.58,0,0,0,2,0,18.3928954,2.525708315995375,1
1978,multi_satellite_plus_multi_news,satellite_news,0,1,2,1.0,74.39999999999999,87.55,1.0,340.1433333333334,387.13,0,0,1,1,0,18.265649583333335,3.562385199878572,1
1979,nominal_satellite_false_heat_source,satellite_only,0,1,0,1.0,58.77,58.77,0.0,0.0,0.0,0,0,0,0,0,0.0,0.0,0
1980,multi_satellite_plus_multi_news,satellite_news,0,3,0,1.0,77.80999999999999,86.71,1.0,360.3233333333333,389.48,0,0,0,2,0,32.11680771666666,2.2212148688663724,1
1981,nominal_satellite_with_news,satellite_news,0,1,0,1.0,50.22,50.22,1.0,301.75,301.75,0,0,1,1,0,14.539773616666668,1.7052391711822628,1
1982,high_confidence_satellite_false_positive,satellite_only,0,0,1,1.0,135.06,135.06,0.0,0.0,0.0,0,0,0,0,0,0.0,0.0,0
1983,multi_satellite_real_fire,multi_satellite,0,3,1,0.75,61.60666666666666,102.72,0.75,345.6833333333334,372.48,0,0,0,0,0,5.582077833333333,1.6632383577319174,1
1984,high_low_satellite_with_news_real_fire,mixed_confidence,2,0,0,1.0,116.00999999999999,129.6,1.0,368.555,369.88,0,1,0,0,0,28.518169049999997,2.0825061960799314,1
1985,high_low_satellite_false_alarm,mixed_confidence,1,0,1,1.0,51.045,72.54,0.5,306.56,306.56,1,0,0,0,0,11.944717133333334,2.254455450054466,0
1986,correlated_satellite_news_false_alarm,satellite_news,0,1,0,0.0,0.0,0.0,1.0,336.1,336.1,0,1,0,0,0,2.7877236,2.0933109980305455,0
1987,high_low_satellite_with_news_real_fire,mixed_confidence,2,0,0,1.0,97.59,110.89,1.0,334.96,360.64,0,0,1,1,0,18.987201016666667,2.8086865790636084,1
1988,multiple_news_same_false_alarm,news_only,0,0,0,0.0,0.0,0.0,0.0,0.0,0.0,1,1,2,0,0,22.206671833333335,0.9956993743695998,0
1989,nominal_satellite_false_heat_source,satellite_only,0,1,0,1.0,31.73,31.73,1.0,328.18,328.18,0,0,0,0,0,0.0,0.0,0
1990,news_only_before_satellite,news_only,0,0,0,0.0,0.0,0.0,0.0,0.0,0.0,0,0,0,0,1,0.0,0.0,1
1991,multiple_news_same_false_alarm,news_only,0,0,0,0.0,0.0,0.0,0.0,0.0,0.0,2,0,1,0,0,37.791201216666664,0.5296633772278683,0
1992,high_low_satellite_false_alarm,mixed_confidence,1,0,2,1.0,63.050000000000004,109.18,1.0,328.71333333333337,373.48,0,0,0,0,0,10.813224466666666,0.8907275789434527,0
1993,nominal_satellite_with_news,satellite_news,0,2,0,1.0,61.050000000000004,79.18,0.0,0.0,0.0,0,0,2,0,0,15.751122266666666,1.632291853452994,1
1994,high_confidence_satellite_with_news,satellite_news,0,0,2,1.0,119.56,132.83,0.5,390.76,390.76,0,0,1,0,0,18.001742999999998,2.0754406779133623,1
1995,low_confidence_satellite_noise,satellite_only,2,0,0,0.0,0.0,0.0,1.0,315.565,320.82,0,0,0,0,0,13.67336285,0.8016472990427308,0
1996,high_confidence_satellite_false_positive,satellite_only,0,0,1,0.0,0.0,0.0,1.0,338.22,338.22,0,0,0,0,0,0.0,0.0,0
1997,nominal_low_satellite_with_news_real_fire,mixed_confidence,0,2,0,1.0,45.58,50.66,1.0,315.75,316.39,0,0,1,0,0,14.941478083333333,1.2705550267970012,1
1998,satellite_only_before_news,satellite_only,0,1,1,1.0,36.54,54.21,1.0,319.265,335.31,0,0,0,0,0,7.081072783333334,1.8407861833356958,1
1999,news_only_before_satellite,news_only,0,0,0,0.0,0.0,0.0,0.0,0.0,0.0,0,0,1,0,0,0.0,0.0,1
2000,news_only_before_satellite,news_only,0,0,0,0.0,0.0,0.0,0.0,0.0,0.0,0,0,0,0,1,0.0,0.0,1
2001,high_confidence_satellite_with_news,satellite_news,0,0,2,0.0,0.0,0.0,1.0,338.56,346.15,0,0,1,0,0,6.519083166666666,1.539039112100025,1
2002,high_low_satellite_with_news_real_fire,mixed_confidence,1,0,1,0.5,29.91,29.91,0.5,334.58,334.58,0,0,1,1,0,20.384252666666665,2.1538977593496815,1
2003,high_low_satellite_with_news_real_fire,mixed_confidence,1,0,1,1.0,61.555,83.05,1.0,333.93,359.36,0,0,0,1,0,17.747395833333332,3.2690080284116108,1
2004,high_confidence_satellite_false_positive,satellite_only,0,0,1,0.0,0.0,0.0,0.0,0.0,0.0,0,0,0,0,0,0.0,0.0,0
2005,multi_satellite_plus_multi_news,satellite_news,0,1,2,1.0,86.82,118.3,0.6666666666666666,363.455,381.28,0,0,2,1,0,36.76996391666667,3.031166136178847,1
2006,high_low_satellite_with_news_real_fire,mixed_confidence,1,0,1,0.5,88.47,88.47,0.5,340.95,340.95,0,1,0,0,0,29.972639833333336,1.949250011053466,1
2007,news_rumor_no_fire,news_only,0,0,0,0.0,0.0,0.0,0.0,0.0,0.0,1,0,0,0,0,0.0,0.0,0
2008,news_only_before_satellite,news_only,0,0,0,0.0,0.0,0.0,0.0,0.0,0.0,0,1,0,0,0,0.0,0.0,1
2009,multi_confidence_persistent_real_fire,multi_satellite,1,2,1,0.75,72.67333333333333,107.82,0.75,362.32666666666665,370.43,0,1,0,0,0,26.87062543333333,3.013127711830217,1
2010,news_rumor_no_fire,news_only,0,0,0,0.0,0.0,0.0,0.0,0.0,0.0,0,0,0,1,0,0.0,0.0,0
2011,multi_confidence_persistent_real_fire,multi_satellite,0,1,3,1.0,89.245,106.59,1.0,355.75,383.14,0,0,0,1,0,30.410999633333333,2.207097846324497,1
2012,high_low_satellite_false_alarm,mixed_confidence,3,0,0,0.6666666666666666,74.745,87.58,1.0,363.99,384.57,0,0,0,0,0,4.966042166666667,2.0713970625095133,0
2013,satellite_only_before_news,satellite_only,0,1,1,1.0,88.28999999999999,98.49,0.5,365.68,365.68,0,0,0,0,0,9.3049754,1.274898685393098,1
2014,high_low_satellite_false_alarm,mixed_confidence,1,0,2,1.0,42.73,66.67,1.0,337.0733333333333,365.56,0,0,0,0,0,14.953008416666668,2.7907351945482124,0
2015,multiple_news_same_false_alarm,news_only,0,0,0,0.0,0.0,0.0,0.0,0.0,0.0,0,1,1,0,0,26.089244816666668,1.1044257354289895,0
2016,high_confidence_satellite_false_positive,satellite_only,0,0,1,0.0,0.0,0.0,1.0,310.11,310.11,0,0,0,0,0,0.0,0.0,0
2017,news_rumor_no_fire,news_only,0,0,0,0.0,0.0,0.0,0.0,0.0,0.0,0,0,0,1,0,0.0,0.0,0
2018,nominal_satellite_with_news,satellite_news,0,2,0,1.0,49.8,79.5,1.0,330.175,336.49,0,1,1,0,0,17.949274166666665,3.172798163312993,1
2019,nominal_satellite_with_news,satellite_news,0,1,0,0.0,0.0,0.0,1.0,357.5,357.5,0,0,0,2,0,16.59127025,1.6251927762803446,1
2020,mixed_satellite_with_false_news,mixed_confidence,0,1,0,1.0,39.95,39.95,0.0,0.0,0.0,0,1,0,0,0,3.02726115,1.1310164045902624,0
2021,low_confidence_satellite_noise,satellite_only,1,0,0,1.0,34.55,34.55,1.0,317.15,317.15,0,0,0,0,0,0.0,0.0,0
2022,high_low_satellite_with_news_real_fire,mixed_confidence,2,0,1,1.0,62.080000000000005,83.84,1.0,332.3733333333334,368.12,0,1,0,0,0,23.57189765,1.3987270917444237,1
2023,high_confidence_satellite_false_positive,satellite_only,0,0,1,1.0,48.26,48.26,1.0,373.07,373.07,0,0,0,0,0,0.0,0.0,0
2024,high_confidence_satellite_with_news,satellite_news,0,0,1,1.0,58.7,58.7,1.0,394.79,394.79,0,0,1,0,0,21.169554,0.894478832649261,1
2025,correlated_satellite_news_false_alarm,satellite_news,2,0,0,1.0,65.11,68.61,1.0,297.58,298.4,0,2,0,0,0,16.335643883333333,1.4823423625254066,0
2026,mixed_confidence_non_fire_heat_source,mixed_confidence,2,1,0,0.3333333333333333,101.56,101.56,0.3333333333333333,363.66,363.66,0,0,0,0,0,6.94152275,0.6523019649636428,0
2027,multi_satellite_real_fire,multi_satellite,0,1,3,0.5,78.725,84.26,1.0,330.725,355.71,0,0,0,0,0,44.703883016666666,2.7627148829676687,1
2028,mixed_confidence_non_fire_heat_source,mixed_confidence,1,1,0,1.0,60.355,97.07,1.0,330.115,333.81,0,0,0,0,0,18.141120750000002,0.8002393400506941,0
2029,high_low_satellite_false_alarm,mixed_confidence,0,0,3,1.0,38.42,54.29,1.0,351.1566666666667,353.73,0,1,0,0,0,8.014188866666666,1.1405012766448628,0
2030,high_low_satellite_with_news_real_fire,mixed_confidence,0,0,2,1.0,81.805,97.02,0.5,323.31,323.31,0,1,1,0,0,15.737673983333334,3.059773772972119,1
2031,correlated_satellite_news_false_alarm,satellite_news,1,0,0,1.0,41.38,41.38,0.0,0.0,0.0,0,1,0,0,0,15.235767916666667,0.8230349224082184,0
2032,mixed_satellite_with_false_news,mixed_confidence,0,0,1,1.0,34.64,34.64,0.0,0.0,0.0,1,0,0,0,0,17.052081066666666,0.6388581222050981,0
2033,news_rumor_no_fire,news_only,0,0,0,0.0,0.0,0.0,0.0,0.0,0.0,1,0,0,0,0,0.0,0.0,0
2034,multi_satellite_real_fire,multi_satellite,0,1,1,1.0,43.980000000000004,44.76,1.0,339.635,355.3,0,0,0,0,0,26.009492266666665,2.936725693201713,1
2035,nominal_low_satellite_with_news_real_fire,mixed_confidence,1,1,0,1.0,18.435,22.93,1.0,327.59000000000003,335.6,0,1,0,0,0,23.68143965,0.7434075167151046,1
2036,nominal_low_satellite_with_news_real_fire,mixed_confidence,2,1,0,0.3333333333333333,21.68,21.68,0.6666666666666666,344.655,362.35,0,1,1,0,0,28.995841050000003,1.7763395825822188,1
2037,high_low_satellite_false_alarm,mixed_confidence,2,0,1,0.6666666666666666,97.855,111.93,0.3333333333333333,376.28,376.28,1,0,0,0,0,15.331706016666667,1.806237793262898,0
2038,nominal_satellite_with_news,satellite_news,0,1,0,1.0,68.17,68.17,0.0,0.0,0.0,0,1,1,0,0,4.8640885166666665,1.5598059750899236,1
2039,nominal_satellite_false_heat_source,satellite_only,0,2,0,1.0,31.48,39.03,0.0,0.0,0.0,0,0,0,0,0,3.5095902166666666,0.8017915606594659,0
2040,high_low_satellite_with_news_real_fire,mixed_confidence,1,0,1,0.5,45.53,45.53,1.0,362.02,374.07,0,0,0,1,0,17.177254433333335,1.6684414510457228,1
2041,high_low_satellite_false_alarm,mixed_confidence,2,0,1,1.0,52.26,77.42,0.6666666666666666,351.28999999999996,367.19,1,0,0,0,0,6.609345633333334,2.6263366752944264,0
2042,satellite_only_before_news,satellite_only,0,0,2,0.5,61.72,61.72,0.5,357.7,357.7,0,0,0,0,0,0.8474407833333333,1.0303595945656125,1
2043,persistent_non_wildfire_heat_source,multi_satellite,1,2,0,0.3333333333333333,67.95,67.95,1.0,340.6433333333333,359.53,0,0,0,0,0,29.9184605,1.6176169194749521,0
2044,mixed_confidence_satellite_real_fire,mixed_confidence,2,0,2,0.75,43.47,51.03,1.0,351.66999999999996,361.0,0,0,0,0,0,30.09384515,1.0360316688818938,1
2045,nominal_satellite_with_news,satellite_news,0,1,0,1.0,50.46,50.46,1.0,330.17,330.17,0,0,1,0,0,11.621268266666668,1.8070074687842115,1
2046,low_confidence_satellite_noise,satellite_only,2,0,0,0.0,0.0,0.0,0.5,311.8,311.8,0,0,0,0,0,22.88472558333333,1.4211378888817423,0
2047,multiple_news_same_false_alarm,news_only,0,0,0,0.0,0.0,0.0,0.0,0.0,0.0,2,0,2,0,0,30.48559968333333,1.4451080860433732,0
2048,high_low_satellite_with_news_real_fire,mixed_confidence,2,0,0,1.0,97.83500000000001,112.39,0.5,316.36,316.36,0,1,1,0,0,15.2406673,1.696039476737958,1
2049,mixed_confidence_non_fire_heat_source,mixed_confidence,2,1,1,1.0,80.14750000000001,103.78,0.75,336.1433333333334,368.63,0,0,0,0,0,15.129528366666667,2.1436661224798748,0
2050,low_confidence_satellite_noise,satellite_only,3,0,0,0.3333333333333333,15.81,15.81,0.6666666666666666,298.68,303.6,0,0,0,0,0,22.896317333333332,2.710772591575627,0
2051,multiple_news_same_false_alarm,news_only,0,0,0,0.0,0.0,0.0,0.0,0.0,0.0,2,2,0,0,0,35.275492783333334,0.9182227659972572,0
2052,news_only_before_satellite,news_only,0,0,0,0.0,0.0,0.0,0.0,0.0,0.0,0,2,0,0,0,8.538394033333333,1.1796566311829912,1
2053,mixed_confidence_non_fire_heat_source,mixed_confidence,0,0,2,0.5,106.27,106.27,0.5,318.23,318.23,0,0,0,0,0,19.022230516666664,0.8648322108294355,0
2054,nominal_satellite_with_news,satellite_news,0,2,0,0.5,62.9,62.9,0.5,345.31,345.31,0,0,1,1,0,34.1212868,2.5475865987182966,1
2055,multi_satellite_plus_multi_news,satellite_news,0,3,1,1.0,57.8225,112.91,0.75,386.67333333333335,387.6,0,0,1,1,0,36.59953755,2.8273054492618224,1
2056,nominal_satellite_false_heat_source,satellite_only,0,1,0,1.0,48.3,48.3,1.0,297.16,297.16,0,0,0,0,0,0.0,0.0,0
2057,multi_satellite_plus_multi_news,satellite_news,0,1,2,0.6666666666666666,68.805,97.66,1.0,366.34999999999997,375.77,0,0,0,3,0,38.23960566666666,3.8763850839384197,1
2058,correlated_satellite_news_false_alarm,satellite_news,0,1,0,1.0,20.37,20.37,1.0,324.92,324.92,0,1,1,0,0,5.986757066666667,1.06956360227895,0
2059,nominal_low_satellite_with_news_real_fire,mixed_confidence,2,0,0,1.0,54.705,73.12,1.0,312.97,317.66,0,1,0,0,0,13.783969933333333,1.473979991689191,1
2060,news_only_before_satellite,news_only,0,0,0,0.0,0.0,0.0,0.0,0.0,0.0,0,1,0,0,0,0.0,0.0,1
2061,mixed_confidence_non_fire_heat_source,mixed_confidence,1,0,1,1.0,83.82,93.89,0.0,0.0,0.0,0,0,0,0,0,4.5643731,1.1177612143131348,0
2062,mixed_confidence_satellite_real_fire,mixed_confidence,1,0,1,0.5,106.86,106.86,1.0,349.74,356.61,0,0,0,0,0,13.498226766666667,2.5547923895327718,1
2063,mixed_satellite_with_false_news,mixed_confidence,0,0,1,1.0,28.97,28.97,1.0,319.03,319.03,0,0,1,0,0,18.191245416666668,0.3968723721322782,0
2064,multi_satellite_plus_multi_news,satellite_news,0,0,2,1.0,75.47,94.24,1.0,336.525,357.11,0,0,0,3,0,40.76163498333334,0.773685475628247,1
2065,mixed_confidence_non_fire_heat_source,mixed_confidence,0,2,1,0.6666666666666666,54.6,74.7,1.0,326.18666666666667,339.79,0,0,0,0,0,25.6157583,0.917504362323181,0
2066,satellite_only_before_news,satellite_only,0,0,1,1.0,82.85,82.85,1.0,363.67,363.67,0,0,0,0,0,0.0,0.0,1
2067,mixed_satellite_with_false_news,mixed_confidence,0,1,2,0.6666666666666666,66.74,69.69,1.0,332.67,349.8,1,0,1,0,0,15.5569961,3.1968464610086578,0
2068,news_rumor_no_fire,news_only,0,0,0,0.0,0.0,0.0,0.0,0.0,0.0,0,1,0,0,0,0.0,0.0,0
2069,persistent_non_wildfire_heat_source,multi_satellite,1,2,0,0.6666666666666666,54.255,70.37,0.6666666666666666,326.06500000000005,355.91,0,0,0,0,0,12.677678466666666,3.4952965971919845,0
2070,persistent_non_wildfire_heat_source,multi_satellite,2,0,0,1.0,49.004999999999995,76.11,1.0,322.335,331.34,0,0,0,0,0,11.230648366666665,3.183139677491784,0
2071,mixed_confidence_satellite_real_fire,mixed_confidence,1,0,1,0.5,52.52,52.52,1.0,372.485,376.18,0,0,0,0,0,34.46622896666667,2.2569472035737412,1
2072,nominal_satellite_with_news,satellite_news,0,2,0,1.0,16.615000000000002,17.93,1.0,343.7,353.19,0,0,0,1,0,29.160059583333336,2.865207145752463,1
2073,high_low_satellite_false_alarm,mixed_confidence,2,0,1,1.0,58.626666666666665,75.52,0.6666666666666666,357.03499999999997,366.8,0,0,0,0,0,21.973809866666667,2.4899159844680745,0
2074,correlated_satellite_news_false_alarm,satellite_news,1,0,0,1.0,30.87,30.87,1.0,330.46,330.46,0,1,0,0,0,6.127916483333333,1.7828455775053564,0
2075,news_rumor_no_fire,news_only,0,0,0,0.0,0.0,0.0,0.0,0.0,0.0,0,1,0,0,0,0.0,0.0,0
2076,nominal_satellite_false_heat_source,satellite_only,0,1,0,1.0,32.84,32.84,0.0,0.0,0.0,0,0,0,0,0,0.0,0.0,0
2077,multi_satellite_plus_multi_news,satellite_news,0,1,3,1.0,50.89,68.76,1.0,335.2975,389.15,0,0,3,0,0,32.493567266666666,2.924338204188809,1
2078,high_confidence_satellite_with_news,satellite_news,0,0,2,1.0,46.16,50.74,1.0,377.71000000000004,383.01,0,0,1,1,0,5.620016533333333,1.9419544704998306,1
2079,high_confidence_satellite_false_positive,satellite_only,0,0,1,1.0,101.22,101.22,1.0,310.47,310.47,0,0,0,0,0,0.0,0.0,0
2080,multi_satellite_real_fire,multi_satellite,0,2,2,1.0,61.099999999999994,89.9,1.0,332.22,341.09,0,0,0,0,0,22.171693349999998,2.3038281826726137,1
2081,correlated_satellite_news_false_alarm,satellite_news,1,0,0,1.0,13.57,13.57,1.0,348.17,348.17,0,1,1,0,0,22.29514335,2.6713479428049687,0
2082,mixed_satellite_with_false_news,mixed_confidence,0,0,2,0.5,11.02,11.02,1.0,296.30499999999995,296.58,0,1,0,0,0,14.250842683333333,1.5592141010621208,0
2083,mixed_confidence_non_fire_heat_source,mixed_confidence,2,0,1,0.3333333333333333,32.76,32.76,0.6666666666666666,336.805,360.57,0,0,0,0,0,15.1918288,2.120692171418196,0
2084,news_only_before_satellite,news_only,0,0,0,0.0,0.0,0.0,0.0,0.0,0.0,0,1,0,0,0,0.0,0.0,1
2085,multiple_news_same_false_alarm,news_only,0,0,0,0.0,0.0,0.0,0.0,0.0,0.0,3,1,0,0,0,14.28628585,0.9217908745572302,0
2086,multi_satellite_real_fire,multi_satellite,0,1,1,0.5,28.07,28.07,0.5,352.96,352.96,0,0,0,0,0,26.3004487,3.793710644133866,1
2087,news_only_before_satellite,news_only,0,0,0,0.0,0.0,0.0,0.0,0.0,0.0,0,1,1,0,0,0.7660298166666667,1.1359976660571296,1
2088,mixed_confidence_non_fire_heat_source,mixed_confidence,1,0,1,0.0,0.0,0.0,0.5,339.06,339.06,0,0,0,0,0,6.498429733333333,2.4883912003061974,0
2089,high_confidence_satellite_with_news,satellite_news,0,0,2,1.0,117.39,144.6,1.0,394.685,397.32,0,0,1,1,0,16.651288433333335,2.343134331912462,1
2090,correlated_satellite_news_false_alarm,satellite_news,2,0,0,0.5,56.84,56.84,1.0,296.11,299.59,0,1,1,0,0,21.875634166666668,2.6975585210472297,0
2091,high_confidence_satellite_false_positive,satellite_only,0,0,1,1.0,66.97,66.97,1.0,331.49,331.49,0,0,0,0,0,0.0,0.0,0
2092,satellite_only_before_news,satellite_only,0,2,0,0.5,54.19,54.19,0.5,368.28,368.28,0,0,0,0,0,1.72253995,0.2184008798201092,1
2093,multi_confidence_persistent_real_fire,multi_satellite,0,1,2,1.0,79.93333333333334,117.23,1.0,355.3066666666666,362.53,0,0,0,0,0,34.41434515,2.0078519132647084,1
2094,nominal_satellite_with_news,satellite_news,0,1,0,1.0,50.17,50.17,1.0,333.91,333.91,0,1,0,1,0,28.801190350000002,2.8234171757183857,1
2095,low_confidence_satellite_noise,satellite_only,3,0,0,0.6666666666666666,26.630000000000003,31.89,0.3333333333333333,324.06,324.06,0,0,0,0,0,13.592715066666667,2.191150860952099,0
2096,mixed_satellite_with_false_news,mixed_confidence,1,1,0,0.5,89.91,89.91,0.0,0.0,0.0,1,0,1,0,0,23.037003366666667,2.9836715436803503,0
2097,high_confidence_satellite_with_news,satellite_news,0,0,1,1.0,50.16,50.16,1.0,375.67,375.67,0,0,1,1,0,5.207846383333333,3.217371763195916,1
2098,mixed_confidence_satellite_real_fire,mixed_confidence,0,3,0,1.0,52.01333333333333,101.85,1.0,355.65333333333336,372.04,1,0,0,0,0,28.869007683333333,2.5205666522310666,1
2099,mixed_confidence_satellite_real_fire,mixed_confidence,1,0,1,1.0,15.239999999999998,18.54,0.0,0.0,0.0,0,2,0,0,0,20.1948155,2.146227854325394,1
2100,mixed_confidence_satellite_real_fire,mixed_confidence,1,3,0,1.0,76.685,104.72,0.75,354.4566666666667,372.66,0,0,0,1,0,36.809770883333336,3.005196038058769,1
2101,high_low_satellite_with_news_real_fire,mixed_confidence,0,0,2,0.5,77.63,77.63,1.0,371.71500000000003,374.0,0,1,1,0,0,15.6772379,1.476417169959617,1
2102,satellite_only_before_news,satellite_only,0,0,1,0.0,0.0,0.0,1.0,351.7,351.7,0,0,0,0,0,0.0,0.0,1
2103,nominal_satellite_false_heat_source,satellite_only,0,2,0,0.5,35.0,35.0,0.0,0.0,0.0,0,0,0,0,0,6.640630799999999,0.8432259622937346,0
2104,multi_satellite_real_fire,multi_satellite,0,1,3,1.0,85.56,111.17,1.0,344.9675,370.04,0,0,0,0,0,11.223966133333333,2.2733867499373765,1
2105,correlated_satellite_news_false_alarm,satellite_news,1,1,0,0.5,8.54,8.54,1.0,307.595,322.37,0,1,1,0,0,14.115409433333333,2.4249980536815086,0
2106,correlated_satellite_news_false_alarm,satellite_news,1,0,0,1.0,62.6,62.6,0.0,0.0,0.0,0,0,1,0,0,18.952634049999997,0.9182321758724192,0
2107,multi_confidence_persistent_real_fire,multi_satellite,1,2,0,1.0,85.32333333333334,115.78,1.0,323.73999999999995,351.76,1,1,0,0,0,28.9412016,2.5374121389653603,1
2108,mixed_confidence_non_fire_heat_source,mixed_confidence,1,0,1,1.0,56.49,84.75,0.0,0.0,0.0,0,0,0,0,0,0.8749705166666666,2.2696227199388446,0
2109,news_only_before_satellite,news_only,0,0,0,0.0,0.0,0.0,0.0,0.0,0.0,0,1,0,0,0,0.0,0.0,1
2110,high_confidence_satellite_false_positive,satellite_only,0,0,1,0.0,0.0,0.0,1.0,388.31,388.31,0,0,0,0,0,0.0,0.0,0
2111,high_confidence_satellite_with_news,satellite_news,0,0,2,1.0,85.73,128.87,1.0,327.65999999999997,328.09,0,0,0,1,0,18.55897858333333,2.02704162085297,1
2112,multi_confidence_persistent_real_fire,multi_satellite,1,1,2,1.0,74.86,109.12,1.0,345.295,375.46,0,0,0,0,0,44.469948466666665,2.358240644829621,1
2113,multi_satellite_plus_multi_news,satellite_news,0,1,2,1.0,88.87666666666667,113.89,0.6666666666666666,322.45500000000004,327.74,0,0,0,2,0,20.508257683333333,2.9822280245695705,1
2114,nominal_low_satellite_with_news_real_fire,mixed_confidence,1,2,0,1.0,41.68333333333334,55.13,0.6666666666666666,313.91499999999996,315.82,0,0,1,0,0,13.860660916666665,1.3942136620455803,1
2115,news_only_before_satellite,news_only,0,0,0,0.0,0.0,0.0,0.0,0.0,0.0,0,0,1,0,0,0.0,0.0,1
2116,news_rumor_no_fire,news_only,0,0,0,0.0,0.0,0.0,0.0,0.0,0.0,0,0,0,1,0,0.0,0.0,0
2117,nominal_satellite_false_heat_source,satellite_only,0,2,0,1.0,37.165,48.91,1.0,314.16999999999996,326.69,0,0,0,0,0,6.1973699,1.0927359996863448,0
2118,mixed_satellite_with_false_news,mixed_confidence,0,1,0,1.0,43.16,43.16,1.0,369.01,369.01,0,0,1,0,0,3.2461821333333334,2.1437806961961177,0
2119,mixed_confidence_non_fire_heat_source,mixed_confidence,1,2,0,1.0,60.11333333333334,100.66,1.0,328.05,356.11,0,0,0,0,0,23.8378199,0.8854268398511554,0
2120,satellite_only_before_news,satellite_only,0,0,1,0.0,0.0,0.0,1.0,316.5,316.5,0,0,0,0,0,0.0,0.0,1
2121,low_confidence_satellite_noise,satellite_only,2,0,0,1.0,16.53,23.49,1.0,294.385,297.48,0,0,0,0,0,4.2896715,2.110523024888114,0
2122,high_low_satellite_false_alarm,mixed_confidence,1,0,2,0.6666666666666666,50.495000000000005,77.17,0.6666666666666666,320.995,331.01,0,0,0,0,0,13.59635585,2.6227923750226627,0
2123,mixed_satellite_with_false_news,mixed_confidence,1,1,1,0.3333333333333333,69.96,69.96,0.3333333333333333,352.8,352.8,1,1,0,0,0,15.141603783333332,1.9213634338053114,0
2124,correlated_satellite_news_false_alarm,satellite_news,0,2,0,1.0,44.79,66.17,0.5,338.77,338.77,0,0,2,0,0,9.980351883333332,1.0396639868065318,0
2125,mixed_confidence_satellite_real_fire,mixed_confidence,0,0,2,0.5,67.58,67.58,1.0,373.565,376.87,1,0,0,0,0,20.149504200000003,2.219524938998324,1
2126,multiple_news_same_false_alarm,news_only,0,0,0,0.0,0.0,0.0,0.0,0.0,0.0,3,1,0,0,0,20.568031350000002,1.375223922813632,0
2127,multi_satellite_real_fire,multi_satellite,0,2,1,1.0,83.54333333333334,109.57,0.3333333333333333,355.61,355.61,0,0,0,0,0,32.455923633333335,0.966968919497516,1
2128,high_confidence_satellite_with_news,satellite_news,0,0,1,1.0,100.07,100.07,0.0,0.0,0.0,0,0,0,1,0,0.7078226166666667,1.599869347215521,1
2129,low_confidence_satellite_noise,satellite_only,1,0,0,0.0,0.0,0.0,1.0,302.13,302.13,0,0,0,0,0,0.0,0.0,0
2130,multi_satellite_real_fire,multi_satellite,0,4,0,0.75,49.370000000000005,80.91,0.75,346.49,355.12,0,0,0,0,0,18.718934349999998,1.8612776449348656,1
2131,multi_satellite_real_fire,multi_satellite,0,4,0,0.75,72.94,95.44,0.75,349.1133333333333,373.59,0,0,0,0,0,25.01514728333333,2.222608935396154,1
2132,persistent_non_wildfire_heat_source,multi_satellite,1,2,0,0.6666666666666666,68.195,84.47,0.6666666666666666,330.025,338.51,0,0,0,0,0,12.11307605,1.9226481660074852,0
2133,mixed_confidence_non_fire_heat_source,mixed_confidence,0,2,0,1.0,45.135,70.58,1.0,311.135,318.92,0,0,0,0,0,4.625845816666667,1.4642456732619842,0
2134,multi_satellite_plus_multi_news,satellite_news,0,1,1,1.0,89.99000000000001,117.04,1.0,368.315,378.87,0,0,1,2,0,31.910571,2.6688971370031056,1
2135,nominal_satellite_with_news,satellite_news,0,1,0,0.0,0.0,0.0,1.0,328.43,328.43,0,0,0,1,0,11.141962666666666,1.6680243762888207,1
2136,high_confidence_satellite_false_positive,satellite_only,0,0,1,1.0,105.54,105.54,1.0,323.39,323.39,0,0,0,0,0,0.0,0.0,0
2137,nominal_satellite_with_news,satellite_news,0,1,0,1.0,49.13,49.13,1.0,353.3,353.3,0,1,0,1,0,28.169207649999997,2.6435152387128333,1
2138,multi_satellite_plus_multi_news,satellite_news,0,1,1,0.5,50.61,50.61,0.5,352.22,352.22,0,0,0,2,0,25.76244865,2.345230066459143,1
2139,multi_satellite_real_fire,multi_satellite,0,4,0,0.5,76.585,105.02,0.75,341.3066666666667,362.3,0,0,0,0,0,21.84358831666667,4.004875440628282,1
2140,mixed_confidence_satellite_real_fire,mixed_confidence,2,1,1,1.0,70.85499999999999,109.75,0.5,343.68,345.04,0,0,0,0,0,16.379642883333336,3.1131127267624112,1
2141,satellite_only_before_news,satellite_only,0,2,0,0.5,50.14,50.14,1.0,350.815,358.65,0,0,0,0,0,9.906182183333334,1.146813862795566,1
2142,low_confidence_satellite_noise,satellite_only,1,0,0,1.0,29.93,29.93,1.0,295.62,295.62,0,0,0,0,0,0.0,0.0,0
2143,high_confidence_satellite_false_positive,satellite_only,0,0,1,0.0,0.0,0.0,1.0,316.96,316.96,0,0,0,0,0,0.0,0.0,0
2144,high_confidence_satellite_with_news,satellite_news,0,0,3,1.0,72.16666666666667,102.69,0.6666666666666666,375.26,377.99,0,0,0,1,0,13.930966366666667,1.4975425257457946,1
2145,multiple_news_same_false_alarm,news_only,0,0,0,0.0,0.0,0.0,0.0,0.0,0.0,2,2,0,0,0,16.61315575,0.8988272659749329,0
2146,news_only_before_satellite,news_only,0,0,0,0.0,0.0,0.0,0.0,0.0,0.0,0,1,0,0,0,0.0,0.0,1
2147,news_only_before_satellite,news_only,0,0,0,0.0,0.0,0.0,0.0,0.0,0.0,0,0,2,0,0,14.871077000000001,0.8111164866212837,1
2148,high_low_satellite_with_news_real_fire,mixed_confidence,0,0,3,1.0,94.12,107.39,1.0,345.99,376.12,0,1,0,1,0,19.7897113,1.7569310512461245,1
2149,multiple_news_same_false_alarm,news_only,0,0,0,0.0,0.0,0.0,0.0,0.0,0.0,1,1,1,0,0,28.935971966666667,0.6458792523667397,0
2150,news_only_before_satellite,news_only,0,0,0,0.0,0.0,0.0,0.0,0.0,0.0,0,1,0,0,1,2.6601450166666667,0.5650669904657246,1
2151,high_low_satellite_with_news_real_fire,mixed_confidence,0,0,3,1.0,86.10000000000001,97.81,1.0,346.06333333333333,360.23,0,1,0,1,0,22.965642566666666,3.00236098889331,1
2152,multi_confidence_persistent_real_fire,multi_satellite,3,2,0,1.0,64.034,102.58,0.6,328.94,371.61,0,0,1,0,0,40.335374050000006,3.5278326970204144,1
2153,mixed_satellite_with_false_news,mixed_confidence,1,0,0,1.0,10.71,10.71,1.0,328.18,328.18,1,0,1,0,0,11.37774225,2.579382564674456,0
2154,news_rumor_no_fire,news_only,0,0,0,0.0,0.0,0.0,0.0,0.0,0.0,1,0,0,0,0,0.0,0.0,0
2155,satellite_only_before_news,satellite_only,0,1,1,0.0,0.0,0.0,1.0,315.75,333.88,0,0,0,0,0,7.239982283333333,2.7126423624969562,1
2156,mixed_satellite_with_false_news,mixed_confidence,1,1,1,0.6666666666666666,56.825,58.03,0.6666666666666666,316.88,323.03,1,1,0,0,0,31.815983233333334,1.245626968296347,0
2157,multi_confidence_persistent_real_fire,multi_satellite,0,2,3,0.8,72.3575,106.08,1.0,344.804,365.13,1,0,0,1,0,30.04489226666667,1.8283468994976078,1
2158,multi_satellite_plus_multi_news,satellite_news,0,1,2,1.0,63.26333333333334,88.09,0.6666666666666666,346.44,372.98,0,0,0,2,0,45.467167966666665,3.070623969607514,1
2159,high_low_satellite_with_news_real_fire,mixed_confidence,0,0,2,1.0,102.275,117.12,0.5,331.23,331.23,0,0,1,0,0,22.478568266666667,0.42746167193589246,1
2160,multiple_news_same_false_alarm,news_only,0,0,0,0.0,0.0,0.0,0.0,0.0,0.0,3,0,1,0,0,34.07123605,1.7183359253450445,0
2161,mixed_confidence_satellite_real_fire,mixed_confidence,2,2,0,0.75,92.31333333333333,104.21,1.0,351.0575,371.34,0,0,0,0,0,28.269974533333333,1.6923670134821542,1
2162,multi_confidence_persistent_real_fire,multi_satellite,2,2,1,0.8,79.77,107.6,0.8,357.1375,378.08,0,0,1,0,0,32.24068071666667,2.410120021605414,1
2163,nominal_satellite_with_news,satellite_news,0,2,0,0.5,63.03,63.03,1.0,328.57,334.69,0,1,1,0,0,26.149173933333334,3.5372078653317094,1
2164,multiple_news_same_false_alarm,news_only,0,0,0,0.0,0.0,0.0,0.0,0.0,0.0,0,1,1,0,0,5.988437283333334,0.9174609051719841,0
2165,high_low_satellite_with_news_real_fire,mixed_confidence,2,0,1,0.6666666666666666,78.775,79.75,0.3333333333333333,365.15,365.15,0,0,0,1,0,11.695917383333333,3.325527418018466,1
2166,high_confidence_satellite_false_positive,satellite_only,0,0,1,1.0,58.4,58.4,0.0,0.0,0.0,0,0,0,0,0,0.0,0.0,0
2167,high_low_satellite_false_alarm,mixed_confidence,2,0,1,1.0,65.88,101.3,0.6666666666666666,330.33,349.88,0,0,0,0,0,16.261423933333333,1.6820352540904644,0
2168,satellite_only_before_news,satellite_only,0,2,0,0.5,71.5,71.5,0.0,0.0,0.0,0,0,0,0,0,3.5388453666666666,0.49602488634636294,1
2169,nominal_low_satellite_with_news_real_fire,mixed_confidence,2,0,0,1.0,22.685,31.11,1.0,338.875,359.38,0,1,1,0,0,25.408337183333334,1.3784923808485436,1
2170,news_only_before_satellite,news_only,0,0,0,0.0,0.0,0.0,0.0,0.0,0.0,0,2,0,0,0,0.6340493666666667,0.5793429680587526,1
2171,multi_satellite_plus_multi_news,satellite_news,0,3,1,1.0,80.2525,111.81,1.0,367.27500000000003,377.0,0,0,0,3,0,36.0038787,3.440668209178507,1
2172,correlated_satellite_news_false_alarm,satellite_news,1,1,0,0.5,37.92,37.92,0.0,0.0,0.0,0,2,0,0,0,12.537369649999999,1.9277003039390102,0
2173,high_confidence_satellite_with_news,satellite_news,0,0,1,1.0,41.44,41.44,1.0,368.55,368.55,0,0,0,2,0,8.385784466666667,1.8353720136417295,1
2174,mixed_confidence_satellite_real_fire,mixed_confidence,1,0,2,0.6666666666666666,44.415,59.1,0.6666666666666666,329.95,336.5,0,0,0,0,0,14.88942305,1.3867992631750783,1
2175,high_low_satellite_false_alarm,mixed_confidence,1,0,2,0.6666666666666666,63.94500000000001,80.26,0.6666666666666666,375.625,379.9,0,0,0,0,0,14.833263833333332,1.429638728012126,0
2176,news_rumor_no_fire,news_only,0,0,0,0.0,0.0,0.0,0.0,0.0,0.0,0,1,0,0,0,0.0,0.0,0
2177,high_low_satellite_with_news_real_fire,mixed_confidence,0,0,2,1.0,75.925,80.22,1.0,342.355,374.68,0,1,0,0,0,16.82529321666667,1.8434140118743585,1
2178,news_rumor_no_fire,news_only,0,0,0,0.0,0.0,0.0,0.0,0.0,0.0,0,0,0,0,1,0.0,0.0,0
2179,multiple_news_same_false_alarm,news_only,0,0,0,0.0,0.0,0.0,0.0,0.0,0.0,1,3,0,0,0,28.73702885,1.7121712028841987,0
2180,multi_satellite_plus_multi_news,satellite_news,0,1,3,0.5,75.03,107.04,1.0,357.97499999999997,381.86,0,0,2,0,0,40.72287035,2.51213542100974,1
2181,high_low_satellite_with_news_real_fire,mixed_confidence,1,0,2,0.6666666666666666,85.025,98.92,1.0,337.8233333333333,367.17,0,0,1,1,0,21.289590516666667,2.4381604265040626,1
2182,nominal_satellite_false_heat_source,satellite_only,0,1,0,0.0,0.0,0.0,0.0,0.0,0.0,0,0,0,0,0,0.0,0.0,0
2183,multiple_news_same_false_alarm,news_only,0,0,0,0.0,0.0,0.0,0.0,0.0,0.0,0,1,1,0,0,9.102465683333332,0.4844041609180236,0
2184,nominal_satellite_false_heat_source,satellite_only,0,2,0,0.5,17.2,17.2,1.0,331.72,336.82,0,0,0,0,0,0.3197086333333334,1.8393547196129727,0
2185,multiple_news_same_false_alarm,news_only,0,0,0,0.0,0.0,0.0,0.0,0.0,0.0,1,1,1,0,0,16.887470733333334,0.49785697888258845,0
2186,news_rumor_no_fire,news_only,0,0,0,0.0,0.0,0.0,0.0,0.0,0.0,0,0,1,0,0,0.0,0.0,0
2187,nominal_satellite_false_heat_source,satellite_only,0,2,0,0.5,22.87,22.87,1.0,330.395,334.83,0,0,0,0,0,12.574544433333333,1.369818698277173,0
2188,high_low_satellite_with_news_real_fire,mixed_confidence,0,0,2,1.0,88.88499999999999,102.94,1.0,316.67499999999995,318.32,0,1,1,0,0,12.11701245,2.4631407691946197,1
2189,multi_satellite_plus_multi_news,satellite_news,0,1,2,0.6666666666666666,70.655,100.81,0.3333333333333333,376.07,376.07,0,0,0,2,0,36.75784925,2.6250121747590986,1
2190,news_only_before_satellite,news_only,0,0,0,0.0,0.0,0.0,0.0,0.0,0.0,0,0,0,0,2,10.826321250000001,0.6638258179862023,1
2191,high_confidence_satellite_false_positive,satellite_only,0,0,1,0.0,0.0,0.0,0.0,0.0,0.0,0,0,0,0,0,0.0,0.0,0
2192,high_low_satellite_with_news_real_fire,mixed_confidence,1,0,1,1.0,35.875,40.42,0.5,377.47,377.47,0,0,0,1,0,12.234916383333333,1.2668761606086023,1
2193,nominal_satellite_with_news,satellite_news,0,2,0,1.0,42.785,70.44,1.0,343.28499999999997,359.67,0,1,0,0,0,17.726212716666666,2.750138139559438,1
2194,mixed_satellite_with_false_news,mixed_confidence,0,1,0,1.0,54.09,54.09,1.0,312.3,312.3,0,2,0,0,0,19.532860366666668,1.6312524890240425,0
2195,multi_satellite_plus_multi_news,satellite_news,0,1,2,0.3333333333333333,128.38,128.38,1.0,357.9333333333334,382.45,0,0,1,1,0,44.2896508,3.0871702438957964,1
2196,high_confidence_satellite_with_news,satellite_news,0,0,2,1.0,107.24000000000001,127.72,1.0,345.1,360.54,0,0,1,1,0,7.271101433333333,2.437366060167182,1
2197,high_confidence_satellite_with_news,satellite_news,0,0,2,1.0,129.345,147.06,1.0,331.15,349.98,0,0,1,0,0,14.596997233333333,2.4970367091862813,1
2198,multi_confidence_persistent_real_fire,multi_satellite,2,1,2,0.6,55.29333333333333,64.34,1.0,338.53599999999994,360.76,0,1,0,0,0,44.98807468333334,3.618584882125279,1
2199,nominal_satellite_with_news,satellite_news,0,2,0,0.0,0.0,0.0,1.0,326.65999999999997,334.15,0,1,0,1,0,22.924127016666667,3.600783586678227,1
2200,persistent_non_wildfire_heat_source,multi_satellite,2,1,0,1.0,31.48,56.2,1.0,324.6133333333333,350.59,0,0,0,0,0,39.5193535,2.3366399284865076,0
2201,low_confidence_satellite_noise,satellite_only,3,0,0,0.3333333333333333,18.47,18.47,1.0,314.40999999999997,321.84,0,0,0,0,0,15.928824350000001,1.5468471936092851,0
2202,mixed_satellite_with_false_news,mixed_confidence,0,1,0,1.0,80.67,80.67,0.0,0.0,0.0,1,0,1,0,0,18.824572266666667,1.4049988056473643,0
2203,persistent_non_wildfire_heat_source,multi_satellite,2,1,0,1.0,49.666666666666664,75.12,0.6666666666666666,318.65,340.12,0,0,0,0,0,14.378218066666667,3.938853954113667,0
2204,nominal_satellite_with_news,satellite_news,0,2,0,0.0,0.0,0.0,1.0,306.745,306.95,0,0,2,0,0,33.47365733333333,3.103122526511082,1
2205,news_only_before_satellite,news_only,0,0,0,0.0,0.0,0.0,0.0,0.0,0.0,0,0,1,0,0,0.0,0.0,1
2206,nominal_satellite_with_news,satellite_news,0,1,0,0.0,0.0,0.0,1.0,310.92,310.92,0,1,0,1,0,4.1081650666666665,1.560575253871901,1
2207,nominal_low_satellite_with_news_real_fire,mixed_confidence,0,2,0,1.0,35.995,59.55,0.5,354.1,354.1,0,0,1,0,0,20.195102066666667,1.8132754535823281,1
2208,correlated_satellite_news_false_alarm,satellite_news,1,1,0,1.0,36.160000000000004,51.59,1.0,329.48,342.49,0,0,1,0,0,6.172880083333334,1.8932470184561232,0
2209,nominal_satellite_false_heat_source,satellite_only,0,2,0,0.5,29.53,29.53,1.0,323.83500000000004,325.82,0,0,0,0,0,10.480506783333334,1.0688929565167795,0
2210,mixed_satellite_with_false_news,mixed_confidence,0,0,1,0.0,0.0,0.0,0.0,0.0,0.0,0,0,1,0,0,0.5012528333333334,0.8712204479884572,0
2211,high_confidence_satellite_false_positive,satellite_only,0,0,1,1.0,84.89,84.89,1.0,359.06,359.06,0,0,0,0,0,0.0,0.0,0
2212,high_confidence_satellite_with_news,satellite_news,0,0,3,1.0,121.60666666666667,141.73,1.0,335.73,342.92,0,0,2,0,0,18.1496083,1.5774673785323239,1
2213,multi_satellite_plus_multi_news,satellite_news,0,1,1,1.0,56.76,82.08,1.0,332.725,333.64,0,0,0,2,0,21.040521416666664,3.6247447658065206,1
2214,low_confidence_satellite_noise,satellite_only,2,0,0,0.5,31.7,31.7,1.0,311.15,320.26,0,0,0,0,0,12.501374883333334,0.8967953934814312,0
2215,nominal_satellite_false_heat_source,satellite_only,0,1,0,0.0,0.0,0.0,1.0,323.54,323.54,0,0,0,0,0,0.0,0.0,0
2216,correlated_satellite_news_false_alarm,satellite_news,1,1,0,0.0,0.0,0.0,0.5,346.45,346.45,0,0,1,0,0,23.727090883333336,1.2403040251103656,0
2217,news_rumor_no_fire,news_only,0,0,0,0.0,0.0,0.0,0.0,0.0,0.0,1,0,0,0,0,0.0,0.0,0
2218,multi_satellite_real_fire,multi_satellite,0,2,0,1.0,47.504999999999995,59.94,1.0,353.28,364.73,0,0,0,0,0,3.3489499166666667,1.5911969785139624,1
2219,nominal_satellite_with_news,satellite_news,0,1,0,1.0,75.32,75.32,1.0,357.79,357.79,0,1,1,0,0,29.278339633333335,3.249516328188387,1
2220,nominal_low_satellite_with_news_real_fire,mixed_confidence,1,2,0,0.6666666666666666,62.825,63.71,0.6666666666666666,337.115,342.43,0,1,1,0,0,26.93516675,3.036207980327105,1
2221,low_confidence_satellite_noise,satellite_only,2,0,0,0.5,28.32,28.32,0.5,315.15,315.15,0,0,0,0,0,2.5230586666666666,1.94726618314699,0
2222,nominal_low_satellite_with_news_real_fire,mixed_confidence,2,0,0,1.0,33.635,44.87,0.5,317.28,317.28,0,1,0,0,0,7.473381333333333,0.605837058272722,1
2223,high_confidence_satellite_with_news,satellite_news,0,0,2,1.0,110.67500000000001,117.34,1.0,342.145,357.6,0,0,0,1,0,13.84204725,2.0336626933945423,1
2224,high_low_satellite_false_alarm,mixed_confidence,1,0,2,0.6666666666666666,64.17999999999999,102.27,1.0,348.1233333333333,360.69,0,1,0,0,0,24.209187816666667,1.3726456993786824,0
2225,mixed_confidence_non_fire_heat_source,mixed_confidence,2,2,0,1.0,50.67,85.66,0.5,336.515,337.84,0,0,0,0,0,25.745668066666667,1.2681647314286653,0
2226,mixed_satellite_with_false_news,mixed_confidence,2,1,0,1.0,77.51666666666667,94.35,1.0,328.76,359.7,0,1,0,0,0,16.713763783333334,2.617750855116062,0
2227,high_confidence_satellite_false_positive,satellite_only,0,0,1,1.0,133.83,133.83,1.0,362.84,362.84,0,0,0,0,0,0.0,0.0,0
2228,persistent_non_wildfire_heat_source,multi_satellite,3,0,0,0.6666666666666666,65.145,78.17,1.0,317.9533333333333,327.88,0,0,0,0,0,29.18073975,3.3528384835884784,0
2229,persistent_non_wildfire_heat_source,multi_satellite,0,4,0,0.75,53.970000000000006,72.11,0.75,322.5466666666666,347.09,0,0,0,0,0,33.53263591666667,2.5375743574264766,0
2230,mixed_confidence_satellite_real_fire,mixed_confidence,1,1,1,1.0,54.166666666666664,57.11,0.6666666666666666,339.46,352.46,0,0,0,1,0,38.94785628333333,1.7185565373523801,1
2231,multi_confidence_persistent_real_fire,multi_satellite,0,3,1,0.75,78.58,106.18,1.0,344.9325,371.39,0,0,0,0,0,39.59886138333333,2.45507718450755,1
2232,mixed_satellite_with_false_news,mixed_confidence,1,2,0,0.6666666666666666,54.135000000000005,62.03,0.6666666666666666,315.96500000000003,330.16,0,1,1,0,0,22.600102816666666,2.666998219132989,0
2233,persistent_non_wildfire_heat_source,multi_satellite,2,2,0,1.0,45.8875,77.05,0.5,333.66499999999996,355.03,0,0,0,0,0,42.06252273333334,2.3977629108258367,0
2234,multi_satellite_real_fire,multi_satellite,0,4,0,0.75,89.27666666666666,119.12,0.75,362.09,375.75,0,0,0,0,0,18.17313053333333,1.7802639382702288,1
2235,satellite_only_before_news,satellite_only,0,0,2,0.5,59.38,59.38,1.0,310.04999999999995,321.34,0,0,0,0,0,5.919412383333333,0.43839069949020687,1
2236,news_only_before_satellite,news_only,0,0,0,0.0,0.0,0.0,0.0,0.0,0.0,0,1,0,0,1,2.0376265166666667,0.6163887084382763,1
2237,high_low_satellite_with_news_real_fire,mixed_confidence,2,0,0,0.5,15.15,15.15,1.0,352.315,366.01,0,0,0,1,0,21.63816005,2.052350626524616,1
2238,nominal_low_satellite_with_news_real_fire,mixed_confidence,0,2,0,1.0,64.83500000000001,65.72,1.0,346.985,368.49,0,1,0,0,0,18.7944701,1.4310764067041288,1
2239,persistent_non_wildfire_heat_source,multi_satellite,2,0,0,0.5,30.82,30.82,1.0,347.065,353.04,0,0,0,0,0,12.088464316666666,0.39936776514434774,0
2240,high_low_satellite_false_alarm,mixed_confidence,2,0,0,1.0,104.47999999999999,104.94,0.5,326.41,326.41,1,0,0,0,0,27.099765733333335,1.9096831098682419,0
2241,satellite_only_before_news,satellite_only,0,1,0,1.0,45.29,45.29,1.0,332.67,332.67,0,0,0,0,0,0.0,0.0,1
2242,low_confidence_satellite_noise,satellite_only,2,0,0,0.5,34.58,34.58,1.0,325.355,327.2,0,0,0,0,0,10.636771883333333,1.9744697093735981,0
2243,multi_confidence_persistent_real_fire,multi_satellite,0,2,2,0.75,87.21,107.42,0.75,347.04333333333335,371.93,0,0,0,0,0,20.448493250000002,1.9473742270960042,1
2244,multi_satellite_real_fire,multi_satellite,0,3,0,0.6666666666666666,102.655,110.44,0.6666666666666666,347.02,366.16,0,0,0,0,0,7.949857416666666,2.315362166227399,1
2245,multi_satellite_plus_multi_news,satellite_news,0,1,1,1.0,24.355,28.48,1.0,328.72,347.45,0,0,1,1,0,27.133873766666667,1.9037759296243861,1
2246,correlated_satellite_news_false_alarm,satellite_news,1,1,0,1.0,58.015,62.76,0.0,0.0,0.0,0,1,0,0,0,8.918372566666667,0.8761153607792869,0
2247,high_low_satellite_with_news_real_fire,mixed_confidence,1,0,2,0.3333333333333333,41.03,41.03,0.3333333333333333,301.19,301.19,0,1,1,0,0,23.318612366666667,2.0384368454064483,1
2248,nominal_satellite_false_heat_source,satellite_only,0,1,0,0.0,0.0,0.0,1.0,316.23,316.23,0,0,0,0,0,0.0,0.0,0
2249,multi_satellite_real_fire,multi_satellite,0,2,2,0.75,69.55333333333334,109.65,0.75,349.35666666666674,377.42,0,0,0,0,0,21.862272233333332,2.9186643910957657,1
2250,nominal_satellite_with_news,satellite_news,0,2,0,1.0,50.255,74.43,0.5,315.61,315.61,0,0,2,0,0,11.694939866666665,1.6183847827852273,1
2251,news_only_before_satellite,news_only,0,0,0,0.0,0.0,0.0,0.0,0.0,0.0,0,0,0,0,2,9.827793466666666,1.318176232546708,1
2252,high_low_satellite_with_news_real_fire,mixed_confidence,1,0,1,0.5,75.27,75.27,1.0,355.65,364.48,0,0,2,0,0,25.702629549999997,2.102984871637809,1
2253,high_low_satellite_false_alarm,mixed_confidence,0,0,3,0.3333333333333333,81.39,81.39,0.6666666666666666,347.725,366.45,0,0,0,0,0,4.105445933333333,1.2433989723953822,0
2254,multiple_news_same_false_alarm,news_only,0,0,0,0.0,0.0,0.0,0.0,0.0,0.0,1,1,1,0,0,6.5845726,0.8966178608151447,0
2255,news_rumor_no_fire,news_only,0,0,0,0.0,0.0,0.0,0.0,0.0,0.0,0,0,0,1,0,0.0,0.0,0
2256,multi_satellite_plus_multi_news,satellite_news,0,0,2,1.0,74.365,107.13,1.0,334.77,344.71,0,0,2,0,0,43.69202855,2.454639055824931,1
2257,nominal_low_satellite_with_news_real_fire,mixed_confidence,2,0,0,1.0,56.14,84.84,1.0,360.115,369.64,0,0,2,0,0,13.595006366666667,2.832646556685671,1
2258,high_confidence_satellite_false_positive,satellite_only,0,0,1,0.0,0.0,0.0,1.0,380.22,380.22,0,0,0,0,0,0.0,0.0,0
2259,high_low_satellite_with_news_real_fire,mixed_confidence,1,0,1,1.0,53.800000000000004,87.12,1.0,359.21500000000003,379.76,0,0,0,1,0,13.987590899999999,1.699091440054297,1
2260,persistent_non_wildfire_heat_source,multi_satellite,3,1,0,1.0,61.46249999999999,80.13,0.75,341.5166666666667,349.04,0,0,0,0,0,40.02388321666667,2.723765846423083,0
2261,high_confidence_satellite_false_positive,satellite_only,0,0,1,0.0,0.0,0.0,1.0,334.03,334.03,0,0,0,0,0,0.0,0.0,0
2262,low_confidence_satellite_noise,satellite_only,3,0,0,0.6666666666666666,30.36,30.93,0.6666666666666666,314.98,321.95,0,0,0,0,0,27.63664595,2.661585189997322,0
2263,multiple_news_same_false_alarm,news_only,0,0,0,0.0,0.0,0.0,0.0,0.0,0.0,1,1,0,0,0,23.43421835,1.088834484252294,0
2264,mixed_confidence_non_fire_heat_source,mixed_confidence,1,0,1,1.0,12.93,14.67,0.0,0.0,0.0,0,0,0,0,0,7.893519749999999,0.3227693904558003,0
2265,nominal_satellite_with_news,satellite_news,0,1,0,1.0,42.14,42.14,1.0,302.67,302.67,0,0,0,2,0,24.876379983333333,1.3930019292603286,1
2266,multi_satellite_plus_multi_news,satellite_news,0,2,1,1.0,99.20333333333333,119.22,0.6666666666666666,360.235,368.67,0,0,0,3,0,37.31040146666667,3.6398101431493006,1
2267,mixed_confidence_satellite_real_fire,mixed_confidence,2,0,1,0.6666666666666666,82.42,98.23,0.3333333333333333,334.3,334.3,0,0,1,1,0,26.01877065,2.389760113084823,1
2268,multi_satellite_real_fire,multi_satellite,0,2,1,1.0,55.40666666666667,74.76,1.0,338.05333333333334,357.4,0,0,0,0,0,1.7042711333333334,1.3266407477499238,1
2269,high_low_satellite_with_news_real_fire,mixed_confidence,2,0,1,1.0,79.73666666666666,99.74,0.3333333333333333,310.79,310.79,0,0,1,0,0,23.856723050000003,2.093924477246159,1
2270,news_only_before_satellite,news_only,0,0,0,0.0,0.0,0.0,0.0,0.0,0.0,0,0,1,0,1,5.114543516666667,0.6753674771086567,1
2271,high_confidence_satellite_with_news,satellite_news,0,0,3,0.6666666666666666,113.15,117.06,0.6666666666666666,378.51,392.28,0,0,1,1,0,28.59352093333333,1.740997213983474,1
2272,high_confidence_satellite_with_news,satellite_news,0,0,3,1.0,72.03333333333335,92.35,0.6666666666666666,348.44500000000005,385.04,0,0,2,0,0,26.56511385,2.3334713801959914,1
2273,correlated_satellite_news_false_alarm,satellite_news,1,0,0,1.0,17.54,17.54,1.0,327.61,327.61,0,2,0,0,0,2.2355529833333336,2.9966807167083704,0
2274,news_rumor_no_fire,news_only,0,0,0,0.0,0.0,0.0,0.0,0.0,0.0,0,0,0,1,0,0.0,0.0,0
2275,multi_confidence_persistent_real_fire,multi_satellite,1,2,2,1.0,52.286,105.53,1.0,338.22799999999995,383.27,0,0,1,0,0,31.7582163,3.028283136816462,1
2276,news_rumor_no_fire,news_only,0,0,0,0.0,0.0,0.0,0.0,0.0,0.0,1,0,0,0,0,0.0,0.0,0
2277,news_rumor_no_fire,news_only,0,0,0,0.0,0.0,0.0,0.0,0.0,0.0,0,0,1,0,0,0.0,0.0,0
2278,high_confidence_satellite_with_news,satellite_news,0,0,2,1.0,94.25999999999999,141.89,1.0,358.975,370.88,0,0,1,1,0,24.340940583333335,2.3310273348049724,1
2279,high_confidence_satellite_with_news,satellite_news,0,0,2,0.5,149.68,149.68,1.0,378.77,394.96,0,0,1,0,0,10.743948966666666,0.3913680645671448,1
2280,correlated_satellite_news_false_alarm,satellite_news,2,0,0,1.0,20.42,34.2,1.0,313.43,335.18,0,0,1,0,0,5.236234183333334,2.2580752326379145,0
2281,mixed_satellite_with_false_news,mixed_confidence,0,1,1,0.5,99.82,99.82,0.0,0.0,0.0,0,0,2,0,0,25.702620883333335,3.849571373078579,0
2282,multi_confidence_persistent_real_fire,multi_satellite,0,2,2,1.0,65.5125,87.44,1.0,327.1325,363.67,0,0,0,0,0,29.343420833333333,2.8878494710961826,1
2283,multiple_news_same_false_alarm,news_only,0,0,0,0.0,0.0,0.0,0.0,0.0,0.0,1,2,0,0,0,29.22582365,0.8582743713900642,0
2284,high_low_satellite_with_news_real_fire,mixed_confidence,2,0,0,0.5,82.26,82.26,0.5,347.93,347.93,0,0,0,1,0,15.520869733333335,0.5054851767374604,1
2285,nominal_low_satellite_with_news_real_fire,mixed_confidence,1,1,0,1.0,23.915,36.29,0.0,0.0,0.0,0,1,0,0,0,21.92503138333333,1.3703419600565447,1
2286,satellite_only_before_news,satellite_only,0,1,1,1.0,35.26,49.5,1.0,333.83000000000004,351.98,0,0,0,0,0,15.0456617,0.48177721796163064,1
2287,news_rumor_no_fire,news_only,0,0,0,0.0,0.0,0.0,0.0,0.0,0.0,0,1,0,0,0,0.0,0.0,0
2288,mixed_confidence_non_fire_heat_source,mixed_confidence,1,2,1,0.75,73.82000000000001,101.12,0.25,340.14,340.14,0,0,0,0,0,25.28427651666667,1.4763884752586696,0
2289,multi_satellite_plus_multi_news,satellite_news,0,0,2,1.0,70.36,76.95,0.5,301.22,301.22,0,0,0,2,0,30.94805315,3.007376806945544,1
2290,multi_confidence_persistent_real_fire,multi_satellite,1,1,2,0.75,42.03333333333333,50.02,1.0,342.8325,359.0,0,0,0,0,0,21.955405550000002,4.152305094040974,1
2291,news_only_before_satellite,news_only,0,0,0,0.0,0.0,0.0,0.0,0.0,0.0,0,0,1,0,0,0.0,0.0,1
2292,nominal_satellite_with_news,satellite_news,0,2,0,1.0,37.78,39.74,1.0,319.17499999999995,336.89,0,1,0,1,0,30.954734066666667,2.3515906252028707,1
2293,multi_confidence_persistent_real_fire,multi_satellite,1,1,2,1.0,55.1325,115.37,0.25,353.56,353.56,0,0,0,1,0,35.6623679,1.3368317792431115,1
2294,high_confidence_satellite_false_positive,satellite_only,0,0,1,1.0,85.97,85.97,1.0,321.31,321.31,0,0,0,0,0,0.0,0.0,0
2295,high_low_satellite_with_news_real_fire,mixed_confidence,1,0,1,1.0,93.53,105.66,1.0,303.48,305.47,0,0,0,2,0,12.59727395,1.575182436290427,1
2296,nominal_satellite_with_news,satellite_news,0,2,0,0.5,75.9,75.9,1.0,341.845,356.84,0,0,1,1,0,16.08862308333333,2.4101762527704134,1
2297,mixed_satellite_with_false_news,mixed_confidence,2,0,1,1.0,50.02333333333333,83.52,0.0,0.0,0.0,0,0,2,0,0,27.965066316666665,1.914760470759033,0
2298,high_low_satellite_false_alarm,mixed_confidence,2,0,0,0.5,97.93,97.93,1.0,338.865,366.51,0,0,0,0,0,27.09295266666667,1.5170919972712014,0
2299,mixed_confidence_non_fire_heat_source,mixed_confidence,1,2,1,0.25,39.27,39.27,0.75,361.03000000000003,371.79,0,0,0,0,0,22.3957562,1.0910911345621765,0
2300,nominal_low_satellite_with_news_real_fire,mixed_confidence,1,2,0,0.6666666666666666,50.714999999999996,83.02,0.6666666666666666,298.395,298.96,0,1,1,0,0,18.83101153333333,2.0425884528574296,1
2301,nominal_satellite_false_heat_source,satellite_only,0,1,0,0.0,0.0,0.0,1.0,314.6,314.6,0,0,0,0,0,0.0,0.0,0
2302,nominal_low_satellite_with_news_real_fire,mixed_confidence,3,0,0,0.6666666666666666,27.85,34.7,1.0,317.3233333333333,345.02,0,1,0,0,0,9.666036133333334,2.260039352888579,1
2303,multiple_news_same_false_alarm,news_only,0,0,0,0.0,0.0,0.0,0.0,0.0,0.0,1,1,2,0,0,16.494939416666668,1.504244437904293,0
2304,satellite_only_before_news,satellite_only,0,2,0,0.0,0.0,0.0,1.0,361.19,366.33,0,0,0,0,0,3.251663483333333,0.9234923281436389,1
2305,multi_confidence_persistent_real_fire,multi_satellite,1,0,2,0.6666666666666666,68.56,89.81,1.0,334.0433333333333,350.8,0,0,1,1,0,33.05783938333333,1.7827988620345137,1
2306,multiple_news_same_false_alarm,news_only,0,0,0,0.0,0.0,0.0,0.0,0.0,0.0,1,1,1,0,0,21.72675065,1.800113245491504,0
2307,correlated_satellite_news_false_alarm,satellite_news,1,1,0,1.0,13.685,17.46,0.5,292.57,292.57,0,0,1,0,0,19.587285533333333,1.2659575740096964,0
2308,news_rumor_no_fire,news_only,0,0,0,0.0,0.0,0.0,0.0,0.0,0.0,1,0,0,0,0,0.0,0.0,0
2309,news_only_before_satellite,news_only,0,0,0,0.0,0.0,0.0,0.0,0.0,0.0,0,0,1,0,1,2.982130683333333,0.2144399963695326,1
2310,news_only_before_satellite,news_only,0,0,0,0.0,0.0,0.0,0.0,0.0,0.0,0,0,1,0,0,0.0,0.0,1
2311,mixed_satellite_with_false_news,mixed_confidence,0,1,0,1.0,42.11,42.11,1.0,363.49,363.49,1,0,0,0,0,28.567777433333333,0.9926237402564608,0
2312,mixed_satellite_with_false_news,mixed_confidence,1,1,0,0.5,79.04,79.04,0.0,0.0,0.0,0,0,1,0,0,28.846581916666665,1.7168704579274698,0
2313,mixed_satellite_with_false_news,mixed_confidence,1,1,1,0.6666666666666666,87.14500000000001,95.53,0.3333333333333333,303.87,303.87,1,0,1,0,0,27.138773466666667,2.37985211814475,0
2314,nominal_satellite_false_heat_source,satellite_only,0,1,0,1.0,16.41,16.41,1.0,338.2,338.2,0,0,0,0,0,0.0,0.0,0
2315,mixed_confidence_satellite_real_fire,mixed_confidence,0,1,2,0.6666666666666666,62.345,103.4,0.3333333333333333,347.62,347.62,0,1,0,0,0,18.1193889,2.128739867521455,1
2316,mixed_confidence_satellite_real_fire,mixed_confidence,0,1,2,1.0,58.163333333333334,100.75,1.0,320.37,335.74,0,0,0,0,0,4.859722133333333,2.177744404092123,1
2317,satellite_only_before_news,satellite_only,0,1,0,1.0,46.34,46.34,0.0,0.0,0.0,0,0,0,0,0,0.0,0.0,1
2318,news_rumor_no_fire,news_only,0,0,0,0.0,0.0,0.0,0.0,0.0,0.0,0,1,0,0,0,0.0,0.0,0
2319,multiple_news_same_false_alarm,news_only,0,0,0,0.0,0.0,0.0,0.0,0.0,0.0,1,0,2,0,0,4.326961033333333,1.0358858513092548,0
2320,multi_satellite_real_fire,multi_satellite,0,2,1,0.6666666666666666,66.09,94.61,1.0,327.0133333333333,339.97,0,0,0,0,0,20.79239888333333,2.9394695691812025,1
2321,correlated_satellite_news_false_alarm,satellite_news,0,1,0,0.0,0.0,0.0,1.0,342.33,342.33,0,1,0,0,0,17.960460983333334,1.5697150867495697,0
2322,multi_confidence_persistent_real_fire,multi_satellite,0,1,4,0.6,92.32666666666667,109.15,1.0,340.50199999999995,368.48,0,0,1,1,0,41.43814495,3.6369613289332916,1
2323,news_only_before_satellite,news_only,0,0,0,0.0,0.0,0.0,0.0,0.0,0.0,0,0,0,0,1,0.0,0.0,1
2324,nominal_satellite_false_heat_source,satellite_only,0,1,0,1.0,41.96,41.96,1.0,296.31,296.31,0,0,0,0,0,0.0,0.0,0
2325,correlated_satellite_news_false_alarm,satellite_news,1,1,0,1.0,33.47,53.87,1.0,322.755,337.01,0,1,0,0,0,18.962255783333333,1.1328277546961814,0
2326,satellite_only_before_news,satellite_only,0,1,0,0.0,0.0,0.0,1.0,368.38,368.38,0,0,0,0,0,0.0,0.0,1
2327,multi_satellite_plus_multi_news,satellite_news,0,1,3,1.0,80.96,107.25,0.75,342.75666666666666,354.02,0,0,1,2,0,34.7710184,3.8433424461549865,1
2328,nominal_satellite_false_heat_source,satellite_only,0,2,0,1.0,52.58,52.97,1.0,322.145,339.59,0,0,0,0,0,9.028230433333333,0.3967639169374077,0
2329,mixed_confidence_non_fire_heat_source,mixed_confidence,0,2,1,0.6666666666666666,48.14,73.53,1.0,320.00333333333333,331.4,0,0,0,0,0,13.378413,1.3817090915053858,0
2330,nominal_satellite_with_news,satellite_news,0,1,0,1.0,36.17,36.17,0.0,0.0,0.0,0,1,1,0,0,12.66039135,1.2344852827361463,1
2331,news_rumor_no_fire,news_only,0,0,0,0.0,0.0,0.0,0.0,0.0,0.0,1,0,0,0,0,0.0,0.0,0
2332,high_low_satellite_with_news_real_fire,mixed_confidence,2,0,1,0.6666666666666666,64.61500000000001,93.26,1.0,347.34999999999997,359.49,0,1,0,1,0,21.927108816666664,1.5474391943469132,1
2333,nominal_satellite_false_heat_source,satellite_only,0,1,0,1.0,51.96,51.96,0.0,0.0,0.0,0,0,0,0,0,0.0,0.0,0
2334,high_confidence_satellite_false_positive,satellite_only,0,0,1,0.0,0.0,0.0,1.0,348.22,348.22,0,0,0,0,0,0.0,0.0,0
2335,nominal_satellite_with_news,satellite_news,0,2,0,0.5,15.65,15.65,0.0,0.0,0.0,0,1,0,1,0,8.594166416666667,2.6749294920796705,1
2336,multiple_news_same_false_alarm,news_only,0,0,0,0.0,0.0,0.0,0.0,0.0,0.0,2,1,0,0,0,29.62920865,0.5027539898748135,0
2337,news_only_before_satellite,news_only,0,0,0,0.0,0.0,0.0,0.0,0.0,0.0,0,0,0,0,1,0.0,0.0,1
2338,correlated_satellite_news_false_alarm,satellite_news,0,1,0,1.0,40.5,40.5,1.0,332.95,332.95,0,0,2,0,0,10.569899633333334,2.2156329340547893,0
2339,low_confidence_satellite_noise,satellite_only,3,0,0,0.6666666666666666,17.675,30.18,1.0,307.55,313.78,0,0,0,0,0,15.0096046,1.576867326183676,0
2340,news_rumor_no_fire,news_only,0,0,0,0.0,0.0,0.0,0.0,0.0,0.0,1,0,0,0,0,0.0,0.0,0
2341,multi_satellite_real_fire,multi_satellite,0,2,0,1.0,64.88,98.51,0.5,356.95,356.95,0,0,0,0,0,10.98032965,0.9402484700532315,1
2342,mixed_confidence_non_fire_heat_source,mixed_confidence,1,1,2,0.5,58.715,99.84,1.0,316.76750000000004,369.87,0,0,0,0,0,18.446088333333332,1.5552697316087085,0
2343,low_confidence_satellite_noise,satellite_only,3,0,0,0.6666666666666666,34.5,38.76,1.0,295.1566666666667,296.62,0,0,0,0,0,23.483453883333333,2.2799031060999173,0
2344,persistent_non_wildfire_heat_source,multi_satellite,1,3,0,0.5,58.25,60.06,0.75,330.32,348.18,0,0,0,0,0,18.43947551666667,2.7653120909673246,0
2345,high_low_satellite_false_alarm,mixed_confidence,2,0,0,1.0,88.33500000000001,95.15,0.5,384.5,384.5,0,0,0,0,0,26.20771675,0.21916442261253782,0
2346,low_confidence_satellite_noise,satellite_only,2,0,0,0.5,11.16,11.16,0.5,298.59,298.59,0,0,0,0,0,17.9363268,1.8108902095442472,0
2347,mixed_confidence_non_fire_heat_source,mixed_confidence,0,1,2,0.3333333333333333,100.0,100.0,0.6666666666666666,348.65,354.06,0,0,0,0,0,23.809427433333333,1.8773998010499569,0
2348,multiple_news_same_false_alarm,news_only,0,0,0,0.0,0.0,0.0,0.0,0.0,0.0,3,0,1,0,0,31.7741547,1.1245977926949406,0
2349,nominal_satellite_false_heat_source,satellite_only,0,2,0,1.0,21.85,22.91,1.0,316.815,324.71,0,0,0,0,0,4.15572665,0.9841679124513982,0
2350,persistent_non_wildfire_heat_source,multi_satellite,0,2,0,0.5,80.62,80.62,1.0,323.66999999999996,344.21,0,0,0,0,0,8.02539595,0.3644890411240493,0
2351,high_confidence_satellite_with_news,satellite_news,0,0,3,1.0,58.43333333333334,80.84,1.0,353.65333333333336,360.53,0,0,0,1,0,15.62296615,2.3600447678062166,1
2352,persistent_non_wildfire_heat_source,multi_satellite,1,1,0,1.0,44.195,66.95,0.5,317.76,317.76,0,0,0,0,0,26.058224900000003,1.6910965986515138,0
2353,mixed_satellite_with_false_news,mixed_confidence,0,2,0,0.5,87.23,87.23,1.0,336.815,355.01,0,0,1,0,0,20.937102466666666,1.465795960694435,0
2354,multi_satellite_plus_multi_news,satellite_news,0,2,0,1.0,86.775,126.52,1.0,350.01,365.47,0,0,2,1,0,45.09899823333333,3.1518601717435475,1
2355,nominal_satellite_with_news,satellite_news,0,1,0,1.0,28.18,28.18,0.0,0.0,0.0,0,1,1,0,0,23.999492933333332,2.979792679512839,1
2356,nominal_satellite_with_news,satellite_news,0,1,0,1.0,26.49,26.49,0.0,0.0,0.0,0,0,1,0,0,4.5556132499999995,1.856120729384618,1
2357,nominal_satellite_false_heat_source,satellite_only,0,1,0,0.0,0.0,0.0,1.0,330.56,330.56,0,0,0,0,0,0.0,0.0,0
2358,multi_confidence_persistent_real_fire,multi_satellite,0,2,1,0.6666666666666666,55.12,92.97,1.0,335.3966666666667,342.98,0,0,0,0,0,8.305428666666666,1.6662954493668434,1
2359,high_confidence_satellite_false_positive,satellite_only,0,0,1,1.0,43.2,43.2,0.0,0.0,0.0,0,0,0,0,0,0.0,0.0,0
2360,high_confidence_satellite_with_news,satellite_news,0,0,2,1.0,141.075,145.02,1.0,354.645,376.28,0,0,0,2,0,25.888520266666667,2.428377985061351,1
2361,satellite_only_before_news,satellite_only,0,0,1,0.0,0.0,0.0,0.0,0.0,0.0,0,0,0,0,0,0.0,0.0,1
2362,persistent_non_wildfire_heat_source,multi_satellite,2,0,0,1.0,18.03,22.15,1.0,316.015,332.05,0,0,0,0,0,10.098263933333333,2.5958281501279865,0
2363,satellite_only_before_news,satellite_only,0,0,1,1.0,11.89,11.89,0.0,0.0,0.0,0,0,0,0,0,0.0,0.0,1
2364,nominal_low_satellite_with_news_real_fire,mixed_confidence,2,0,0,0.5,86.1,86.1,1.0,346.875,361.23,0,1,0,0,0,19.617448933333332,1.3039074174286776,1
2365,multiple_news_same_false_alarm,news_only,0,0,0,0.0,0.0,0.0,0.0,0.0,0.0,0,2,2,0,0,30.685830733333333,1.4450192831271707,0
2366,multi_satellite_plus_multi_news,satellite_news,0,1,1,1.0,85.965,88.51,1.0,359.595,373.34,0,0,0,3,0,42.83899098333333,3.0517563918337682,1
2367,high_low_satellite_with_news_real_fire,mixed_confidence,0,0,2,1.0,35.8,48.51,1.0,333.67499999999995,335.01,0,0,1,1,0,10.64874995,2.41080114848976,1
2368,nominal_satellite_with_news,satellite_news,0,2,0,1.0,63.825,74.48,1.0,322.175,322.62,0,1,0,0,0,5.5137689000000005,1.6472812603511504,1
2369,multiple_news_same_false_alarm,news_only,0,0,0,0.0,0.0,0.0,0.0,0.0,0.0,1,1,2,0,0,22.889916733333333,1.0786239837109486,0
2370,high_low_satellite_with_news_real_fire,mixed_confidence,1,0,1,0.5,46.62,46.62,1.0,378.28,385.51,0,1,0,0,0,28.534511950000002,1.1214255406946028,1
2371,news_rumor_no_fire,news_only,0,0,0,0.0,0.0,0.0,0.0,0.0,0.0,1,0,0,0,0,0.0,0.0,0
2372,high_low_satellite_with_news_real_fire,mixed_confidence,2,0,0,0.5,112.12,112.12,0.5,313.7,313.7,0,1,0,0,0,30.495982833333336,2.3893944031414773,1
2373,high_low_satellite_with_news_real_fire,mixed_confidence,1,0,2,1.0,61.416666666666664,65.58,1.0,318.4366666666667,349.48,0,0,1,1,0,21.710710366666667,2.9228193827995503,1
2374,nominal_satellite_with_news,satellite_news,0,1,0,1.0,39.12,39.12,1.0,331.92,331.92,0,1,0,0,0,14.667884216666666,1.2408187889628468,1
2375,correlated_satellite_news_false_alarm,satellite_news,1,1,0,0.5,47.28,47.28,0.5,291.55,291.55,0,0,2,0,0,24.477493883333334,1.804611854003477,0
2376,news_only_before_satellite,news_only,0,0,0,0.0,0.0,0.0,0.0,0.0,0.0,0,1,0,0,0,0.0,0.0,1
2377,news_only_before_satellite,news_only,0,0,0,0.0,0.0,0.0,0.0,0.0,0.0,0,0,1,0,0,0.0,0.0,1
2378,mixed_satellite_with_false_news,mixed_confidence,0,1,0,1.0,74.77,74.77,1.0,297.81,297.81,0,0,1,0,0,16.963920166666664,1.7888521504082473,0
2379,mixed_satellite_with_false_news,mixed_confidence,1,1,0,1.0,75.31,92.25,1.0,335.345,346.54,0,1,1,0,0,5.192930916666667,1.9541141428974362,0
2380,mixed_confidence_non_fire_heat_source,mixed_confidence,1,1,2,0.75,51.666666666666664,98.52,0.75,333.97333333333336,362.17,0,0,0,0,0,17.124845966666665,2.2554282690023673,0
2381,multi_satellite_real_fire,multi_satellite,0,1,2,1.0,72.16666666666667,99.8,0.6666666666666666,351.81,367.4,0,0,0,0,0,16.748394216666664,2.5441817459662417,1
2382,nominal_satellite_false_heat_source,satellite_only,0,2,0,0.5,49.12,49.12,1.0,323.555,333.97,0,0,0,0,0,1.4515995333333334,0.8185489858855244,0
2383,persistent_non_wildfire_heat_source,multi_satellite,3,0,0,0.6666666666666666,10.695,10.95,0.6666666666666666,327.745,350.73,0,0,0,0,0,38.546481533333335,2.2942626402794835,0
2384,high_low_satellite_with_news_real_fire,mixed_confidence,0,0,3,1.0,68.54666666666667,114.62,0.6666666666666666,348.63,364.67,0,1,0,0,0,29.82523708333333,2.20793889398542,1
2385,low_confidence_satellite_noise,satellite_only,1,0,0,0.0,0.0,0.0,0.0,0.0,0.0,0,0,0,0,0,0.0,0.0,0
2386,nominal_satellite_false_heat_source,satellite_only,0,1,0,0.0,0.0,0.0,0.0,0.0,0.0,0,0,0,0,0,0.0,0.0,0
2387,news_rumor_no_fire,news_only,0,0,0,0.0,0.0,0.0,0.0,0.0,0.0,1,0,0,0,0,0.0,0.0,0
2388,high_low_satellite_false_alarm,mixed_confidence,0,0,2,0.5,23.86,23.86,1.0,357.895,366.43,0,1,0,0,0,22.68927658333333,3.0908898618469283,0
2389,mixed_satellite_with_false_news,mixed_confidence,0,0,1,1.0,20.85,20.85,1.0,343.57,343.57,0,1,0,0,0,0.23368715,1.6780922244267225,0
2390,multi_confidence_persistent_real_fire,multi_satellite,2,0,1,0.3333333333333333,100.59,100.59,1.0,371.67,380.2,0,0,0,0,0,19.460706316666666,1.9537310110230535,1
2391,mixed_confidence_satellite_real_fire,mixed_confidence,1,0,1,1.0,34.72,46.81,1.0,350.505,351.81,2,0,0,0,0,36.68898038333334,2.2353607449196065,1
2392,multi_satellite_real_fire,multi_satellite,0,2,1,1.0,56.44,77.44,1.0,350.6499999999999,366.03,0,0,0,0,0,25.270690100000003,2.5500006018078736,1
2393,high_confidence_satellite_false_positive,satellite_only,0,0,1,1.0,66.82,66.82,1.0,364.09,364.09,0,0,0,0,0,0.0,0.0,0
2394,correlated_satellite_news_false_alarm,satellite_news,1,0,0,1.0,23.88,23.88,1.0,334.91,334.91,0,0,1,0,0,0.92783555,0.9470288610831418,0
2395,high_low_satellite_with_news_real_fire,mixed_confidence,1,0,2,0.6666666666666666,49.2,77.61,1.0,330.77000000000004,381.86,0,1,0,1,0,28.31066793333333,2.8472149772280813,1
2396,low_confidence_satellite_noise,satellite_only,3,0,0,0.6666666666666666,13.545,21.48,0.3333333333333333,320.09,320.09,0,0,0,0,0,20.539319066666668,1.6677391845162286,0
2397,correlated_satellite_news_false_alarm,satellite_news,0,1,0,1.0,42.94,42.94,1.0,344.56,344.56,0,0,1,0,0,22.44391211666667,1.799591283427632,0
2398,mixed_satellite_with_false_news,mixed_confidence,0,0,2,1.0,54.004999999999995,61.08,0.5,317.81,317.81,0,1,0,0,0,20.285290683333336,2.316301931307501,0
2399,nominal_satellite_with_news,satellite_news,0,1,0,1.0,25.67,25.67,0.0,0.0,0.0,0,0,1,0,0,21.5627514,1.7996205204368834,1
2400,multi_satellite_real_fire,multi_satellite,0,1,2,1.0,68.02333333333333,105.29,0.3333333333333333,326.36,326.36,0,0,0,0,0,35.992381300000005,1.0624201578696018,1
2401,mixed_confidence_satellite_real_fire,mixed_confidence,1,1,1,1.0,30.403333333333336,41.54,1.0,344.09666666666664,363.63,0,0,0,2,0,18.8499093,3.6844818484023913,1
2402,mixed_confidence_non_fire_heat_source,mixed_confidence,1,0,1,1.0,70.005,109.92,1.0,313.26,317.75,0,0,0,0,0,15.40880865,2.6507631856612557,0
2403,mixed_confidence_non_fire_heat_source,mixed_confidence,0,2,0,0.5,104.31,104.31,1.0,347.805,356.8,0,0,0,0,0,18.92216181666667,0.6350763850941841,0
2404,nominal_satellite_with_news,satellite_news,0,2,0,1.0,49.49,58.45,1.0,322.905,327.11,0,2,0,0,0,25.360628783333333,2.4543941195180734,1
2405,multiple_news_same_false_alarm,news_only,0,0,0,0.0,0.0,0.0,0.0,0.0,0.0,1,1,1,0,0,23.22542655,0.9547294068807091,0
2406,low_confidence_satellite_noise,satellite_only,2,0,0,1.0,24.759999999999998,29.94,0.5,327.7,327.7,0,0,0,0,0,7.581747699999999,0.4175949648542384,0
2407,high_confidence_satellite_false_positive,satellite_only,0,0,1,1.0,60.72,60.72,1.0,329.0,329.0,0,0,0,0,0,0.0,0.0,0
2408,multiple_news_same_false_alarm,news_only,0,0,0,0.0,0.0,0.0,0.0,0.0,0.0,2,0,1,0,0,28.060174916666664,0.505081076242339,0
2409,news_rumor_no_fire,news_only,0,0,0,0.0,0.0,0.0,0.0,0.0,0.0,0,1,0,0,0,0.0,0.0,0
2410,mixed_confidence_satellite_real_fire,mixed_confidence,1,1,0,0.5,71.78,71.78,1.0,333.555,341.16,0,0,0,0,0,16.304312816666666,2.229047778431463,1
2411,multi_confidence_persistent_real_fire,multi_satellite,1,0,4,1.0,82.14599999999999,95.22,1.0,327.65,353.5,1,1,0,0,0,49.1300246,3.690013094731453,1
2412,news_rumor_no_fire,news_only,0,0,0,0.0,0.0,0.0,0.0,0.0,0.0,0,1,0,0,0,0.0,0.0,0
2413,multiple_news_same_false_alarm,news_only,0,0,0,0.0,0.0,0.0,0.0,0.0,0.0,0,2,1,0,0,24.080176666666667,0.949803036947779,0
2414,high_low_satellite_with_news_real_fire,mixed_confidence,0,0,3,1.0,56.79333333333333,102.87,0.6666666666666666,310.725,317.88,0,1,1,0,0,19.766203416666666,2.097709459093948,1
2415,nominal_satellite_false_heat_source,satellite_only,0,1,0,0.0,0.0,0.0,1.0,298.98,298.98,0,0,0,0,0,0.0,0.0,0
2416,high_confidence_satellite_false_positive,satellite_only,0,0,1,1.0,42.43,42.43,1.0,373.99,373.99,0,0,0,0,0,0.0,0.0,0
2417,nominal_low_satellite_with_news_real_fire,mixed_confidence,1,2,0,0.6666666666666666,50.13,86.25,1.0,344.2366666666667,364.0,0,1,1,0,0,21.606686866666667,2.8063977835235265,1
2418,persistent_non_wildfire_heat_source,multi_satellite,2,2,0,0.25,69.67,69.67,0.75,334.0833333333333,358.02,0,0,0,0,0,26.06830718333333,2.724002410642808,0
2419,nominal_low_satellite_with_news_real_fire,mixed_confidence,1,1,0,0.5,28.7,28.7,0.5,350.75,350.75,0,1,1,0,0,24.984446,2.5449442487634215,1
2420,high_confidence_satellite_with_news,satellite_news,0,0,1,1.0,131.88,131.88,1.0,355.68,355.68,0,0,0,1,0,1.7199749500000001,2.437582021580674,1
2421,high_low_satellite_with_news_real_fire,mixed_confidence,2,0,1,1.0,59.01333333333334,74.92,0.6666666666666666,366.2,374.02,0,1,1,0,0,33.423445283333336,2.3433922633829036,1
2422,mixed_satellite_with_false_news,mixed_confidence,1,0,1,1.0,60.2,63.1,0.5,361.77,361.77,0,0,1,0,0,14.544060683333333,2.5319693261333622,0
2423,high_confidence_satellite_with_news,satellite_news,0,0,2,1.0,73.555,112.22,1.0,356.225,379.92,0,0,1,0,0,12.983912333333334,1.6374934125143146,1
2424,news_only_before_satellite,news_only,0,0,0,0.0,0.0,0.0,0.0,0.0,0.0,0,1,0,0,1,9.127679983333334,0.4213533900111321,1
2425,mixed_confidence_satellite_real_fire,mixed_confidence,0,2,1,0.6666666666666666,36.4,59.81,1.0,324.3566666666666,351.26,0,0,0,1,0,5.002413833333334,2.4494992528584874,1
2426,high_low_satellite_false_alarm,mixed_confidence,2,0,1,0.6666666666666666,73.74,87.38,0.3333333333333333,323.35,323.35,1,0,0,0,0,19.326722433333334,1.8709293878880056,0
2427,high_confidence_satellite_false_positive,satellite_only,0,0,1,1.0,70.25,70.25,1.0,322.76,322.76,0,0,0,0,0,0.0,0.0,0
2428,multi_confidence_persistent_real_fire,multi_satellite,1,1,1,0.3333333333333333,61.85,61.85,0.3333333333333333,341.6,341.6,0,0,0,0,0,26.489404816666667,2.13031278383808,1
2429,correlated_satellite_news_false_alarm,satellite_news,0,2,0,1.0,24.265,30.64,0.5,295.61,295.61,0,1,1,0,0,18.160332533333335,1.7930105014818918,0
2430,news_only_before_satellite,news_only,0,0,0,0.0,0.0,0.0,0.0,0.0,0.0,0,0,0,0,1,0.0,0.0,1
2431,multiple_news_same_false_alarm,news_only,0,0,0,0.0,0.0,0.0,0.0,0.0,0.0,1,2,1,0,0,14.753566083333334,1.634715660776226,0
2432,satellite_only_before_news,satellite_only,0,1,0,1.0,83.47,83.47,1.0,369.71,369.71,0,0,0,0,0,0.0,0.0,1
2433,satellite_only_before_news,satellite_only,0,0,1,0.0,0.0,0.0,1.0,367.14,367.14,0,0,0,0,0,0.0,0.0,1
2434,high_confidence_satellite_false_positive,satellite_only,0,0,1,0.0,0.0,0.0,1.0,365.12,365.12,0,0,0,0,0,0.0,0.0,0
2435,persistent_non_wildfire_heat_source,multi_satellite,4,0,0,1.0,46.34,83.88,1.0,328.16499999999996,354.62,0,0,0,0,0,45.24352095,2.868591108709881,0
2436,mixed_confidence_satellite_real_fire,mixed_confidence,0,1,1,0.5,97.93,97.93,1.0,366.055,377.55,1,0,0,0,0,4.816914733333333,1.1566051275641014,1
2437,mixed_confidence_non_fire_heat_source,mixed_confidence,2,1,1,1.0,65.5575,97.78,1.0,323.2525,360.64,0,0,0,0,0,16.976135316666667,1.6703692416301763,0
2438,low_confidence_satellite_noise,satellite_only,1,0,0,1.0,6.35,6.35,0.0,0.0,0.0,0,0,0,0,0,0.0,0.0,0
2439,high_low_satellite_with_news_real_fire,mixed_confidence,1,0,1,0.5,67.89,67.89,1.0,342.34000000000003,365.13,0,1,1,0,0,32.10282531666667,2.5561289820465363,1
2440,high_confidence_satellite_false_positive,satellite_only,0,0,1,1.0,47.85,47.85,0.0,0.0,0.0,0,0,0,0,0,0.0,0.0,0
2441,nominal_satellite_false_heat_source,satellite_only,0,1,0,1.0,15.48,15.48,1.0,304.1,304.1,0,0,0,0,0,0.0,0.0,0
2442,multi_confidence_persistent_real_fire,multi_satellite,3,0,1,1.0,50.9825,88.88,1.0,345.57500000000005,375.97,2,0,0,0,0,40.66770106666667,2.246345732147005,1
2443,multi_satellite_plus_multi_news,satellite_news,0,2,0,0.5,23.76,23.76,1.0,337.025,365.23,0,0,1,2,0,41.727098833333336,3.9240678228902888,1
2444,correlated_satellite_news_false_alarm,satellite_news,0,2,0,1.0,31.279999999999998,49.73,1.0,307.365,312.66,0,0,1,0,0,12.096949516666665,2.1091700042689197,0
2445,satellite_only_before_news,satellite_only,0,0,1,0.0,0.0,0.0,1.0,365.12,365.12,0,0,0,0,0,0.0,0.0,1
2446,high_confidence_satellite_false_positive,satellite_only,0,0,1,0.0,0.0,0.0,1.0,328.4,328.4,0,0,0,0,0,0.0,0.0,0
2447,nominal_satellite_false_heat_source,satellite_only,0,2,0,0.5,16.32,16.32,1.0,301.765,308.25,0,0,0,0,0,3.5531700666666666,1.2541345011332319,0
2448,news_only_before_satellite,news_only,0,0,0,0.0,0.0,0.0,0.0,0.0,0.0,0,1,0,0,0,0.0,0.0,1
2449,correlated_satellite_news_false_alarm,satellite_news,1,0,0,1.0,5.69,5.69,1.0,291.06,291.06,0,1,0,0,0,0.38525716666666665,2.3976127272190886,0
2450,mixed_confidence_non_fire_heat_source,mixed_confidence,1,1,1,0.3333333333333333,36.21,36.21,0.6666666666666666,322.01,339.62,0,0,0,0,0,25.4516956,1.341840406724395,0
2451,satellite_only_before_news,satellite_only,0,1,0,1.0,32.69,32.69,0.0,0.0,0.0,0,0,0,0,0,0.0,0.0,1
2452,high_low_satellite_false_alarm,mixed_confidence,2,0,1,1.0,52.723333333333336,81.56,1.0,318.0166666666667,332.26,1,0,0,0,0,13.529261066666667,2.3001919693924737,0
2453,low_confidence_satellite_noise,satellite_only,3,0,0,0.3333333333333333,6.01,6.01,0.3333333333333333,318.06,318.06,0,0,0,0,0,18.93252268333333,2.8370075589006474,0
2454,multi_satellite_real_fire,multi_satellite,0,1,3,0.75,66.33,102.48,0.75,316.6333333333333,333.94,0,0,0,0,0,17.617285799999998,3.872124609799469,1
2455,nominal_satellite_false_heat_source,satellite_only,0,1,0,0.0,0.0,0.0,1.0,323.74,323.74,0,0,0,0,0,0.0,0.0,0
2456,correlated_satellite_news_false_alarm,satellite_news,0,1,0,0.0,0.0,0.0,1.0,320.64,320.64,0,1,0,0,0,27.144797466666667,1.8993369926923334,0
2457,multi_satellite_plus_multi_news,satellite_news,0,1,1,1.0,103.7,122.61,0.5,300.75,300.75,0,0,2,1,0,43.44262688333333,2.22855278171383,1
2458,persistent_non_wildfire_heat_source,multi_satellite,3,0,0,1.0,55.96333333333333,69.6,1.0,335.45666666666665,351.38,0,0,0,0,0,25.502935416666666,2.9599526291444445,0
2459,news_only_before_satellite,news_only,0,0,0,0.0,0.0,0.0,0.0,0.0,0.0,0,0,1,0,1,11.598619716666667,0.5374652570713205,1
2460,high_low_satellite_false_alarm,mixed_confidence,1,0,2,0.6666666666666666,71.205,89.52,0.3333333333333333,376.24,376.24,1,0,0,0,0,15.595783433333335,2.6390132393606884,0
2461,nominal_low_satellite_with_news_real_fire,mixed_confidence,2,0,0,1.0,49.195,83.53,1.0,331.20500000000004,367.36,0,0,1,0,0,13.692319166666666,2.8889485904811747,1
2462,news_only_before_satellite,news_only,0,0,0,0.0,0.0,0.0,0.0,0.0,0.0,0,2,0,0,0,16.090835133333332,1.3598834056844646,1
2463,news_rumor_no_fire,news_only,0,0,0,0.0,0.0,0.0,0.0,0.0,0.0,1,0,0,0,0,0.0,0.0,0
2464,multi_confidence_persistent_real_fire,multi_satellite,3,0,1,0.75,76.11999999999999,116.21,1.0,359.76500000000004,383.89,0,0,1,0,0,38.32106456666667,3.8695303640129213,1
2465,low_confidence_satellite_noise,satellite_only,2,0,0,1.0,27.445,36.44,0.5,319.64,319.64,0,0,0,0,0,39.810010600000005,0.9546470460165124,0
2466,multi_satellite_real_fire,multi_satellite,0,1,2,0.3333333333333333,30.41,30.41,1.0,327.91333333333336,346.52,0,0,0,0,0,18.668941949999997,2.228363382114889,1
2467,news_rumor_no_fire,news_only,0,0,0,0.0,0.0,0.0,0.0,0.0,0.0,0,0,1,0,0,0.0,0.0,0
2468,news_only_before_satellite,news_only,0,0,0,0.0,0.0,0.0,0.0,0.0,0.0,0,0,1,0,0,0.0,0.0,1
2469,news_only_before_satellite,news_only,0,0,0,0.0,0.0,0.0,0.0,0.0,0.0,0,2,0,0,0,12.474926850000001,0.06168371426417255,1
2470,mixed_confidence_satellite_real_fire,mixed_confidence,0,2,0,1.0,65.84,81.23,1.0,325.90999999999997,352.74,0,0,0,0,0,14.31034475,1.0242846587352024,1
2471,nominal_satellite_with_news,satellite_news,0,2,0,1.0,47.555,57.83,0.5,326.9,326.9,0,0,0,1,0,24.623529116666667,2.0381919111700406,1
2472,nominal_low_satellite_with_news_real_fire,mixed_confidence,0,2,0,1.0,59.754999999999995,76.72,1.0,328.935,331.3,0,0,2,0,0,17.028487383333335,2.7813285645674544,1
2473,mixed_satellite_with_false_news,mixed_confidence,2,1,0,1.0,69.01,96.09,0.6666666666666666,341.075,358.81,1,0,0,0,0,18.3878125,2.941077336473646,0
2474,nominal_low_satellite_with_news_real_fire,mixed_confidence,1,1,0,1.0,39.955,46.72,0.5,302.92,302.92,0,1,0,0,0,13.687039066666667,0.7853922882450489,1
2475,multiple_news_same_false_alarm,news_only,0,0,0,0.0,0.0,0.0,0.0,0.0,0.0,1,0,1,0,0,15.752729350000001,0.8269749981648741,0
2476,nominal_satellite_false_heat_source,satellite_only,0,1,0,1.0,22.99,22.99,1.0,333.98,333.98,0,0,0,0,0,0.0,0.0,0
2477,persistent_non_wildfire_heat_source,multi_satellite,1,1,0,1.0,24.985,27.2,0.5,332.9,332.9,0,0,0,0,0,28.652234433333334,1.1589621880713297,0
2478,multi_satellite_real_fire,multi_satellite,0,1,2,0.6666666666666666,45.735,57.85,1.0,359.8999999999999,376.63,0,0,0,0,0,29.712123783333332,2.2991059488778527,1
2479,high_confidence_satellite_false_positive,satellite_only,0,0,1,0.0,0.0,0.0,1.0,372.62,372.62,0,0,0,0,0,0.0,0.0,0
2480,mixed_satellite_with_false_news,mixed_confidence,1,1,0,0.5,42.9,42.9,0.5,365.42,365.42,0,0,1,0,0,24.321027949999998,1.9750488951792686,0
2481,persistent_non_wildfire_heat_source,multi_satellite,1,3,0,0.75,36.583333333333336,67.87,0.75,331.89000000000004,358.55,0,0,0,0,0,45.76256235,2.454002520107219,0
2482,persistent_non_wildfire_heat_source,multi_satellite,1,3,0,0.75,38.06,68.03,1.0,320.9475,339.37,0,0,0,0,0,19.2753697,3.1060455338448008,0
2483,low_confidence_satellite_noise,satellite_only,3,0,0,0.3333333333333333,39.06,39.06,0.6666666666666666,320.9,327.21,0,0,0,0,0,13.711427533333334,2.007691797714032,0
2484,nominal_satellite_with_news,satellite_news,0,1,0,1.0,50.63,50.63,1.0,309.08,309.08,0,0,0,1,0,2.0449857666666666,0.84280479644144,1
2485,correlated_satellite_news_false_alarm,satellite_news,1,0,0,1.0,37.64,37.64,0.0,0.0,0.0,0,0,1,0,0,25.01413835,3.4768039494095593,0
2486,high_confidence_satellite_with_news,satellite_news,0,0,1,1.0,56.84,56.84,1.0,313.73,313.73,0,0,1,1,0,10.7029327,2.470276442721233,1
2487,multiple_news_same_false_alarm,news_only,0,0,0,0.0,0.0,0.0,0.0,0.0,0.0,0,0,3,0,0,30.96112305,1.2294266211450193,0
2488,news_rumor_no_fire,news_only,0,0,0,0.0,0.0,0.0,0.0,0.0,0.0,0,1,0,0,0,0.0,0.0,0
2489,high_low_satellite_false_alarm,mixed_confidence,1,0,1,1.0,87.39,105.65,0.0,0.0,0.0,1,0,0,0,0,10.131254133333334,1.2212747718504158,0
2490,multi_satellite_plus_multi_news,satellite_news,0,2,2,1.0,81.0,100.65,0.5,339.38,371.29,0,0,1,1,0,40.64223955,4.176917991477637,1
2491,satellite_only_before_news,satellite_only,0,1,0,0.0,0.0,0.0,1.0,326.51,326.51,0,0,0,0,0,0.0,0.0,1
2492,correlated_satellite_news_false_alarm,satellite_news,1,1,0,0.0,0.0,0.0,1.0,315.78,336.35,0,2,0,0,0,23.164548983333336,2.6058610933678072,0
2493,satellite_only_before_news,satellite_only,0,2,0,0.5,66.77,66.77,0.5,297.95,297.95,0,0,0,0,0,2.3153081666666666,0.7551013879264797,1
2494,mixed_confidence_satellite_real_fire,mixed_confidence,2,1,1,0.75,82.0,86.12,1.0,337.87750000000005,376.73,0,0,1,1,0,27.917296383333333,2.855211819554099,1
2495,nominal_low_satellite_with_news_real_fire,mixed_confidence,0,2,0,1.0,69.93,76.95,1.0,314.15,318.18,0,1,0,0,0,11.134067766666668,1.7931214592560905,1
2496,mixed_confidence_satellite_real_fire,mixed_confidence,1,0,2,0.6666666666666666,71.775,96.06,1.0,340.52333333333337,374.5,0,0,1,0,0,8.477542983333333,2.0793527935701457,1
2497,multi_confidence_persistent_real_fire,multi_satellite,2,0,1,1.0,85.85333333333334,103.29,1.0,348.74,380.58,1,0,0,0,0,39.00697963333334,3.4142984052534273,1
2498,low_confidence_satellite_noise,satellite_only,2,0,0,1.0,33.480000000000004,38.29,0.5,306.21,306.21,0,0,0,0,0,30.970628233333333,3.3031251613155908,0
2499,persistent_non_wildfire_heat_source,multi_satellite,0,2,0,0.5,48.53,48.53,1.0,328.39,336.84,0,0,0,0,0,12.722315566666667,1.394284051352104,0
2500,multi_satellite_plus_multi_news,satellite_news,0,1,1,0.5,121.49,121.49,1.0,370.795,381.66,0,0,0,2,0,22.627830916666667,2.330030444546014,1
2501,nominal_low_satellite_with_news_real_fire,mixed_confidence,0,3,0,0.3333333333333333,45.51,45.51,0.6666666666666666,337.74,356.77,0,1,0,0,0,27.6206631,2.420361729779299,1
2502,satellite_only_before_news,satellite_only,0,2,0,0.0,0.0,0.0,0.5,366.48,366.48,0,0,0,0,0,11.228654233333334,1.011600600214588,1
2503,high_confidence_satellite_false_positive,satellite_only,0,0,1,1.0,68.46,68.46,1.0,318.62,318.62,0,0,0,0,0,0.0,0.0,0
2504,nominal_satellite_with_news,satellite_news,0,1,0,1.0,51.86,51.86,1.0,306.02,306.02,0,0,1,1,0,16.0302891,1.541947211632799,1
2505,high_low_satellite_false_alarm,mixed_confidence,2,0,0,0.5,76.5,76.5,1.0,353.5,381.32,1,0,0,0,0,15.58403505,1.7435183778196812,0
2506,high_confidence_satellite_false_positive,satellite_only,0,0,1,1.0,85.37,85.37,1.0,331.19,331.19,0,0,0,0,0,0.0,0.0,0
2507,multi_satellite_plus_multi_news,satellite_news,0,1,2,0.6666666666666666,57.135,59.83,0.6666666666666666,346.64,378.95,0,0,0,2,0,33.52138181666667,2.526655445347044,1
2508,satellite_only_before_news,satellite_only,0,0,1,1.0,85.6,85.6,1.0,342.76,342.76,0,0,0,0,0,0.0,0.0,1
2509,multi_satellite_real_fire,multi_satellite,0,1,1,0.5,53.85,53.85,1.0,331.82,334.34,0,0,0,0,0,32.95753448333333,1.0196004806943573,1
2510,news_only_before_satellite,news_only,0,0,0,0.0,0.0,0.0,0.0,0.0,0.0,0,1,1,0,0,2.2924661166666667,1.3571665026552981,1
2511,nominal_satellite_with_news,satellite_news,0,2,0,0.5,63.81,63.81,1.0,325.365,347.16,0,0,2,0,0,13.991056866666666,1.9175369282559775,1
2512,mixed_confidence_non_fire_heat_source,mixed_confidence,1,2,1,0.75,80.42666666666668,106.95,0.5,313.765,329.41,0,0,0,0,0,18.743901733333335,2.076434894916742,0
2513,mixed_confidence_satellite_real_fire,mixed_confidence,2,1,1,1.0,39.9,54.55,1.0,344.7275,369.94,0,0,0,0,0,29.963265266666667,3.055226514886916,1
2514,mixed_confidence_satellite_real_fire,mixed_confidence,2,0,0,1.0,77.975,89.38,0.0,0.0,0.0,1,0,0,1,0,8.631980833333333,2.5231135025382256,1
2515,persistent_non_wildfire_heat_source,multi_satellite,1,1,0,1.0,70.85,84.69,0.5,323.53,323.53,0,0,0,0,0,17.058487416666665,2.506248496464192,0
2516,multi_confidence_persistent_real_fire,multi_satellite,2,1,2,0.8,57.2075,87.41,0.8,332.735,365.6,0,0,1,1,0,42.79419605,2.560966762932315,1
2517,nominal_satellite_false_heat_source,satellite_only,0,1,0,0.0,0.0,0.0,0.0,0.0,0.0,0,0,0,0,0,0.0,0.0,0
2518,high_low_satellite_false_alarm,mixed_confidence,1,0,2,0.6666666666666666,101.345,109.45,0.6666666666666666,366.89,379.26,0,1,0,0,0,20.931418,1.4161957238808527,0
2519,high_low_satellite_false_alarm,mixed_confidence,1,0,1,0.5,90.56,90.56,0.0,0.0,0.0,1,0,0,0,0,8.879779933333333,1.5638851348596199,0
2520,nominal_low_satellite_with_news_real_fire,mixed_confidence,0,2,0,0.5,59.91,59.91,1.0,353.28499999999997,368.71,0,1,0,0,0,17.72201086666667,2.7848785651566077,1
2521,nominal_satellite_false_heat_source,satellite_only,0,2,0,0.5,43.23,43.23,1.0,327.405,335.7,0,0,0,0,0,3.9828629,0.5545051637013575,0
2522,high_low_satellite_false_alarm,mixed_confidence,1,0,2,0.6666666666666666,75.85000000000001,107.18,0.6666666666666666,334.775,369.17,1,0,0,0,0,23.703595066666665,2.3895856609025894,0
2523,nominal_satellite_false_heat_source,satellite_only,0,2,0,1.0,48.315,55.33,1.0,296.98,297.52,0,0,0,0,0,12.459687883333334,0.8080733065902698,0
2524,multi_satellite_plus_multi_news,satellite_news,0,1,1,1.0,56.55500000000001,70.01,0.5,340.05,340.05,0,0,1,1,0,39.778401216666666,1.9924874612731753,1
2525,high_confidence_satellite_false_positive,satellite_only,0,0,1,1.0,52.94,52.94,0.0,0.0,0.0,0,0,0,0,0,0.0,0.0,0
2526,multi_confidence_persistent_real_fire,multi_satellite,2,1,1,0.25,109.44,109.44,1.0,327.2,355.52,0,0,0,1,0,38.746892333333335,2.4682119259157296,1
2527,mixed_confidence_non_fire_heat_source,mixed_confidence,1,2,1,0.75,88.53666666666668,105.39,0.0,0.0,0.0,0,0,0,0,0,28.115718816666668,2.102994006483947,0
2528,nominal_satellite_with_news,satellite_news,0,1,0,0.0,0.0,0.0,1.0,315.23,315.23,0,1,1,0,0,34.488313633333334,0.6409196541443992,1
2529,nominal_low_satellite_with_news_real_fire,mixed_confidence,1,2,0,1.0,74.06666666666666,81.33,1.0,331.6566666666667,365.54,0,2,0,0,0,28.21220621666667,3.054415427044499,1
2530,news_only_before_satellite,news_only,0,0,0,0.0,0.0,0.0,0.0,0.0,0.0,0,1,0,0,1,23.988194933333332,0.6259412009473675,1
2531,multiple_news_same_false_alarm,news_only,0,0,0,0.0,0.0,0.0,0.0,0.0,0.0,0,3,0,0,0,22.651702183333335,0.7722427273511326,0
2532,news_only_before_satellite,news_only,0,0,0,0.0,0.0,0.0,0.0,0.0,0.0,0,1,1,0,0,12.518045166666667,1.656253337785989,1
2533,multi_satellite_plus_multi_news,satellite_news,0,1,3,0.5,62.895,94.01,0.75,329.87333333333333,367.11,0,0,1,1,0,39.95743653333333,4.088528021157607,1
2534,multi_confidence_persistent_real_fire,multi_satellite,1,3,1,0.8,90.125,114.01,1.0,356.342,366.77,0,0,1,0,0,33.83838886666667,2.841389176842287,1
2535,mixed_confidence_satellite_real_fire,mixed_confidence,1,1,1,0.6666666666666666,62.14,82.93,0.3333333333333333,318.3,318.3,0,0,0,1,0,8.224411983333333,1.2780912081213436,1
2536,nominal_satellite_false_heat_source,satellite_only,0,1,0,0.0,0.0,0.0,1.0,308.18,308.18,0,0,0,0,0,0.0,0.0,0
2537,mixed_confidence_non_fire_heat_source,mixed_confidence,3,0,1,0.75,60.11666666666667,80.23,0.75,360.6466666666667,369.29,0,0,0,0,0,11.846896066666666,2.4559477802781156,0
2538,mixed_confidence_satellite_real_fire,mixed_confidence,1,0,1,0.5,68.14,68.14,1.0,361.03,379.21,0,0,0,1,0,30.55570765,2.401600346543242,1
2539,mixed_confidence_non_fire_heat_source,mixed_confidence,1,1,1,0.6666666666666666,41.55,59.3,0.0,0.0,0.0,0,0,0,0,0,17.561619033333333,0.9157575577034901,0
2540,high_confidence_satellite_false_positive,satellite_only,0,0,1,1.0,33.11,33.11,1.0,323.3,323.3,0,0,0,0,0,0.0,0.0,0
2541,news_only_before_satellite,news_only,0,0,0,0.0,0.0,0.0,0.0,0.0,0.0,0,0,0,0,1,0.0,0.0,1
2542,nominal_low_satellite_with_news_real_fire,mixed_confidence,3,0,0,1.0,49.52,82.61,0.6666666666666666,340.515,346.55,0,1,0,0,0,25.0608504,2.6889962109571,1
2543,mixed_satellite_with_false_news,mixed_confidence,2,0,0,0.5,57.47,57.47,0.5,348.03,348.03,1,1,0,0,0,27.788603566666666,3.008592691308101,0
2544,persistent_non_wildfire_heat_source,multi_satellite,1,1,0,1.0,46.035,48.86,1.0,310.58,312.4,0,0,0,0,0,8.764335433333335,1.5149290966289968,0
2545,news_only_before_satellite,news_only,0,0,0,0.0,0.0,0.0,0.0,0.0,0.0,0,0,0,0,1,0.0,0.0,1
2546,nominal_low_satellite_with_news_real_fire,mixed_confidence,0,2,0,1.0,39.375,42.07,0.5,353.39,353.39,0,1,1,0,0,29.901519566666664,2.1012057039461642,1
2547,nominal_low_satellite_with_news_real_fire,mixed_confidence,0,3,0,1.0,56.80333333333332,88.36,0.6666666666666666,315.185,333.75,0,0,1,0,0,21.138544233333334,2.2751105242784533,1
2548,correlated_satellite_news_false_alarm,satellite_news,1,0,0,1.0,29.5,29.5,0.0,0.0,0.0,0,0,1,0,0,14.607450433333334,1.4577305234301483,0
2549,high_low_satellite_false_alarm,mixed_confidence,1,0,2,1.0,75.96666666666665,104.6,1.0,363.02,373.57,0,0,0,0,0,8.451603933333333,2.910064313333951,0
2550,high_confidence_satellite_with_news,satellite_news,0,0,2,0.5,101.56,101.56,1.0,358.775,373.76,0,0,0,2,0,7.8109687,1.4432610664476337,1
2551,nominal_satellite_with_news,satellite_news,0,2,0,1.0,47.315,54.84,1.0,339.88,358.02,0,0,1,1,0,35.801888250000005,2.4414530982116394,1
2552,news_only_before_satellite,news_only,0,0,0,0.0,0.0,0.0,0.0,0.0,0.0,0,1,1,0,0,9.395381066666666,0.6428744561793189,1
2553,nominal_low_satellite_with_news_real_fire,mixed_confidence,2,1,0,0.6666666666666666,61.7,65.75,1.0,335.09666666666664,364.73,0,2,0,0,0,22.832985633333333,3.1012600224039963,1
2554,high_low_satellite_false_alarm,mixed_confidence,1,0,1,1.0,65.86,107.15,1.0,352.21000000000004,375.92,0,0,0,0,0,6.2243151333333335,1.7941770431036672,0
2555,news_only_before_satellite,news_only,0,0,0,0.0,0.0,0.0,0.0,0.0,0.0,0,1,1,0,0,27.477737100000002,1.0749020981039075,1
2556,multi_confidence_persistent_real_fire,multi_satellite,1,3,1,0.8,76.8425,118.99,1.0,348.572,373.67,0,0,0,0,0,38.91422811666666,2.9522075541762716,1
2557,correlated_satellite_news_false_alarm,satellite_news,1,0,0,1.0,32.7,32.7,1.0,325.72,325.72,0,0,1,0,0,20.564050016666666,1.997359080371595,0
2558,correlated_satellite_news_false_alarm,satellite_news,1,0,0,0.0,0.0,0.0,0.0,0.0,0.0,0,1,0,0,0,1.3815225166666667,1.4700581246539088,0
2559,high_confidence_satellite_with_news,satellite_news,0,0,2,1.0,54.115,67.04,1.0,395.135,399.93,0,0,0,1,0,19.389812533333334,1.4854311948860277,1
2560,nominal_low_satellite_with_news_real_fire,mixed_confidence,1,1,0,1.0,67.435,77.15,1.0,302.315,305.05,0,2,0,0,0,30.40342205,2.112796978598589,1
2561,news_rumor_no_fire,news_only,0,0,0,0.0,0.0,0.0,0.0,0.0,0.0,0,0,0,1,0,0.0,0.0,0
2562,persistent_non_wildfire_heat_source,multi_satellite,3,1,0,0.75,38.18666666666667,59.82,1.0,332.0275,356.8,0,0,0,0,0,28.743930883333334,2.2568584195370183,0
2563,high_low_satellite_with_news_real_fire,mixed_confidence,1,0,1,1.0,92.46000000000001,113.83,1.0,310.935,316.57,0,0,0,1,0,22.74246798333333,2.686329247453979,1
2564,news_rumor_no_fire,news_only,0,0,0,0.0,0.0,0.0,0.0,0.0,0.0,1,0,0,0,0,0.0,0.0,0
2565,persistent_non_wildfire_heat_source,multi_satellite,2,1,0,0.6666666666666666,29.765,37.12,1.0,330.30333333333334,359.14,0,0,0,0,0,5.752369033333333,2.3308922937460026,0
2566,high_low_satellite_with_news_real_fire,mixed_confidence,1,0,2,1.0,56.49666666666666,100.76,0.3333333333333333,337.78,337.78,0,0,0,2,0,20.968038733333334,2.1692376458945524,1
2567,multiple_news_same_false_alarm,news_only,0,0,0,0.0,0.0,0.0,0.0,0.0,0.0,0,2,1,0,0,13.264050016666665,1.737931418915914,0
2568,multi_satellite_plus_multi_news,satellite_news,0,1,1,1.0,55.405,79.52,0.5,322.61,322.61,0,0,1,1,0,8.031338983333333,1.96465972378601,1
2569,low_confidence_satellite_noise,satellite_only,2,0,0,1.0,23.755000000000003,27.32,1.0,313.625,324.32,0,0,0,0,0,1.9222468333333333,0.8293324932505702,0
2570,low_confidence_satellite_noise,satellite_only,1,0,0,1.0,7.67,7.67,0.0,0.0,0.0,0,0,0,0,0,0.0,0.0,0
2571,nominal_satellite_with_news,satellite_news,0,2,0,1.0,54.589999999999996,77.94,0.5,326.54,326.54,0,0,0,2,0,35.8629119,1.6198495633515837,1
2572,multi_confidence_persistent_real_fire,multi_satellite,1,3,0,0.75,47.97,57.48,1.0,328.0975,354.88,1,0,1,0,0,26.9659047,3.677637194980613,1
2573,multiple_news_same_false_alarm,news_only,0,0,0,0.0,0.0,0.0,0.0,0.0,0.0,2,0,0,0,0,33.53960111666667,0.17991263377094907,0
2574,high_low_satellite_false_alarm,mixed_confidence,1,0,1,1.0,41.485,52.43,0.5,351.09,351.09,0,0,0,0,0,12.3941936,1.563703170165048,0
2575,news_rumor_no_fire,news_only,0,0,0,0.0,0.0,0.0,0.0,0.0,0.0,0,0,1,0,0,0.0,0.0,0
2576,multiple_news_same_false_alarm,news_only,0,0,0,0.0,0.0,0.0,0.0,0.0,0.0,1,0,1,0,0,18.245289800000002,0.7099699177894951,0
2577,high_confidence_satellite_with_news,satellite_news,0,0,2,1.0,98.615,135.13,1.0,340.235,348.79,0,0,1,0,0,9.448769683333333,1.5303779156881367,1
2578,high_confidence_satellite_with_news,satellite_news,0,0,1,1.0,109.34,109.34,1.0,315.12,315.12,0,0,1,1,0,10.017793083333334,2.4012428060252913,1
2579,mixed_satellite_with_false_news,mixed_confidence,1,0,0,0.0,0.0,0.0,1.0,298.43,298.43,1,1,0,0,0,15.484859550000001,2.2450841430636803,0
2580,multi_confidence_persistent_real_fire,multi_satellite,3,1,0,1.0,84.66,119.82,1.0,346.39,374.88,0,1,0,1,0,26.729957916666667,1.8566015124013984,1
2581,high_confidence_satellite_with_news,satellite_news,0,0,1,1.0,62.54,62.54,1.0,381.52,381.52,0,0,0,2,0,9.140170333333334,2.009021149001987,1
2582,high_low_satellite_false_alarm,mixed_confidence,1,0,1,1.0,99.025,102.67,0.0,0.0,0.0,0,0,0,0,0,1.0523147,1.7929595888008403,0
2583,nominal_satellite_with_news,satellite_news,0,2,0,0.0,0.0,0.0,0.5,347.72,347.72,0,1,0,0,0,37.049471866666664,3.766308646713157,1
2584,high_confidence_satellite_false_positive,satellite_only,0,0,1,1.0,61.38,61.38,1.0,343.62,343.62,0,0,0,0,0,0.0,0.0,0
2585,news_only_before_satellite,news_only,0,0,0,0.0,0.0,0.0,0.0,0.0,0.0,0,1,0,0,0,0.0,0.0,1
2586,high_low_satellite_with_news_real_fire,mixed_confidence,0,0,2,1.0,53.254999999999995,59.83,1.0,351.18,362.04,0,0,1,1,0,30.32904145,2.19157659843931,1
2587,news_only_before_satellite,news_only,0,0,0,0.0,0.0,0.0,0.0,0.0,0.0,0,1,0,0,0,0.0,0.0,1
2588,mixed_confidence_non_fire_heat_source,mixed_confidence,2,2,0,1.0,46.732499999999995,96.8,0.25,341.77,341.77,0,0,0,0,0,15.753774066666667,1.7592085794729064,0
2589,multiple_news_same_false_alarm,news_only,0,0,0,0.0,0.0,0.0,0.0,0.0,0.0,1,0,1,0,0,0.7390748333333333,0.06948518029790829,0
2590,low_confidence_satellite_noise,satellite_only,1,0,0,0.0,0.0,0.0,1.0,327.6,327.6,0,0,0,0,0,0.0,0.0,0
2591,satellite_only_before_news,satellite_only,0,1,1,1.0,35.59,46.25,0.0,0.0,0.0,0,0,0,0,0,4.566461066666666,1.7820768827570466,1
2592,nominal_satellite_false_heat_source,satellite_only,0,1,0,1.0,24.6,24.6,0.0,0.0,0.0,0,0,0,0,0,0.0,0.0,0
2593,high_confidence_satellite_false_positive,satellite_only,0,0,1,0.0,0.0,0.0,1.0,354.13,354.13,0,0,0,0,0,0.0,0.0,0
2594,nominal_satellite_with_news,satellite_news,0,1,0,1.0,64.28,64.28,1.0,339.61,339.61,0,0,1,0,0,5.752625133333334,1.7183706943810861,1
2595,multi_satellite_real_fire,multi_satellite,0,3,0,0.6666666666666666,76.6,118.11,0.6666666666666666,350.875,370.57,0,0,0,0,0,17.23320706666667,2.8891652469329117,1
2596,multiple_news_same_false_alarm,news_only,0,0,0,0.0,0.0,0.0,0.0,0.0,0.0,0,2,2,0,0,29.191019333333333,0.7911764716828782,0
2597,high_low_satellite_with_news_real_fire,mixed_confidence,2,0,0,1.0,60.63,65.54,0.5,344.66,344.66,0,0,0,1,0,3.9585541333333336,0.8585505265577521,1
2598,nominal_satellite_with_news,satellite_news,0,2,0,1.0,62.06,76.29,0.5,306.22,306.22,0,1,0,0,0,7.368529499999999,2.2460221959404176,1
2599,mixed_confidence_satellite_real_fire,mixed_confidence,1,0,1,0.5,101.19,101.19,1.0,343.225,374.93,0,1,0,0,0,15.680818383333333,3.371422853232656,1
2600,news_only_before_satellite,news_only,0,0,0,0.0,0.0,0.0,0.0,0.0,0.0,0,0,0,0,2,2.3297508333333337,0.7631269788937681,1
2601,news_only_before_satellite,news_only,0,0,0,0.0,0.0,0.0,0.0,0.0,0.0,0,2,0,0,0,9.809569100000001,0.43027802840380147,1
2602,multi_confidence_persistent_real_fire,multi_satellite,1,2,0,0.3333333333333333,36.6,36.6,1.0,337.87333333333333,345.87,0,0,0,1,0,37.4100551,1.1254295983976697,1
2603,mixed_confidence_non_fire_heat_source,mixed_confidence,1,1,0,0.5,87.41,87.41,1.0,357.22,367.89,0,0,0,0,0,17.913059316666665,1.2039552571867038,0
2604,high_low_satellite_false_alarm,mixed_confidence,2,0,1,0.6666666666666666,82.185,83.41,0.6666666666666666,331.895,360.83,1,0,0,0,0,17.05021395,2.8015345705480836,0
2605,persistent_non_wildfire_heat_source,multi_satellite,4,0,0,0.75,32.81333333333333,55.73,0.75,345.9266666666667,358.69,0,0,0,0,0,23.76762805,2.798169750317841,0
2606,high_confidence_satellite_false_positive,satellite_only,0,0,1,1.0,63.76,63.76,1.0,343.86,343.86,0,0,0,0,0,0.0,0.0,0
2607,news_rumor_no_fire,news_only,0,0,0,0.0,0.0,0.0,0.0,0.0,0.0,0,0,0,0,1,0.0,0.0,0
2608,mixed_confidence_non_fire_heat_source,mixed_confidence,3,0,1,0.75,48.28,81.94,0.5,322.12,323.92,0,0,0,0,0,11.33855065,1.443157876995781,0
2609,news_only_before_satellite,news_only,0,0,0,0.0,0.0,0.0,0.0,0.0,0.0,0,1,0,0,0,0.0,0.0,1
2610,mixed_confidence_non_fire_heat_source,mixed_confidence,1,1,0,1.0,49.095,80.41,1.0,320.135,322.48,0,0,0,0,0,2.7138520166666664,0.9960776530250579,0
2611,satellite_only_before_news,satellite_only,0,1,1,0.5,83.0,83.0,1.0,317.565,329.6,0,0,0,0,0,5.733157783333334,1.3673910251578751,1
2612,satellite_only_before_news,satellite_only,0,0,1,0.0,0.0,0.0,1.0,319.49,319.49,0,0,0,0,0,0.0,0.0,1
2613,high_low_satellite_false_alarm,mixed_confidence,1,0,2,0.6666666666666666,25.125,29.76,1.0,326.1933333333333,341.49,0,0,0,0,0,29.443009683333333,1.1559094276271278,0
2614,news_only_before_satellite,news_only,0,0,0,0.0,0.0,0.0,0.0,0.0,0.0,0,0,0,0,1,0.0,0.0,1
2615,news_rumor_no_fire,news_only,0,0,0,0.0,0.0,0.0,0.0,0.0,0.0,1,0,0,0,0,0.0,0.0,0
2616,nominal_satellite_false_heat_source,satellite_only,0,2,0,0.5,39.74,39.74,1.0,329.15,330.37,0,0,0,0,0,1.322235,1.1474826046274478,0
2617,high_low_satellite_with_news_real_fire,mixed_confidence,1,0,1,1.0,67.92999999999999,119.8,0.0,0.0,0.0,0,1,0,0,0,12.611175333333334,2.619776706370291,1
2618,multi_confidence_persistent_real_fire,multi_satellite,2,0,2,0.75,45.64333333333334,68.3,0.75,345.19,365.36,0,1,0,0,0,26.701340383333335,3.966970631994895,1
2619,news_only_before_satellite,news_only,0,0,0,0.0,0.0,0.0,0.0,0.0,0.0,0,1,1,0,0,11.726015966666667,1.5616984720729414,1
2620,multi_confidence_persistent_real_fire,multi_satellite,3,1,1,0.6,81.44666666666666,110.63,0.6,348.40333333333336,374.14,0,0,0,0,0,47.61619965,3.160155873014604,1
2621,satellite_only_before_news,satellite_only,0,0,1,0.0,0.0,0.0,0.0,0.0,0.0,0,0,0,0,0,0.0,0.0,1
2622,mixed_confidence_non_fire_heat_source,mixed_confidence,1,0,1,0.5,86.33,86.33,0.0,0.0,0.0,0,0,0,0,0,4.328327566666667,1.5456844406635715,0
2623,high_confidence_satellite_false_positive,satellite_only,0,0,1,1.0,120.02,120.02,1.0,319.38,319.38,0,0,0,0,0,0.0,0.0,0
2624,news_only_before_satellite,news_only,0,0,0,0.0,0.0,0.0,0.0,0.0,0.0,0,2,0,0,0,6.3575034,0.25030011803226027,1
2625,low_confidence_satellite_noise,satellite_only,3,0,0,0.6666666666666666,26.555,30.86,0.6666666666666666,308.865,326.65,0,0,0,0,0,32.777770616666665,2.247371315483706,0
2626,mixed_confidence_non_fire_heat_source,mixed_confidence,0,2,2,0.25,27.43,27.43,0.75,334.5833333333333,374.68,0,0,0,0,0,13.273077433333333,2.0069924354802415,0
2627,multiple_news_same_false_alarm,news_only,0,0,0,0.0,0.0,0.0,0.0,0.0,0.0,1,2,1,0,0,28.438361366666665,0.7182902650968894,0
2628,news_only_before_satellite,news_only,0,0,0,0.0,0.0,0.0,0.0,0.0,0.0,0,1,0,0,0,0.0,0.0,1
2629,low_confidence_satellite_noise,satellite_only,3,0,0,0.6666666666666666,14.79,22.63,0.6666666666666666,302.555,309.97,0,0,0,0,0,10.755746616666666,2.430105631020278,0
2630,news_rumor_no_fire,news_only,0,0,0,0.0,0.0,0.0,0.0,0.0,0.0,0,0,0,1,0,0.0,0.0,0
2631,mixed_satellite_with_false_news,mixed_confidence,0,2,0,1.0,53.595,72.52,0.0,0.0,0.0,1,0,0,0,0,11.624542183333334,1.3331947953311185,0
2632,multi_satellite_real_fire,multi_satellite,0,2,0,1.0,61.71,87.81,1.0,357.23,358.98,0,0,0,0,0,12.824966616666668,1.2012852257847162,1
2633,high_confidence_satellite_with_news,satellite_news,0,0,1,1.0,76.3,76.3,1.0,369.26,369.26,0,0,1,0,0,10.582102783333333,1.3030183992216342,1
2634,high_confidence_satellite_false_positive,satellite_only,0,0,1,0.0,0.0,0.0,1.0,335.12,335.12,0,0,0,0,0,0.0,0.0,0
2635,high_low_satellite_with_news_real_fire,mixed_confidence,2,0,0,1.0,37.06,48.9,1.0,356.725,366.42,0,0,2,0,0,12.2737496,2.2506735422300763,1
2636,news_rumor_no_fire,news_only,0,0,0,0.0,0.0,0.0,0.0,0.0,0.0,0,0,1,0,0,0.0,0.0,0
2637,multi_satellite_real_fire,multi_satellite,0,1,2,1.0,81.65333333333332,87.78,0.6666666666666666,341.305,348.06,0,0,0,0,0,29.870731166666666,1.7481784569010126,1
2638,nominal_satellite_false_heat_source,satellite_only,0,2,0,1.0,46.79,53.53,1.0,333.075,335.32,0,0,0,0,0,9.841801583333334,0.07902585116856888,0
2639,mixed_confidence_non_fire_heat_source,mixed_confidence,2,0,0,1.0,68.3,85.97,1.0,341.765,369.13,0,0,0,0,0,20.99706313333333,1.4797441245549279,0
2640,high_low_satellite_false_alarm,mixed_confidence,2,0,0,1.0,57.199999999999996,76.96,1.0,337.41999999999996,357.76,0,0,0,0,0,3.454636266666667,1.905497951534287,0
2641,multiple_news_same_false_alarm,news_only,0,0,0,0.0,0.0,0.0,0.0,0.0,0.0,0,1,2,0,0,29.355229599999998,1.194872765685221,0
2642,multi_confidence_persistent_real_fire,multi_satellite,0,2,2,1.0,63.7475,110.56,0.75,329.38000000000005,345.67,0,0,0,1,0,33.99523241666667,2.440842159611143,1
2643,persistent_non_wildfire_heat_source,multi_satellite,1,1,0,1.0,61.26,82.11,0.5,306.82,306.82,0,0,0,0,0,5.68937285,1.3126167754108868,0
2644,high_confidence_satellite_with_news,satellite_news,0,0,2,0.5,40.21,40.21,1.0,393.375,394.4,0,0,0,2,0,9.026051033333333,3.2254310373826867,1
2645,high_confidence_satellite_false_positive,satellite_only,0,0,1,1.0,76.35,76.35,1.0,386.11,386.11,0,0,0,0,0,0.0,0.0,0
2646,high_low_satellite_false_alarm,mixed_confidence,1,0,1,0.0,0.0,0.0,1.0,323.755,338.31,1,0,0,0,0,19.60695245,2.4888595840016303,0
2647,multi_satellite_real_fire,multi_satellite,0,4,0,0.5,43.915000000000006,50.34,0.75,356.81,374.56,0,0,0,0,0,33.568393199999996,2.058582980976455,1
2648,mixed_confidence_non_fire_heat_source,mixed_confidence,1,2,1,1.0,54.00749999999999,93.24,0.5,306.105,316.1,0,0,0,0,0,24.989170183333332,1.1133622880317073,0
2649,high_low_satellite_with_news_real_fire,mixed_confidence,2,0,0,1.0,67.095,77.98,0.5,367.23,367.23,0,0,1,1,0,27.195041416666665,2.3158101987305346,1
2650,nominal_satellite_false_heat_source,satellite_only,0,2,0,1.0,26.75,27.16,1.0,320.73,323.56,0,0,0,0,0,5.3473365,0.8968398633446605,0
2651,mixed_confidence_satellite_real_fire,mixed_confidence,0,2,1,0.6666666666666666,85.715,91.0,0.6666666666666666,328.27,332.28,0,0,0,0,0,30.203845750000003,2.7456326410614222,1
2652,high_low_satellite_false_alarm,mixed_confidence,3,0,0,0.6666666666666666,66.95,69.67,0.6666666666666666,341.09000000000003,349.51,0,0,0,0,0,13.15537425,2.179635178837763,0
2653,nominal_low_satellite_with_news_real_fire,mixed_confidence,1,2,0,0.6666666666666666,40.545,61.2,0.6666666666666666,317.21000000000004,330.7,0,1,1,0,0,22.98533451666667,2.607140506758112,1
2654,nominal_low_satellite_with_news_real_fire,mixed_confidence,1,1,0,1.0,86.05000000000001,87.7,0.0,0.0,0.0,0,1,1,0,0,19.40262265,3.343433910470201,1
2655,multi_confidence_persistent_real_fire,multi_satellite,3,0,1,0.75,38.39666666666667,60.28,1.0,329.18,362.25,0,1,1,0,0,37.70517951666667,2.987161382355878,1
2656,nominal_low_satellite_with_news_real_fire,mixed_confidence,2,0,0,0.5,57.27,57.27,0.5,328.63,328.63,0,1,0,0,0,20.7811044,2.847123603868729,1
2657,multi_satellite_real_fire,multi_satellite,0,1,1,1.0,52.769999999999996,61.01,1.0,354.70000000000005,378.24,0,0,0,0,0,31.6639319,3.0888741826685413,1
2658,multi_satellite_real_fire,multi_satellite,0,0,4,0.75,50.94,76.08,0.25,327.84,327.84,0,0,0,0,0,22.94817983333333,1.8643024401660018,1
2659,satellite_only_before_news,satellite_only,0,1,1,0.5,84.12,84.12,0.5,337.04,337.04,0,0,0,0,0,7.263159216666667,1.466729009685622,1
2660,high_confidence_satellite_false_positive,satellite_only,0,0,1,0.0,0.0,0.0,1.0,309.7,309.7,0,0,0,0,0,0.0,0.0,0
2661,high_confidence_satellite_with_news,satellite_news,0,0,3,1.0,121.14333333333332,149.75,1.0,355.86000000000007,392.92,0,0,0,1,0,7.662717799999999,2.9121179913052297,1
2662,high_low_satellite_with_news_real_fire,mixed_confidence,1,0,2,0.6666666666666666,82.77,103.83,0.6666666666666666,338.23,354.46,0,1,0,0,0,27.847365833333335,1.5492171886590447,1
2663,persistent_non_wildfire_heat_source,multi_satellite,2,0,0,1.0,23.65,36.58,0.0,0.0,0.0,0,0,0,0,0,14.779906016666667,0.9025494857159452,0
2664,high_confidence_satellite_with_news,satellite_news,0,0,1,1.0,134.63,134.63,0.0,0.0,0.0,0,0,1,0,0,11.850155816666668,1.095043703674647,1
2665,low_confidence_satellite_noise,satellite_only,3,0,0,0.6666666666666666,8.25,8.36,1.0,307.55,318.32,0,0,0,0,0,27.73716325,1.8871502394224877,0
2666,correlated_satellite_news_false_alarm,satellite_news,0,2,0,0.5,67.34,67.34,1.0,335.6,339.69,0,0,1,0,0,22.0694402,2.039345247223309,0
2667,low_confidence_satellite_noise,satellite_only,1,0,0,0.0,0.0,0.0,0.0,0.0,0.0,0,0,0,0,0,0.0,0.0,0
2668,multi_satellite_real_fire,multi_satellite,0,2,2,0.5,108.83,115.47,0.75,336.0266666666667,353.87,0,0,0,0,0,22.064353766666667,1.2771877930896236,1
2669,nominal_satellite_false_heat_source,satellite_only,0,2,0,0.5,52.79,52.79,1.0,323.35,327.84,0,0,0,0,0,12.188505316666667,1.0378091230554425,0
2670,multi_satellite_plus_multi_news,satellite_news,0,3,0,1.0,94.49000000000001,124.21,0.6666666666666666,342.8,357.75,0,0,0,2,0,27.979832833333333,3.4344409244678955,1
2671,mixed_confidence_satellite_real_fire,mixed_confidence,0,2,1,1.0,57.196666666666665,109.8,0.6666666666666666,313.08500000000004,319.75,0,0,0,0,0,26.554263600000002,2.5587097829615955,1
2672,multi_satellite_real_fire,multi_satellite,0,2,1,1.0,56.223333333333336,69.93,1.0,350.7866666666667,364.88,0,0,0,0,0,24.590623683333334,3.25005526129787,1
2673,news_rumor_no_fire,news_only,0,0,0,0.0,0.0,0.0,0.0,0.0,0.0,0,0,0,1,0,0.0,0.0,0
2674,news_only_before_satellite,news_only,0,0,0,0.0,0.0,0.0,0.0,0.0,0.0,0,1,0,0,0,0.0,0.0,1
2675,high_low_satellite_with_news_real_fire,mixed_confidence,2,0,1,1.0,81.39,90.37,1.0,334.5966666666667,352.58,0,0,0,1,0,12.80938005,2.7176491300524286,1
2676,news_only_before_satellite,news_only,0,0,0,0.0,0.0,0.0,0.0,0.0,0.0,0,0,1,0,1,9.153138983333333,0.6568492274692531,1
2677,mixed_confidence_non_fire_heat_source,mixed_confidence,0,1,3,0.25,55.43,55.43,0.5,338.235,374.73,0,0,0,0,0,25.7325606,1.956783508824156,0
2678,mixed_confidence_non_fire_heat_source,mixed_confidence,0,3,1,0.5,76.35,95.83,0.75,359.15000000000003,371.03,0,0,0,0,0,8.015096783333332,1.1154393712949564,0
2679,persistent_non_wildfire_heat_source,multi_satellite,2,1,0,1.0,37.60333333333333,54.62,0.3333333333333333,321.55,321.55,0,0,0,0,0,38.59656465,1.483689568289347,0
2680,mixed_confidence_satellite_real_fire,mixed_confidence,1,2,1,1.0,50.980000000000004,86.99,0.75,342.06666666666666,374.26,0,0,1,0,0,40.63852668333333,3.6947754655389184,1
2681,multi_satellite_real_fire,multi_satellite,0,1,1,1.0,79.645,112.94,1.0,343.03,368.91,0,0,0,0,0,12.782933133333334,1.1489103554918165,1
2682,high_low_satellite_with_news_real_fire,mixed_confidence,0,0,2,0.5,31.45,31.45,1.0,348.155,349.09,0,0,0,1,0,22.19746225,2.3345463130374497,1
2683,mixed_confidence_non_fire_heat_source,mixed_confidence,0,0,2,0.5,38.21,38.21,0.5,359.21,359.21,0,0,0,0,0,7.697610916666666,0.572733247667109,0
2684,multi_satellite_real_fire,multi_satellite,0,2,2,1.0,87.7325,117.76,1.0,349.71750000000003,370.29,0,0,0,0,0,14.342345033333334,3.1764158238207836,1
2685,low_confidence_satellite_noise,satellite_only,1,0,0,1.0,32.45,32.45,0.0,0.0,0.0,0,0,0,0,0,0.0,0.0,0
2686,news_rumor_no_fire,news_only,0,0,0,0.0,0.0,0.0,0.0,0.0,0.0,0,1,0,0,0,0.0,0.0,0
2687,multi_confidence_persistent_real_fire,multi_satellite,0,5,0,0.6,104.64333333333332,115.6,0.6,350.7866666666667,378.28,0,0,0,0,0,28.191925683333334,1.9233737838001657,1
2688,high_confidence_satellite_with_news,satellite_news,0,0,2,0.0,0.0,0.0,1.0,337.3,359.74,0,0,0,1,0,20.963617600000003,2.002622458194444,1
2689,correlated_satellite_news_false_alarm,satellite_news,1,1,0,0.0,0.0,0.0,0.5,300.92,300.92,0,0,1,0,0,24.85327305,2.8773046241389055,0
2690,high_confidence_satellite_false_positive,satellite_only,0,0,1,0.0,0.0,0.0,1.0,317.63,317.63,0,0,0,0,0,0.0,0.0,0
2691,news_only_before_satellite,news_only,0,0,0,0.0,0.0,0.0,0.0,0.0,0.0,0,1,1,0,0,27.923983816666667,0.8635917606247542,1
2692,high_low_satellite_with_news_real_fire,mixed_confidence,2,0,1,0.6666666666666666,31.07,32.77,0.3333333333333333,382.02,382.02,0,2,0,0,0,22.6669068,3.112342692613834,1
2693,mixed_confidence_non_fire_heat_source,mixed_confidence,2,0,1,0.6666666666666666,48.555,55.57,0.6666666666666666,333.99,356.98,0,0,0,0,0,19.384720466666668,1.1213720258263968,0
2694,nominal_satellite_false_heat_source,satellite_only,0,2,0,1.0,24.98,31.85,0.5,321.39,321.39,0,0,0,0,0,7.081402683333334,1.0971571569875254,0
2695,mixed_confidence_non_fire_heat_source,mixed_confidence,0,0,3,0.3333333333333333,86.54,86.54,0.0,0.0,0.0,0,0,0,0,0,9.66261605,0.9853210592925705,0
2696,nominal_satellite_false_heat_source,satellite_only,0,1,0,1.0,17.36,17.36,0.0,0.0,0.0,0,0,0,0,0,0.0,0.0,0
2697,high_confidence_satellite_false_positive,satellite_only,0,0,1,1.0,72.08,72.08,1.0,353.44,353.44,0,0,0,0,0,0.0,0.0,0
2698,persistent_non_wildfire_heat_source,multi_satellite,2,1,0,0.6666666666666666,48.125,85.14,0.6666666666666666,324.685,341.89,0,0,0,0,0,24.895958083333333,2.5040327769043462,0
2699,mixed_confidence_satellite_real_fire,mixed_confidence,1,1,0,0.5,18.29,18.29,0.5,352.52,352.52,1,0,0,0,0,14.477032966666666,2.8372244259206956,1
2700,news_rumor_no_fire,news_only,0,0,0,0.0,0.0,0.0,0.0,0.0,0.0,0,0,1,0,0,0.0,0.0,0
2701,satellite_only_before_news,satellite_only,0,1,0,1.0,43.2,43.2,1.0,357.21,357.21,0,0,0,0,0,0.0,0.0,1
2702,mixed_satellite_with_false_news,mixed_confidence,0,1,0,1.0,38.32,38.32,1.0,342.31,342.31,0,0,1,0,0,11.381766716666668,2.14183773237171,0
2703,nominal_satellite_false_heat_source,satellite_only,0,1,0,1.0,20.19,20.19,1.0,314.77,314.77,0,0,0,0,0,0.0,0.0,0
2704,nominal_satellite_with_news,satellite_news,0,1,0,1.0,34.34,34.34,1.0,348.68,348.68,0,0,1,1,0,15.969598016666668,0.6183292530186523,1
2705,nominal_low_satellite_with_news_real_fire,mixed_confidence,1,1,0,0.5,87.71,87.71,1.0,346.40999999999997,369.36,0,0,1,0,0,17.046549183333333,1.7674675077858208,1
2706,correlated_satellite_news_false_alarm,satellite_news,0,1,0,1.0,57.1,57.1,1.0,293.35,293.35,0,0,2,0,0,23.925894333333336,3.471528326744661,0
2707,mixed_confidence_non_fire_heat_source,mixed_confidence,1,1,1,1.0,83.17,101.71,1.0,322.08666666666664,329.0,0,0,0,0,0,8.76281005,1.4194229802862477,0
2708,nominal_satellite_with_news,satellite_news,0,1,0,1.0,46.3,46.3,0.0,0.0,0.0,0,1,0,0,0,4.895102966666667,1.185351153744877,1
2709,multi_confidence_persistent_real_fire,multi_satellite,1,1,2,0.75,66.46333333333332,113.81,1.0,366.0325,378.42,0,0,0,0,0,16.677714266666666,3.897004000078636,1
2710,news_only_before_satellite,news_only,0,0,0,0.0,0.0,0.0,0.0,0.0,0.0,0,1,0,0,0,0.0,0.0,1
2711,high_confidence_satellite_false_positive,satellite_only,0,0,1,1.0,51.64,51.64,1.0,363.9,363.9,0,0,0,0,0,0.0,0.0,0
2712,satellite_only_before_news,satellite_only,0,1,0,1.0,85.22,85.22,1.0,356.87,356.87,0,0,0,0,0,0.0,0.0,1
2713,mixed_confidence_non_fire_heat_source,mixed_confidence,0,0,2,0.5,61.23,61.23,0.0,0.0,0.0,0,0,0,0,0,5.0658014,0.9139881241455265,0
2714,mixed_confidence_satellite_real_fire,mixed_confidence,1,0,3,0.75,70.68,102.93,0.75,353.28999999999996,368.67,0,1,0,0,0,38.670775033333335,4.15717683754068,1
2715,mixed_confidence_satellite_real_fire,mixed_confidence,1,1,1,1.0,59.10999999999999,95.38,1.0,342.39000000000004,373.11,0,0,0,0,0,25.723787783333332,1.5631380205598897,1
2716,mixed_confidence_satellite_real_fire,mixed_confidence,4,0,0,0.75,44.300000000000004,98.4,0.5,338.595,357.6,0,0,0,2,0,18.800499933333334,3.284578906973431,1
2717,multi_satellite_plus_multi_news,satellite_news,0,0,3,0.6666666666666666,33.495,45.41,1.0,336.5433333333333,388.95,0,0,0,3,0,36.661379133333334,2.2224647603777785,1
2718,high_low_satellite_false_alarm,mixed_confidence,2,0,1,1.0,57.173333333333325,76.55,1.0,338.79,364.0,0,0,0,0,0,20.560683733333335,1.8222279491048992,0
2719,nominal_low_satellite_with_news_real_fire,mixed_confidence,3,0,0,0.6666666666666666,68.89500000000001,83.45,0.6666666666666666,315.545,321.97,0,1,1,0,0,21.0272264,2.941599007495594,1
2720,high_confidence_satellite_false_positive,satellite_only,0,0,1,1.0,103.3,103.3,1.0,354.66,354.66,0,0,0,0,0,0.0,0.0,0
2721,satellite_only_before_news,satellite_only,0,2,0,0.5,40.02,40.02,1.0,311.83500000000004,322.37,0,0,0,0,0,7.7514913666666665,0.7457989035387828,1
2722,mixed_confidence_non_fire_heat_source,mixed_confidence,1,2,0,0.6666666666666666,48.29,60.04,1.0,333.9433333333333,349.69,0,0,0,0,0,14.087044033333333,1.7752542662339639,0
2723,mixed_confidence_satellite_real_fire,mixed_confidence,3,1,0,0.75,77.98,93.07,1.0,330.2275,354.47,0,0,0,0,0,22.028215266666667,2.6679540844135468,1
2724,multi_satellite_real_fire,multi_satellite,0,4,0,1.0,70.425,75.84,1.0,337.48999999999995,356.65,0,0,0,0,0,9.418331616666668,3.2150810508523984,1
2725,multi_satellite_plus_multi_news,satellite_news,0,1,1,1.0,67.045,68.8,1.0,341.415,364.92,0,0,1,2,0,10.086218449999999,1.8818276546702415,1
2726,high_confidence_satellite_false_positive,satellite_only,0,0,1,1.0,69.04,69.04,1.0,330.08,330.08,0,0,0,0,0,0.0,0.0,0
2727,news_rumor_no_fire,news_only,0,0,0,0.0,0.0,0.0,0.0,0.0,0.0,0,1,0,0,0,0.0,0.0,0
2728,nominal_satellite_with_news,satellite_news,0,1,0,1.0,34.89,34.89,1.0,308.89,308.89,0,1,0,1,0,25.994341483333336,2.903716265355622,1
2729,correlated_satellite_news_false_alarm,satellite_news,1,0,0,1.0,40.32,40.32,0.0,0.0,0.0,0,1,1,0,0,8.0532313,1.7941935395190205,0
2730,nominal_satellite_with_news,satellite_news,0,1,0,1.0,71.59,71.59,1.0,310.93,310.93,0,0,1,0,0,18.36015366666667,1.2567936735382619,1
2731,mixed_satellite_with_false_news,mixed_confidence,1,2,0,0.6666666666666666,57.54,61.75,0.6666666666666666,339.425,341.62,0,0,1,0,0,3.496625616666667,1.8915765001510134,0
2732,multi_confidence_persistent_real_fire,multi_satellite,2,0,2,1.0,68.7225,99.36,1.0,355.1425,381.5,0,1,1,0,0,33.13161538333333,3.139008625206259,1
2733,satellite_only_before_news,satellite_only,0,0,1,0.0,0.0,0.0,1.0,360.99,360.99,0,0,0,0,0,0.0,0.0,1
2734,news_rumor_no_fire,news_only,0,0,0,0.0,0.0,0.0,0.0,0.0,0.0,0,0,0,0,1,0.0,0.0,0
2735,nominal_satellite_false_heat_source,satellite_only,0,2,0,0.5,45.1,45.1,1.0,314.78499999999997,314.81,0,0,0,0,0,7.6805337,0.9524016339601653,0
2736,nominal_satellite_false_heat_source,satellite_only,0,1,0,0.0,0.0,0.0,1.0,307.64,307.64,0,0,0,0,0,0.0,0.0,0
2737,high_low_satellite_false_alarm,mixed_confidence,0,0,3,0.6666666666666666,88.985,94.85,1.0,352.49,384.18,0,1,0,0,0,11.134200016666666,0.7224236854270843,0
2738,mixed_satellite_with_false_news,mixed_confidence,1,1,0,1.0,51.075,82.0,0.5,339.71,339.71,0,1,1,0,0,31.03472018333333,1.5827357568703564,0
2739,mixed_confidence_satellite_real_fire,mixed_confidence,1,1,2,0.75,21.983333333333334,30.96,1.0,330.9475,377.6,1,0,0,1,0,40.120902916666665,2.8939390665737066,1
2740,high_confidence_satellite_false_positive,satellite_only,0,0,1,1.0,113.78,113.78,1.0,322.07,322.07,0,0,0,0,0,0.0,0.0,0
2741,high_confidence_satellite_with_news,satellite_news,0,0,1,1.0,104.07,104.07,1.0,360.7,360.7,0,0,0,2,0,2.7187389,3.267368129121923,1
2742,low_confidence_satellite_noise,satellite_only,3,0,0,0.3333333333333333,35.85,35.85,1.0,302.22,316.11,0,0,0,0,0,5.1747266,3.9193200010576406,0
2743,high_low_satellite_false_alarm,mixed_confidence,1,0,1,0.5,46.67,46.67,1.0,365.57500000000005,373.41,0,1,0,0,0,8.924482399999999,1.6464319380592665,0
2744,news_rumor_no_fire,news_only,0,0,0,0.0,0.0,0.0,0.0,0.0,0.0,0,1,0,0,0,0.0,0.0,0
2745,high_confidence_satellite_false_positive,satellite_only,0,0,1,1.0,87.21,87.21,1.0,368.62,368.62,0,0,0,0,0,0.0,0.0,0
2746,nominal_low_satellite_with_news_real_fire,mixed_confidence,1,2,0,0.3333333333333333,38.39,38.39,0.3333333333333333,311.66,311.66,0,2,0,0,0,19.53684021666667,2.943864644978363,1
2747,multi_satellite_plus_multi_news,satellite_news,0,1,3,0.75,94.83666666666666,114.08,1.0,338.09000000000003,347.0,0,0,1,2,0,31.761579166666667,2.6422676603051047,1
2748,mixed_satellite_with_false_news,mixed_confidence,1,0,1,0.5,60.15,60.15,1.0,324.37,340.0,0,0,1,0,0,8.681054,3.7260637373924066,0
2749,high_low_satellite_false_alarm,mixed_confidence,1,0,2,0.6666666666666666,53.91,62.98,0.0,0.0,0.0,1,0,0,0,0,10.300360033333334,2.2514341161271587,0
2750,correlated_satellite_news_false_alarm,satellite_news,1,0,0,1.0,68.2,68.2,1.0,331.1,331.1,0,0,1,0,0,21.9703203,0.8634678801973219,0
2751,persistent_non_wildfire_heat_source,multi_satellite,0,2,0,0.5,30.81,30.81,0.5,331.65,331.65,0,0,0,0,0,19.625964216666667,2.088689534988959,0
2752,news_rumor_no_fire,news_only,0,0,0,0.0,0.0,0.0,0.0,0.0,0.0,1,0,0,0,0,0.0,0.0,0
2753,multi_satellite_plus_multi_news,satellite_news,0,2,1,0.3333333333333333,51.01,51.01,1.0,359.2966666666666,382.53,0,0,0,3,0,48.73561968333333,3.3649423150918385,1
2754,high_confidence_satellite_with_news,satellite_news,0,0,3,1.0,85.96666666666665,117.71,1.0,347.97666666666663,386.14,0,0,1,1,0,11.44954235,3.11900953425014,1
2755,nominal_satellite_with_news,satellite_news,0,2,0,0.5,21.58,21.58,1.0,320.055,321.14,0,1,0,1,0,22.1567404,2.489083701620395,1
2756,multi_satellite_plus_multi_news,satellite_news,0,0,2,1.0,39.11,40.43,0.0,0.0,0.0,0,0,1,1,0,46.3254566,2.503806629001778,1
2757,high_confidence_satellite_false_positive,satellite_only,0,0,1,1.0,115.32,115.32,0.0,0.0,0.0,0,0,0,0,0,0.0,0.0,0
2758,high_confidence_satellite_false_positive,satellite_only,0,0,1,1.0,99.86,99.86,1.0,362.86,362.86,0,0,0,0,0,0.0,0.0,0
2759,high_low_satellite_with_news_real_fire,mixed_confidence,1,0,2,1.0,58.1,80.24,1.0,322.5233333333333,347.35,0,0,1,1,0,20.3236584,2.79848564382365,1
2760,nominal_satellite_false_heat_source,satellite_only,0,2,0,0.5,31.6,31.6,0.5,333.71,333.71,0,0,0,0,0,4.509147783333333,0.8800481513043585,0
2761,multi_satellite_plus_multi_news,satellite_news,0,2,1,1.0,55.02333333333333,107.23,1.0,343.37999999999994,356.05,0,0,1,1,0,41.760084283333335,2.4225644017006833,1
2762,satellite_only_before_news,satellite_only,0,1,1,0.5,22.04,22.04,0.5,314.81,314.81,0,0,0,0,0,11.7497818,1.5266146487969445,1
2763,high_confidence_satellite_with_news,satellite_news,0,0,2,1.0,120.285,138.89,1.0,341.125,352.59,0,0,1,1,0,9.338689716666666,1.4378746233120736,1
2764,mixed_confidence_non_fire_heat_source,mixed_confidence,1,0,1,1.0,74.41999999999999,80.77,1.0,321.46000000000004,335.31,0,0,0,0,0,13.114433283333334,0.4449043242577523,0
2765,news_rumor_no_fire,news_only,0,0,0,0.0,0.0,0.0,0.0,0.0,0.0,0,0,0,0,1,0.0,0.0,0
2766,mixed_confidence_satellite_real_fire,mixed_confidence,2,0,0,0.5,79.77,79.77,0.5,295.58,295.58,0,0,1,1,0,17.134137566666666,3.621328895719885,1
2767,persistent_non_wildfire_heat_source,multi_satellite,1,2,0,0.6666666666666666,60.97,69.31,0.6666666666666666,329.29499999999996,346.81,0,0,0,0,0,31.730198683333334,1.473875888602376,0
2768,nominal_low_satellite_with_news_real_fire,mixed_confidence,2,0,0,1.0,84.25999999999999,84.27,0.5,324.29,324.29,0,0,1,0,0,14.7193423,1.1700974986325088,1
2769,high_confidence_satellite_false_positive,satellite_only,0,0,1,0.0,0.0,0.0,0.0,0.0,0.0,0,0,0,0,0,0.0,0.0,0
2770,high_confidence_satellite_with_news,satellite_news,0,0,1,1.0,56.89,56.89,1.0,391.24,391.24,0,0,1,0,0,4.898432166666667,2.220835062279912,1
2771,news_rumor_no_fire,news_only,0,0,0,0.0,0.0,0.0,0.0,0.0,0.0,0,0,0,0,1,0.0,0.0,0
2772,persistent_non_wildfire_heat_source,multi_satellite,2,1,0,1.0,77.74666666666667,84.38,0.3333333333333333,351.05,351.05,0,0,0,0,0,27.568583783333334,1.2413304189880776,0
2773,nominal_satellite_false_heat_source,satellite_only,0,2,0,0.5,19.48,19.48,1.0,313.15,319.91,0,0,0,0,0,2.605048533333333,1.1505399929043953,0
2774,persistent_non_wildfire_heat_source,multi_satellite,1,1,0,1.0,20.73,21.89,0.5,313.42,313.42,0,0,0,0,0,14.58022125,2.7694159781772494,0
2775,multi_satellite_real_fire,multi_satellite,0,1,1,1.0,89.315,92.82,0.5,318.41,318.41,0,0,0,0,0,25.905348583333332,0.5851219223867286,1
2776,high_low_satellite_with_news_real_fire,mixed_confidence,1,0,1,1.0,73.08500000000001,74.16,0.5,367.27,367.27,0,1,0,0,0,12.392546416666667,1.3326373680627999,1
2777,mixed_confidence_satellite_real_fire,mixed_confidence,0,2,2,0.75,40.24,50.4,0.5,342.03,370.18,1,0,0,1,0,30.5123829,3.4579789315350284,1
2778,nominal_satellite_false_heat_source,satellite_only,0,2,0,1.0,47.45,58.54,1.0,330.635,332.67,0,0,0,0,0,2.268157883333333,0.5679054022570079,0
2779,nominal_low_satellite_with_news_real_fire,mixed_confidence,1,1,0,0.5,87.02,87.02,0.0,0.0,0.0,0,1,1,0,0,6.97511835,1.43144082110732,1
2780,nominal_low_satellite_with_news_real_fire,mixed_confidence,2,1,0,0.6666666666666666,55.6,63.42,1.0,323.7766666666667,345.69,0,1,1,0,0,25.718381816666668,3.075986784365899,1
2781,high_low_satellite_false_alarm,mixed_confidence,1,0,1,1.0,68.49,76.24,0.0,0.0,0.0,0,0,0,0,0,16.25597805,0.5843767115667742,0
2782,multi_confidence_persistent_real_fire,multi_satellite,0,3,1,0.5,102.15,114.45,0.5,319.99,322.96,0,0,0,1,0,24.892821966666666,3.529245025275328,1
2783,multi_satellite_real_fire,multi_satellite,0,2,1,0.3333333333333333,57.69,57.69,0.6666666666666666,342.11,342.22,0,0,0,0,0,30.4969153,1.617846695978487,1
2784,news_only_before_satellite,news_only,0,0,0,0.0,0.0,0.0,0.0,0.0,0.0,0,0,1,0,0,0.0,0.0,1
2785,multiple_news_same_false_alarm,news_only,0,0,0,0.0,0.0,0.0,0.0,0.0,0.0,2,0,2,0,0,29.22557115,1.4120781771945004,0
2786,mixed_confidence_non_fire_heat_source,mixed_confidence,1,0,1,0.5,42.97,42.97,0.0,0.0,0.0,0,0,0,0,0,14.94360745,0.6230335223010002,0
2787,mixed_satellite_with_false_news,mixed_confidence,2,0,0,0.5,48.68,48.68,0.5,348.48,348.48,0,1,0,0,0,27.23477635,2.3743010891063534,0
2788,high_low_satellite_false_alarm,mixed_confidence,0,0,3,1.0,70.58333333333333,111.44,1.0,320.7333333333333,337.15,0,1,0,0,0,13.406014016666667,1.287347360504193,0
2789,mixed_confidence_satellite_real_fire,mixed_confidence,1,1,0,0.0,0.0,0.0,1.0,353.32,371.39,1,0,1,0,0,17.5805116,2.5108367895125916,1
2790,news_rumor_no_fire,news_only,0,0,0,0.0,0.0,0.0,0.0,0.0,0.0,0,0,1,0,0,0.0,0.0,0
2791,high_low_satellite_false_alarm,mixed_confidence,2,0,0,1.0,79.67500000000001,80.37,0.5,308.85,308.85,0,1,0,0,0,5.849113283333334,1.6222268413633183,0
2792,nominal_satellite_false_heat_source,satellite_only,0,1,0,1.0,52.78,52.78,1.0,299.85,299.85,0,0,0,0,0,0.0,0.0,0
2793,high_low_satellite_false_alarm,mixed_confidence,2,0,0,0.5,15.69,15.69,0.5,346.56,346.56,1,0,0,0,0,16.665216683333334,2.1015962329501376,0
2794,low_confidence_satellite_noise,satellite_only,3,0,0,0.3333333333333333,24.57,24.57,0.0,0.0,0.0,0,0,0,0,0,12.78972095,1.7316943885419533,0
2795,news_only_before_satellite,news_only,0,0,0,0.0,0.0,0.0,0.0,0.0,0.0,0,1,0,0,1,4.058932983333333,0.8662795405968349,1
2796,news_rumor_no_fire,news_only,0,0,0,0.0,0.0,0.0,0.0,0.0,0.0,1,0,0,0,0,0.0,0.0,0
2797,news_rumor_no_fire,news_only,0,0,0,0.0,0.0,0.0,0.0,0.0,0.0,1,0,0,0,0,0.0,0.0,0
2798,nominal_low_satellite_with_news_real_fire,mixed_confidence,1,2,0,1.0,52.69,75.38,0.6666666666666666,306.685,313.46,0,0,1,0,0,25.447919033333335,1.5873274441752419,1
2799,multiple_news_same_false_alarm,news_only,0,0,0,0.0,0.0,0.0,0.0,0.0,0.0,1,1,2,0,0,41.81029173333333,1.1321191404320285,0
2800,nominal_low_satellite_with_news_real_fire,mixed_confidence,2,1,0,1.0,63.129999999999995,83.06,0.3333333333333333,311.51,311.51,0,2,0,0,0,28.43332343333333,3.597657371104924,1
2801,news_rumor_no_fire,news_only,0,0,0,0.0,0.0,0.0,0.0,0.0,0.0,0,0,0,0,1,0.0,0.0,0
2802,high_confidence_satellite_false_positive,satellite_only,0,0,1,0.0,0.0,0.0,1.0,387.65,387.65,0,0,0,0,0,0.0,0.0,0
2803,nominal_satellite_false_heat_source,satellite_only,0,1,0,1.0,44.95,44.95,1.0,324.59,324.59,0,0,0,0,0,0.0,0.0,0
2804,high_confidence_satellite_false_positive,satellite_only,0,0,1,0.0,0.0,0.0,1.0,318.24,318.24,0,0,0,0,0,0.0,0.0,0
2805,multi_confidence_persistent_real_fire,multi_satellite,2,1,1,0.75,24.503333333333334,39.4,0.75,344.82,380.16,0,0,0,0,0,19.094853116666666,3.01571222263961,1
2806,high_low_satellite_false_alarm,mixed_confidence,0,0,3,0.6666666666666666,84.355,108.65,0.6666666666666666,341.32,371.15,0,0,0,0,0,11.513341533333334,1.2963662793474577,0
2807,news_only_before_satellite,news_only,0,0,0,0.0,0.0,0.0,0.0,0.0,0.0,0,0,1,0,0,0.0,0.0,1
2808,low_confidence_satellite_noise,satellite_only,3,0,0,0.6666666666666666,13.545000000000002,21.94,0.3333333333333333,318.29,318.29,0,0,0,0,0,10.1151046,2.51428013480998,0
2809,correlated_satellite_news_false_alarm,satellite_news,2,0,0,1.0,30.1,42.11,0.5,345.92,345.92,0,0,1,0,0,5.4444212,0.7714509606355067,0
2810,mixed_confidence_satellite_real_fire,mixed_confidence,2,1,0,1.0,92.72666666666667,108.25,0.6666666666666666,341.095,364.51,0,0,0,0,0,14.952679999999999,0.9954310941287228,1
2811,high_low_satellite_false_alarm,mixed_confidence,1,0,2,1.0,78.53333333333333,109.91,1.0,349.0333333333333,376.78,0,1,0,0,0,24.748084283333334,2.156399745865016,0
2812,mixed_satellite_with_false_news,mixed_confidence,0,2,0,0.5,21.57,21.57,1.0,319.65,329.33,0,1,1,0,0,31.01627255,1.1551661903054447,0
2813,news_only_before_satellite,news_only,0,0,0,0.0,0.0,0.0,0.0,0.0,0.0,0,1,1,0,0,19.206436066666665,0.6839929595312642,1
2814,satellite_only_before_news,satellite_only,0,1,0,1.0,75.17,75.17,1.0,354.79,354.79,0,0,0,0,0,0.0,0.0,1
2815,high_confidence_satellite_false_positive,satellite_only,0,0,1,0.0,0.0,0.0,1.0,341.16,341.16,0,0,0,0,0,0.0,0.0,0
2816,low_confidence_satellite_noise,satellite_only,2,0,0,0.5,7.75,7.75,0.5,320.8,320.8,0,0,0,0,0,0.2767578,0.8238728675738768,0
2817,persistent_non_wildfire_heat_source,multi_satellite,3,0,0,0.3333333333333333,57.35,57.35,0.6666666666666666,328.005,342.08,0,0,0,0,0,27.131096366666668,1.13380690538754,0
2818,high_confidence_satellite_false_positive,satellite_only,0,0,1,1.0,49.01,49.01,0.0,0.0,0.0,0,0,0,0,0,0.0,0.0,0
2819,high_low_satellite_false_alarm,mixed_confidence,3,0,0,0.6666666666666666,41.915,54.25,0.6666666666666666,306.125,309.95,1,0,0,0,0,21.1845357,1.6156226681646888,0
2820,high_confidence_satellite_with_news,satellite_news,0,0,2,1.0,133.8,145.28,1.0,343.875,377.55,0,0,1,1,0,12.344775083333333,1.9593976044714063,1
2821,mixed_confidence_non_fire_heat_source,mixed_confidence,1,1,1,1.0,43.126666666666665,89.07,0.6666666666666666,359.675,367.97,0,0,0,0,0,18.48904053333333,1.1332988572240166,0
2822,nominal_satellite_with_news,satellite_news,0,1,0,1.0,29.75,29.75,1.0,329.27,329.27,0,2,0,0,0,8.7682487,1.1850400504440914,1
2823,multi_confidence_persistent_real_fire,multi_satellite,2,1,1,0.75,67.80666666666667,101.5,1.0,354.75,379.77,2,0,0,0,0,41.1859176,2.6374840564798565,1
2824,high_confidence_satellite_with_news,satellite_news,0,0,2,1.0,125.75500000000001,140.36,1.0,376.44500000000005,379.1,0,0,1,0,0,7.391815983333333,2.966320902760523,1
2825,nominal_satellite_with_news,satellite_news,0,1,0,1.0,55.18,55.18,1.0,344.52,344.52,0,1,0,0,0,19.781505533333334,0.353629682303053,1
2826,high_confidence_satellite_false_positive,satellite_only,0,0,1,0.0,0.0,0.0,1.0,321.67,321.67,0,0,0,0,0,0.0,0.0,0
2827,news_rumor_no_fire,news_only,0,0,0,0.0,0.0,0.0,0.0,0.0,0.0,0,0,1,0,0,0.0,0.0,0
2828,news_rumor_no_fire,news_only,0,0,0,0.0,0.0,0.0,0.0,0.0,0.0,0,0,0,0,1,0.0,0.0,0
2829,high_confidence_satellite_with_news,satellite_news,0,0,1,1.0,90.0,90.0,1.0,366.11,366.11,0,0,1,1,0,17.2080532,1.7142745490312399,1
2830,mixed_confidence_satellite_real_fire,mixed_confidence,2,0,2,0.75,40.416666666666664,72.09,0.5,335.705,362.63,0,0,1,0,0,38.33969095,2.986144398935326,1
2831,low_confidence_satellite_noise,satellite_only,3,0,0,1.0,19.863333333333333,38.19,0.3333333333333333,295.31,295.31,0,0,0,0,0,34.75139801666667,1.1707790412197834,0
2832,nominal_satellite_with_news,satellite_news,0,1,0,1.0,63.12,63.12,0.0,0.0,0.0,0,2,0,0,0,7.758269100000001,2.074992863600193,1
2833,high_confidence_satellite_with_news,satellite_news,0,0,3,1.0,104.10000000000001,144.99,0.6666666666666666,384.99,399.76,0,0,0,2,0,20.232839183333333,3.1943941086553105,1
2834,correlated_satellite_news_false_alarm,satellite_news,1,1,0,1.0,38.14,54.0,1.0,339.62,349.4,0,0,2,0,0,23.6143078,3.0144469772691056,0
2835,high_low_satellite_false_alarm,mixed_confidence,2,0,0,1.0,84.385,116.26,1.0,341.4,373.97,0,0,0,0,0,8.3314874,1.3675022185389532,0
2836,multiple_news_same_false_alarm,news_only,0,0,0,0.0,0.0,0.0,0.0,0.0,0.0,1,1,2,0,0,39.954138433333334,1.1506446379732282,0
2837,nominal_satellite_false_heat_source,satellite_only,0,2,0,1.0,45.33,55.46,1.0,308.81,321.05,0,0,0,0,0,7.9672204,1.4534693365763798,0
2838,multi_satellite_real_fire,multi_satellite,0,3,0,0.6666666666666666,69.605,89.03,0.6666666666666666,356.43,374.8,0,0,0,0,0,21.438404849999998,1.7787924268175792,1
2839,mixed_confidence_non_fire_heat_source,mixed_confidence,0,2,0,1.0,54.370000000000005,54.46,0.5,352.89,352.89,0,0,0,0,0,4.559348183333333,0.6168353042673158,0
2840,mixed_confidence_satellite_real_fire,mixed_confidence,1,0,1,1.0,79.85499999999999,92.27,0.5,360.59,360.59,0,0,2,0,0,33.84960658333333,3.964286372830266,1
2841,high_low_satellite_false_alarm,mixed_confidence,1,0,1,1.0,49.5,73.16,1.0,364.355,374.77,0,0,0,0,0,2.8115493166666665,1.9800205314016321,0
2842,multiple_news_same_false_alarm,news_only,0,0,0,0.0,0.0,0.0,0.0,0.0,0.0,0,1,1,0,0,3.1621040500000004,0.48936880831171586,0
2843,mixed_confidence_non_fire_heat_source,mixed_confidence,1,0,1,1.0,32.775,42.29,1.0,326.515,354.56,0,0,0,0,0,13.572138816666667,1.988148640129645,0
2844,high_low_satellite_false_alarm,mixed_confidence,1,0,2,1.0,62.72666666666667,84.01,0.6666666666666666,312.545,323.61,1,0,0,0,0,20.260195066666665,2.1611597968703986,0
2845,multi_satellite_plus_multi_news,satellite_news,0,1,2,0.6666666666666666,48.96,50.89,1.0,353.24666666666667,361.73,0,0,1,2,0,26.036263983333335,3.576372280164044,1
2846,nominal_satellite_false_heat_source,satellite_only,0,1,0,0.0,0.0,0.0,1.0,318.08,318.08,0,0,0,0,0,0.0,0.0,0
2847,nominal_satellite_with_news,satellite_news,0,2,0,1.0,36.185,44.7,0.5,320.86,320.86,0,0,0,1,0,28.11965736666667,2.5452998767215163,1
2848,news_only_before_satellite,news_only,0,0,0,0.0,0.0,0.0,0.0,0.0,0.0,0,1,0,0,0,0.0,0.0,1
2849,multi_confidence_persistent_real_fire,multi_satellite,1,2,0,0.6666666666666666,64.72,85.34,0.6666666666666666,332.86,362.55,0,1,0,1,0,39.52204508333333,2.256105609626384,1
2850,news_only_before_satellite,news_only,0,0,0,0.0,0.0,0.0,0.0,0.0,0.0,0,1,0,0,1,21.55665805,0.407520615888163,1
2851,multi_satellite_real_fire,multi_satellite,0,2,1,0.6666666666666666,60.96,100.93,0.6666666666666666,335.24,368.7,0,0,0,0,0,26.892707166666664,2.8119959858361803,1
2852,multi_confidence_persistent_real_fire,multi_satellite,1,2,1,1.0,75.8575,103.59,0.75,361.0533333333333,369.89,0,1,1,0,0,42.3589223,3.0081833743123685,1
2853,high_confidence_satellite_with_news,satellite_news,0,0,2,0.0,0.0,0.0,1.0,319.42499999999995,325.57,0,0,0,1,0,17.349252583333335,2.1739410546086346,1
2854,satellite_only_before_news,satellite_only,0,0,2,0.0,0.0,0.0,1.0,360.72,367.2,0,0,0,0,0,9.820837299999999,2.1071184919923778,1
2855,mixed_satellite_with_false_news,mixed_confidence,0,1,1,1.0,78.25999999999999,99.08,0.5,314.52,314.52,1,0,0,0,0,26.663517000000002,2.6430596632834567,0
2856,correlated_satellite_news_false_alarm,satellite_news,1,0,0,1.0,6.47,6.47,1.0,309.86,309.86,0,0,2,0,0,14.089817783333332,1.80263178702216,0
2857,mixed_confidence_non_fire_heat_source,mixed_confidence,1,2,1,0.75,89.37666666666667,96.78,0.75,333.97666666666663,337.03,0,0,0,0,0,25.5786598,1.8347363374525276,0
2858,multi_satellite_real_fire,multi_satellite,0,2,1,0.3333333333333333,21.31,21.31,0.6666666666666666,339.445,342.74,0,0,0,0,0,33.802292783333336,1.3572570213340651,1
2859,satellite_only_before_news,satellite_only,0,0,1,1.0,43.76,43.76,0.0,0.0,0.0,0,0,0,0,0,0.0,0.0,1
2860,multi_satellite_plus_multi_news,satellite_news,0,1,1,0.5,55.11,55.11,1.0,319.645,332.54,0,0,1,1,0,32.996896650000004,2.2731486158306864,1
2861,nominal_low_satellite_with_news_real_fire,mixed_confidence,0,3,0,0.3333333333333333,16.05,16.05,1.0,323.7866666666667,366.04,0,0,1,0,0,9.612590083333334,2.9971307917526047,1
2862,correlated_satellite_news_false_alarm,satellite_news,2,0,0,0.5,48.85,48.85,1.0,329.03,336.73,0,1,1,0,0,23.642986816666667,2.811461351051462,0
2863,multi_confidence_persistent_real_fire,multi_satellite,2,2,1,0.4,31.445,36.98,0.6,358.4733333333333,382.5,0,0,0,0,0,26.29184165,2.6359256952539605,1
2864,multi_satellite_plus_multi_news,satellite_news,0,3,0,1.0,84.65333333333332,118.11,0.3333333333333333,352.53,352.53,0,0,2,0,0,27.048260866666666,2.403937526181415,1
2865,high_low_satellite_with_news_real_fire,mixed_confidence,2,0,0,0.5,62.14,62.14,1.0,355.21500000000003,360.42,0,1,0,1,0,30.613038383333333,1.7635779190628127,1
2866,mixed_confidence_satellite_real_fire,mixed_confidence,1,1,0,1.0,40.775,56.67,1.0,316.895,319.42,0,0,0,0,0,8.051670766666668,2.191737694599362,1
2867,high_confidence_satellite_false_positive,satellite_only,0,0,1,1.0,61.78,61.78,0.0,0.0,0.0,0,0,0,0,0,0.0,0.0,0
2868,low_confidence_satellite_noise,satellite_only,2,0,0,1.0,34.115,36.85,1.0,308.91499999999996,322.27,0,0,0,0,0,2.4346005833333333,1.133849012779256,0
2869,high_confidence_satellite_false_positive,satellite_only,0,0,1,1.0,85.07,85.07,1.0,309.44,309.44,0,0,0,0,0,0.0,0.0,0
2870,persistent_non_wildfire_heat_source,multi_satellite,1,1,0,0.0,0.0,0.0,1.0,309.865,314.58,0,0,0,0,0,30.86498346666667,0.9798638108644812,0
2871,nominal_satellite_with_news,satellite_news,0,1,0,1.0,75.63,75.63,1.0,336.36,336.36,0,0,0,2,0,22.328767483333333,1.302989859431989,1
2872,news_only_before_satellite,news_only,0,0,0,0.0,0.0,0.0,0.0,0.0,0.0,0,0,1,0,0,0.0,0.0,1
2873,low_confidence_satellite_noise,satellite_only,2,0,0,1.0,31.23,39.5,0.5,317.26,317.26,0,0,0,0,0,22.1780793,0.2750693337583565,0
2874,nominal_satellite_with_news,satellite_news,0,1,0,1.0,75.41,75.41,1.0,305.39,305.39,0,0,1,1,0,7.38652075,3.3576394254830886,1
2875,mixed_satellite_with_false_news,mixed_confidence,0,1,1,1.0,87.165,97.93,0.0,0.0,0.0,2,0,0,0,0,9.97854165,2.3023458582588168,0
2876,mixed_satellite_with_false_news,mixed_confidence,1,0,0,0.0,0.0,0.0,1.0,335.86,335.86,0,0,1,0,0,2.7860351,0.4850231986291117,0
2877,mixed_satellite_with_false_news,mixed_confidence,1,0,0,1.0,57.88,57.88,1.0,362.7,362.7,1,0,0,0,0,24.679632366666667,2.412061049790007,0
2878,multi_satellite_real_fire,multi_satellite,0,2,0,0.5,86.09,86.09,1.0,339.81,347.08,0,0,0,0,0,19.303673916666664,1.4994942283361186,1
2879,mixed_satellite_with_false_news,mixed_confidence,1,1,1,1.0,33.6,49.03,0.6666666666666666,327.69500000000005,350.98,1,1,0,0,0,3.9221195166666667,1.4785348559526301,0
2880,multi_confidence_persistent_real_fire,multi_satellite,1,0,2,0.6666666666666666,77.785,103.03,1.0,360.7133333333333,384.39,0,0,1,0,0,31.061362616666667,2.006744256600034,1
2881,multi_satellite_plus_multi_news,satellite_news,0,2,1,0.6666666666666666,62.43,93.55,1.0,359.66,375.76,0,0,0,2,0,30.122636566666664,2.390514175180883,1
2882,high_low_satellite_with_news_real_fire,mixed_confidence,1,0,2,1.0,77.83333333333333,108.82,0.3333333333333333,320.71,320.71,0,0,0,1,0,16.410676916666667,3.5099229849852938,1
2883,low_confidence_satellite_noise,satellite_only,1,0,0,0.0,0.0,0.0,0.0,0.0,0.0,0,0,0,0,0,0.0,0.0,0
2884,multiple_news_same_false_alarm,news_only,0,0,0,0.0,0.0,0.0,0.0,0.0,0.0,2,0,2,0,0,33.614067633333335,0.8929709977621602,0
2885,high_low_satellite_with_news_real_fire,mixed_confidence,0,0,2,1.0,76.675,87.63,1.0,339.475,375.05,0,0,1,0,0,24.767392649999998,2.7103290256985315,1
2886,mixed_confidence_non_fire_heat_source,mixed_confidence,1,0,1,0.5,25.2,25.2,1.0,344.005,350.12,0,0,0,0,0,25.065801916666665,0.5622672438505858,0
2887,mixed_confidence_non_fire_heat_source,mixed_confidence,0,2,2,0.75,64.85666666666667,94.54,0.5,354.735,367.12,0,0,0,0,0,14.798606083333334,1.2348280911848832,0
2888,news_rumor_no_fire,news_only,0,0,0,0.0,0.0,0.0,0.0,0.0,0.0,1,0,0,0,0,0.0,0.0,0
2889,multi_satellite_plus_multi_news,satellite_news,0,1,1,1.0,89.72,102.84,1.0,333.33000000000004,346.55,0,0,0,3,0,38.089070633333336,3.526154902142706,1
2890,nominal_satellite_false_heat_source,satellite_only,0,1,0,1.0,34.26,34.26,0.0,0.0,0.0,0,0,0,0,0,0.0,0.0,0
2891,satellite_only_before_news,satellite_only,0,1,0,1.0,39.64,39.64,0.0,0.0,0.0,0,0,0,0,0,0.0,0.0,1
2892,persistent_non_wildfire_heat_source,multi_satellite,2,2,0,1.0,58.1025,78.59,1.0,326.1375,359.13,0,0,0,0,0,41.435912316666666,2.847261923386655,0
2893,mixed_confidence_satellite_real_fire,mixed_confidence,2,1,1,0.75,67.91666666666667,96.33,0.5,324.385,337.57,0,0,2,0,0,28.067128,1.8568047949389572,1
2894,mixed_confidence_non_fire_heat_source,mixed_confidence,1,2,1,0.5,70.6,109.3,1.0,331.36,350.43,0,0,0,0,0,13.651762083333333,1.718250185680571,0
2895,persistent_non_wildfire_heat_source,multi_satellite,1,2,0,1.0,69.24000000000001,74.77,0.3333333333333333,301.27,301.27,0,0,0,0,0,14.878147783333333,1.1639917156579296,0
2896,high_confidence_satellite_with_news,satellite_news,0,0,1,1.0,50.73,50.73,1.0,321.6,321.6,0,0,1,1,0,9.336837083333334,1.226332905469862,1
2897,high_confidence_satellite_with_news,satellite_news,0,0,3,0.6666666666666666,62.09,78.45,0.6666666666666666,333.375,346.25,0,0,0,2,0,24.460549133333334,3.224156490088454,1
2898,multi_confidence_persistent_real_fire,multi_satellite,0,1,2,1.0,59.79999999999999,74.92,0.6666666666666666,345.47,366.32,0,0,0,0,0,37.07330253333334,1.5925868479626673,1
2899,low_confidence_satellite_noise,satellite_only,1,0,0,0.0,0.0,0.0,0.0,0.0,0.0,0,0,0,0,0,0.0,0.0,0
2900,mixed_confidence_non_fire_heat_source,mixed_confidence,2,0,2,1.0,71.645,98.52,0.75,332.43666666666667,352.28,0,0,0,0,0,8.637054449999999,1.6427864014412126,0
2901,multiple_news_same_false_alarm,news_only,0,0,0,0.0,0.0,0.0,0.0,0.0,0.0,0,2,1,0,0,12.869152583333333,1.0955401812806422,0
2902,multi_satellite_real_fire,multi_satellite,0,2,1,0.3333333333333333,107.77,107.77,1.0,336.23333333333335,358.79,0,0,0,0,0,18.264782733333334,2.4832114497544175,1
2903,high_confidence_satellite_false_positive,satellite_only,0,0,1,1.0,61.05,61.05,1.0,333.2,333.2,0,0,0,0,0,0.0,0.0,0
2904,nominal_satellite_with_news,satellite_news,0,2,0,1.0,76.6,79.93,0.5,325.39,325.39,0,1,0,0,0,27.6221471,2.568030598654252,1
2905,multi_satellite_plus_multi_news,satellite_news,0,1,3,1.0,86.32,127.02,1.0,347.90000000000003,386.09,0,0,1,1,0,30.3568369,3.104541122617601,1
2906,multi_satellite_plus_multi_news,satellite_news,0,2,2,1.0,59.559999999999995,93.64,0.5,361.315,386.61,0,0,2,1,0,36.46663123333334,2.54051485652142,1
2907,high_confidence_satellite_with_news,satellite_news,0,0,2,1.0,76.925,92.13,0.5,332.5,332.5,0,0,1,1,0,23.014930250000003,1.5742765109657764,1
2908,high_low_satellite_with_news_real_fire,mixed_confidence,0,0,2,1.0,45.835,54.7,1.0,360.78999999999996,366.06,0,1,0,0,0,19.19931743333333,1.6448384335522943,1
2909,mixed_confidence_satellite_real_fire,mixed_confidence,0,1,1,1.0,42.47,55.48,0.5,306.83,306.83,0,0,0,1,0,7.1865243,3.7037662668266,1
2910,nominal_low_satellite_with_news_real_fire,mixed_confidence,2,1,0,0.6666666666666666,44.825,66.12,0.6666666666666666,341.52,350.62,0,1,1,0,0,27.522073966666667,2.225300657586701,1
2911,multi_satellite_plus_multi_news,satellite_news,0,2,1,1.0,74.49,99.1,0.3333333333333333,340.28,340.28,0,0,0,3,0,28.095241716666667,2.7448241360891577,1
2912,nominal_satellite_with_news,satellite_news,0,2,0,0.0,0.0,0.0,0.0,0.0,0.0,0,0,0,1,0,12.782282583333334,2.4685049371997074,1
2913,high_confidence_satellite_with_news,satellite_news,0,0,3,1.0,80.19333333333333,143.26,1.0,373.59666666666664,393.43,0,0,1,1,0,16.735678266666667,3.658561952275802,1
2914,mixed_confidence_satellite_real_fire,mixed_confidence,1,0,3,0.75,43.343333333333334,78.66,1.0,327.805,340.54,1,1,0,0,0,44.394231033333334,2.6429579533590166,1
2915,nominal_low_satellite_with_news_real_fire,mixed_confidence,1,1,0,1.0,52.655,83.95,1.0,306.07500000000005,316.67,0,1,0,0,0,29.863467283333332,3.4780967355315484,1
2916,mixed_satellite_with_false_news,mixed_confidence,2,0,1,1.0,60.58333333333334,99.12,1.0,317.0933333333333,325.48,1,0,0,0,0,13.526410499999999,3.5160545074220324,0
2917,multi_satellite_real_fire,multi_satellite,0,1,1,0.5,113.74,113.74,0.5,353.43,353.43,0,0,0,0,0,31.468813416666666,1.23759786929974,1
2918,mixed_confidence_satellite_real_fire,mixed_confidence,1,0,3,0.75,53.00666666666666,75.8,1.0,321.90250000000003,340.1,0,1,1,0,0,43.59922888333333,3.5810110516483844,1
2919,high_low_satellite_false_alarm,mixed_confidence,2,0,1,0.6666666666666666,78.46000000000001,116.86,0.3333333333333333,322.59,322.59,0,0,0,0,0,5.4662475,1.4262573494864024,0
2920,high_confidence_satellite_false_positive,satellite_only,0,0,1,1.0,79.04,79.04,1.0,373.02,373.02,0,0,0,0,0,0.0,0.0,0
2921,high_confidence_satellite_false_positive,satellite_only,0,0,1,1.0,129.07,129.07,1.0,305.7,305.7,0,0,0,0,0,0.0,0.0,0
2922,news_rumor_no_fire,news_only,0,0,0,0.0,0.0,0.0,0.0,0.0,0.0,0,0,1,0,0,0.0,0.0,0
2923,multi_satellite_plus_multi_news,satellite_news,0,1,1,1.0,63.875,93.2,1.0,363.78499999999997,374.64,0,0,0,3,0,37.01151168333333,3.9918465384029678,1
2924,mixed_confidence_non_fire_heat_source,mixed_confidence,0,0,2,1.0,93.36500000000001,103.67,1.0,319.42,338.91,0,0,0,0,0,10.14871215,0.27451418051275567,0
2925,nominal_satellite_with_news,satellite_news,0,1,0,1.0,64.7,64.7,0.0,0.0,0.0,0,1,0,1,0,24.160740283333332,3.031877930246116,1
2926,news_only_before_satellite,news_only,0,0,0,0.0,0.0,0.0,0.0,0.0,0.0,0,0,1,0,0,0.0,0.0,1
2927,nominal_low_satellite_with_news_real_fire,mixed_confidence,1,1,0,1.0,52.005,87.34,0.5,362.24,362.24,0,2,0,0,0,18.81920458333333,2.73838369255086,1
2928,multi_satellite_plus_multi_news,satellite_news,0,2,0,0.5,101.56,101.56,0.5,356.21,356.21,0,0,1,1,0,41.18642631666667,2.1751130684092765,1
2929,low_confidence_satellite_noise,satellite_only,1,0,0,1.0,9.57,9.57,0.0,0.0,0.0,0,0,0,0,0,0.0,0.0,0
2930,multiple_news_same_false_alarm,news_only,0,0,0,0.0,0.0,0.0,0.0,0.0,0.0,1,3,0,0,0,27.647953716666667,1.1553372508524533,0
2931,multi_satellite_plus_multi_news,satellite_news,0,3,1,1.0,64.7625,123.05,1.0,363.2,386.79,0,0,1,1,0,39.696532299999994,3.2546436999325103,1
2932,multi_confidence_persistent_real_fire,multi_satellite,1,2,1,0.75,57.42666666666667,96.64,0.75,352.78,382.75,0,1,0,0,0,17.47343105,2.3521860506412002,1
2933,high_low_satellite_false_alarm,mixed_confidence,2,0,1,1.0,26.893333333333334,38.99,0.6666666666666666,375.205,381.28,1,0,0,0,0,18.24415905,1.9021879871156286,0
2934,high_low_satellite_with_news_real_fire,mixed_confidence,0,0,2,1.0,66.63499999999999,116.91,0.0,0.0,0.0,0,0,0,1,0,29.52805355,1.8431131446878308,1
2935,nominal_low_satellite_with_news_real_fire,mixed_confidence,1,2,0,1.0,44.14000000000001,83.79,0.6666666666666666,315.37,322.62,0,1,0,0,0,20.144494216666665,3.0160123554601497,1
2936,multi_satellite_real_fire,multi_satellite,0,3,0,0.0,0.0,0.0,1.0,354.57666666666665,379.81,0,0,0,0,0,25.058720683333334,2.3214430643862483,1
2937,nominal_satellite_with_news,satellite_news,0,1,0,1.0,30.88,30.88,0.0,0.0,0.0,0,2,0,0,0,18.43429593333333,2.6445620288590197,1
2938,multi_satellite_plus_multi_news,satellite_news,0,2,1,1.0,110.46333333333332,123.1,1.0,346.48333333333335,379.03,0,0,1,2,0,42.753485266666665,2.976616237157747,1
2939,satellite_only_before_news,satellite_only,0,2,0,0.5,61.66,61.66,1.0,329.90999999999997,353.43,0,0,0,0,0,4.9397173,0.7237753038082769,1
2940,persistent_non_wildfire_heat_source,multi_satellite,1,2,0,1.0,47.71666666666666,77.07,0.3333333333333333,356.08,356.08,0,0,0,0,0,13.33613935,1.1603020212947341,0
2941,news_rumor_no_fire,news_only,0,0,0,0.0,0.0,0.0,0.0,0.0,0.0,0,0,0,1,0,0.0,0.0,0
2942,low_confidence_satellite_noise,satellite_only,2,0,0,0.5,29.64,29.64,0.5,298.83,298.83,0,0,0,0,0,32.6751213,1.0248090572363402,0
2943,multi_satellite_real_fire,multi_satellite,0,1,2,1.0,54.24333333333333,93.74,0.6666666666666666,323.665,332.85,0,0,0,0,0,20.08632768333333,1.4773845162525576,1
2944,nominal_satellite_with_news,satellite_news,0,2,0,0.5,46.5,46.5,1.0,349.995,354.39,0,0,0,2,0,20.166873333333335,2.48829691647921,1
2945,nominal_low_satellite_with_news_real_fire,mixed_confidence,3,0,0,1.0,46.879999999999995,82.69,0.6666666666666666,321.395,329.2,0,1,0,0,0,26.542381533333334,2.013940186093603,1
2946,correlated_satellite_news_false_alarm,satellite_news,0,2,0,1.0,48.07,51.63,0.5,296.45,296.45,0,0,1,0,0,4.765823733333334,2.3852118058516605,0
2947,mixed_confidence_satellite_real_fire,mixed_confidence,2,0,1,0.3333333333333333,101.17,101.17,0.6666666666666666,364.355,367.75,0,0,0,0,0,14.051144366666668,2.226277774656753,1
2948,nominal_satellite_false_heat_source,satellite_only,0,2,0,0.5,53.53,53.53,1.0,309.63,317.49,0,0,0,0,0,5.160323216666667,1.271264893730477,0
2949,mixed_satellite_with_false_news,mixed_confidence,1,0,0,1.0,11.94,11.94,1.0,303.5,303.5,1,0,0,0,0,14.3256411,0.8260914727850813,0
2950,nominal_low_satellite_with_news_real_fire,mixed_confidence,0,2,0,1.0,26.19,35.52,1.0,357.23,368.85,0,1,0,0,0,12.947728183333334,2.1391469618556496,1
2951,high_confidence_satellite_false_positive,satellite_only,0,0,1,1.0,128.0,128.0,1.0,362.64,362.64,0,0,0,0,0,0.0,0.0,0
2952,nominal_low_satellite_with_news_real_fire,mixed_confidence,2,0,0,1.0,34.565,43.21,1.0,339.015,349.33,0,1,0,0,0,17.21639635,1.8195048505653106,1
2953,satellite_only_before_news,satellite_only,0,0,1,0.0,0.0,0.0,1.0,321.01,321.01,0,0,0,0,0,0.0,0.0,1
2954,satellite_only_before_news,satellite_only,0,1,1,0.5,90.32,90.32,1.0,324.345,342.65,0,0,0,0,0,0.041584916666666666,1.471302812637399,1
2955,high_low_satellite_false_alarm,mixed_confidence,0,0,3,0.3333333333333333,52.53,52.53,0.6666666666666666,337.58,340.32,1,0,0,0,0,17.8108508,2.028723815077384,0
2956,high_low_satellite_with_news_real_fire,mixed_confidence,2,0,0,0.0,0.0,0.0,1.0,342.65,380.72,0,0,1,0,0,5.095271433333334,1.3285442203716777,1
2957,nominal_satellite_with_news,satellite_news,0,1,0,0.0,0.0,0.0,1.0,348.01,348.01,0,0,1,0,0,2.2943095166666665,3.515577377847839,1
2958,multiple_news_same_false_alarm,news_only,0,0,0,0.0,0.0,0.0,0.0,0.0,0.0,0,1,2,0,0,10.544027516666667,0.5243708902203909,0
2959,mixed_satellite_with_false_news,mixed_confidence,1,1,1,1.0,33.46333333333333,64.91,0.6666666666666666,327.615,356.01,1,0,1,0,0,17.4613773,2.4786229499255983,0
2960,high_confidence_satellite_with_news,satellite_news,0,0,1,1.0,123.55,123.55,0.0,0.0,0.0,0,0,1,0,0,3.4844454333333332,2.23875506026034,1
2961,nominal_low_satellite_with_news_real_fire,mixed_confidence,2,1,0,0.6666666666666666,38.835,67.62,1.0,326.8866666666667,342.1,0,0,1,0,0,32.39441063333333,2.707692690318366,1
2962,low_confidence_satellite_noise,satellite_only,3,0,0,1.0,32.16,37.74,0.6666666666666666,298.975,305.82,0,0,0,0,0,26.854560033333332,2.994003835723717,0
2963,high_low_satellite_with_news_real_fire,mixed_confidence,1,0,1,1.0,74.63,81.81,1.0,356.46500000000003,379.05,0,1,0,0,0,24.9855199,2.0587382527223697,1
2964,news_rumor_no_fire,news_only,0,0,0,0.0,0.0,0.0,0.0,0.0,0.0,1,0,0,0,0,0.0,0.0,0
2965,correlated_satellite_news_false_alarm,satellite_news,1,0,0,1.0,32.2,32.2,1.0,296.86,296.86,0,0,1,0,0,15.968967933333333,1.2296739689598126,0
2966,multiple_news_same_false_alarm,news_only,0,0,0,0.0,0.0,0.0,0.0,0.0,0.0,1,0,1,0,0,21.07349805,0.5383426943950295,0
2967,news_rumor_no_fire,news_only,0,0,0,0.0,0.0,0.0,0.0,0.0,0.0,1,0,0,0,0,0.0,0.0,0
2968,multi_confidence_persistent_real_fire,multi_satellite,0,3,2,0.2,98.3,98.3,0.8,336.97749999999996,358.44,0,0,0,0,0,26.06539145,2.132193303334935,1
2969,nominal_satellite_false_heat_source,satellite_only,0,1,0,1.0,45.26,45.26,1.0,315.24,315.24,0,0,0,0,0,0.0,0.0,0
2970,low_confidence_satellite_noise,satellite_only,3,0,0,0.3333333333333333,36.86,36.86,0.6666666666666666,299.32500000000005,299.72,0,0,0,0,0,21.662883150000003,2.1445156355613597,0
2971,mixed_confidence_satellite_real_fire,mixed_confidence,1,3,0,0.75,43.85999999999999,72.55,0.5,356.03499999999997,379.26,0,0,1,0,0,34.21097491666667,2.5431631708402476,1
2972,multi_confidence_persistent_real_fire,multi_satellite,0,2,1,1.0,49.97,96.32,0.6666666666666666,341.975,380.93,0,0,0,0,0,21.235452233333334,1.9532931355800929,1
2973,high_confidence_satellite_false_positive,satellite_only,0,0,1,1.0,87.02,87.02,1.0,337.02,337.02,0,0,0,0,0,0.0,0.0,0
2974,nominal_satellite_false_heat_source,satellite_only,0,2,0,0.5,51.73,51.73,0.0,0.0,0.0,0,0,0,0,0,9.0787607,0.9831327847648473,0
2975,nominal_low_satellite_with_news_real_fire,mixed_confidence,0,3,0,0.3333333333333333,53.65,53.65,0.6666666666666666,328.365,360.69,0,0,1,0,0,24.85547776666667,3.8527242503083188,1
2976,high_confidence_satellite_with_news,satellite_news,0,0,3,1.0,52.24333333333333,70.82,0.6666666666666666,353.835,385.58,0,0,0,2,0,28.206112716666667,1.475626082781268,1
2977,news_only_before_satellite,news_only,0,0,0,0.0,0.0,0.0,0.0,0.0,0.0,0,2,0,0,0,10.945577516666667,0.7736338601884932,1
2978,news_only_before_satellite,news_only,0,0,0,0.0,0.0,0.0,0.0,0.0,0.0,0,1,0,0,0,0.0,0.0,1
2979,high_low_satellite_with_news_real_fire,mixed_confidence,1,0,2,1.0,51.46,86.66,1.0,368.6933333333333,384.45,0,2,0,0,0,31.811632783333334,3.212365029660567,1
2980,high_low_satellite_false_alarm,mixed_confidence,1,0,1,1.0,109.89500000000001,114.87,1.0,344.275,360.46,0,0,0,0,0,24.88663785,0.824644109376118,0
2981,news_rumor_no_fire,news_only,0,0,0,0.0,0.0,0.0,0.0,0.0,0.0,0,0,0,1,0,0.0,0.0,0
2982,high_confidence_satellite_false_positive,satellite_only,0,0,1,1.0,132.42,132.42,1.0,324.0,324.0,0,0,0,0,0,0.0,0.0,0
2983,multi_satellite_real_fire,multi_satellite,0,1,1,1.0,88.065,111.52,1.0,359.755,369.31,0,0,0,0,0,8.850514883333334,2.330363907762526,1
2984,high_low_satellite_false_alarm,mixed_confidence,1,0,2,0.6666666666666666,58.045,82.52,0.6666666666666666,306.53999999999996,307.95,1,0,0,0,0,10.259369316666666,3.0159581452765347,0
2985,mixed_confidence_satellite_real_fire,mixed_confidence,0,3,1,0.75,93.62333333333333,98.79,0.75,359.0233333333333,371.51,0,0,0,0,0,29.291520833333333,3.621926347817258,1
2986,nominal_satellite_false_heat_source,satellite_only,0,1,0,0.0,0.0,0.0,0.0,0.0,0.0,0,0,0,0,0,0.0,0.0,0
2987,multiple_news_same_false_alarm,news_only,0,0,0,0.0,0.0,0.0,0.0,0.0,0.0,0,2,1,0,0,18.211777766666668,1.2244599376979497,0
2988,mixed_satellite_with_false_news,mixed_confidence,0,0,1,0.0,0.0,0.0,1.0,359.21,359.21,0,1,0,0,0,16.0720404,1.214410528439103,0
2989,multiple_news_same_false_alarm,news_only,0,0,0,0.0,0.0,0.0,0.0,0.0,0.0,1,2,1,0,0,22.53146315,0.6023386528622011,0
2990,multi_satellite_real_fire,multi_satellite,0,1,2,1.0,76.05666666666667,80.87,1.0,370.42333333333335,375.33,0,0,0,0,0,13.488052283333333,2.2413309679549016,1
2991,mixed_satellite_with_false_news,mixed_confidence,0,0,1,1.0,12.23,12.23,0.0,0.0,0.0,2,0,0,0,0,27.203796216666667,2.333137216424851,0
2992,high_confidence_satellite_with_news,satellite_news,0,0,1,1.0,101.04,101.04,1.0,357.75,357.75,0,0,0,1,0,1.0166159000000001,1.4139306659872408,1
2993,nominal_satellite_false_heat_source,satellite_only,0,1,0,0.0,0.0,0.0,1.0,324.59,324.59,0,0,0,0,0,0.0,0.0,0
2994,mixed_confidence_satellite_real_fire,mixed_confidence,2,0,1,0.6666666666666666,46.92,82.44,1.0,360.58666666666664,370.51,0,0,0,0,0,7.446008716666666,2.525008388878931,1
2995,nominal_satellite_false_heat_source,satellite_only,0,2,0,0.5,23.08,23.08,1.0,337.71000000000004,339.86,0,0,0,0,0,4.0704465,0.4331979812683071,0
2996,news_only_before_satellite,news_only,0,0,0,0.0,0.0,0.0,0.0,0.0,0.0,0,0,0,0,1,0.0,0.0,1
2997,news_rumor_no_fire,news_only,0,0,0,0.0,0.0,0.0,0.0,0.0,0.0,0,0,0,1,0,0.0,0.0,0
2998,high_confidence_satellite_false_positive,satellite_only,0,0,1,0.0,0.0,0.0,0.0,0.0,0.0,0,0,0,0,0,0.0,0.0,0
2999,high_confidence_satellite_with_news,satellite_news,0,0,1,1.0,141.14,141.14,1.0,378.73,378.73,0,0,1,1,0,2.80873065,3.2621656948435875,1
3000,high_confidence_satellite_with_news,satellite_news,0,0,2,0.0,0.0,0.0,0.0,0.0,0.0,0,0,1,0,0,8.1361036,2.6324903752010287,1
3001,mixed_confidence_satellite_real_fire,mixed_confidence,1,3,0,0.5,56.22,96.73,0.75,337.1766666666667,347.87,1,0,0,1,0,34.779415783333334,3.394137764546853,1
3002,satellite_only_before_news,satellite_only,0,1,1,1.0,71.17,77.41,1.0,340.655,362.21,0,0,0,0,0,5.120300766666667,2.102265657501453,1
3003,nominal_satellite_with_news,satellite_news,0,2,0,0.5,53.08,53.08,1.0,333.615,356.75,0,1,0,0,0,13.838220549999999,2.3824080323854444,1
3004,news_only_before_satellite,news_only,0,0,0,0.0,0.0,0.0,0.0,0.0,0.0,0,1,0,0,1,7.818901433333334,0.6741073507352795,1
3005,news_rumor_no_fire,news_only,0,0,0,0.0,0.0,0.0,0.0,0.0,0.0,1,0,0,0,0,0.0,0.0,0
3006,high_low_satellite_with_news_real_fire,mixed_confidence,1,0,1,0.5,120.89,120.89,0.5,322.48,322.48,0,1,1,0,0,18.6482398,3.662163758387164,1
3007,mixed_confidence_non_fire_heat_source,mixed_confidence,0,1,1,1.0,64.15,80.29,0.5,329.67,329.67,0,0,0,0,0,10.30402755,1.7956712428442276,0
3008,high_low_satellite_with_news_real_fire,mixed_confidence,0,0,2,0.5,52.6,52.6,1.0,325.78,330.68,0,0,1,0,0,4.958445133333333,1.8976821831177642,1
3009,high_confidence_satellite_with_news,satellite_news,0,0,1,1.0,40.86,40.86,0.0,0.0,0.0,0,0,1,0,0,1.0249541666666666,1.2035015526104074,1
3010,news_rumor_no_fire,news_only,0,0,0,0.0,0.0,0.0,0.0,0.0,0.0,1,0,0,0,0,0.0,0.0,0
3011,persistent_non_wildfire_heat_source,multi_satellite,2,1,0,1.0,37.52333333333333,67.57,1.0,329.8766666666667,334.97,0,0,0,0,0,38.31227813333333,2.260113868295428,0
3012,mixed_confidence_non_fire_heat_source,mixed_confidence,1,1,2,0.5,53.04,93.35,0.75,327.2366666666667,353.98,0,0,0,0,0,13.175614316666667,1.6058587876396462,0
3013,news_rumor_no_fire,news_only,0,0,0,0.0,0.0,0.0,0.0,0.0,0.0,0,0,0,1,0,0.0,0.0,0
3014,nominal_satellite_false_heat_source,satellite_only,0,2,0,0.0,0.0,0.0,0.5,322.07,322.07,0,0,0,0,0,0.07174028333333334,0.6981040400632031,0
3015,multi_confidence_persistent_real_fire,multi_satellite,2,0,1,0.6666666666666666,42.685,60.8,0.6666666666666666,318.43,322.35,1,0,0,0,0,30.359724716666666,1.4193379356140285,1
3016,nominal_low_satellite_with_news_real_fire,mixed_confidence,1,1,0,1.0,42.43,58.77,0.5,331.69,331.69,0,1,1,0,0,16.80246145,1.831886397883468,1
3017,multi_satellite_real_fire,multi_satellite,0,2,1,0.6666666666666666,47.230000000000004,65.28,1.0,332.99666666666667,342.71,0,0,0,0,0,31.664597383333334,1.3102088553172873,1
3018,satellite_only_before_news,satellite_only,0,1,1,1.0,63.980000000000004,82.29,0.5,363.35,363.35,0,0,0,0,0,7.414260916666667,0.15887944757685415,1
3019,high_low_satellite_with_news_real_fire,mixed_confidence,1,0,2,0.3333333333333333,33.59,33.59,0.6666666666666666,324.385,324.85,0,1,0,0,0,32.11827495,2.3966487352190997,1
3020,news_only_before_satellite,news_only,0,0,0,0.0,0.0,0.0,0.0,0.0,0.0,0,2,0,0,0,25.821014950000002,1.0126447826738927,1
3021,nominal_satellite_with_news,satellite_news,0,1,0,1.0,37.32,37.32,1.0,327.5,327.5,0,1,0,0,0,18.58550635,2.066494534770917,1
3022,persistent_non_wildfire_heat_source,multi_satellite,2,1,0,1.0,41.46,60.42,1.0,314.6933333333333,342.81,0,0,0,0,0,13.314199233333333,3.0399094066776375,0
3023,low_confidence_satellite_noise,satellite_only,1,0,0,0.0,0.0,0.0,1.0,296.75,296.75,0,0,0,0,0,0.0,0.0,0
3024,nominal_satellite_with_news,satellite_news,0,2,0,1.0,47.045,50.8,1.0,330.65,351.06,0,0,2,0,0,13.791572916666667,1.9256931559076635,1
3025,high_low_satellite_false_alarm,mixed_confidence,2,0,1,0.6666666666666666,91.28999999999999,115.08,1.0,339.1566666666667,368.09,0,0,0,0,0,23.769358916666665,2.0679784053409316,0
3026,multi_satellite_real_fire,multi_satellite,0,1,2,1.0,55.870000000000005,63.87,0.3333333333333333,344.1,344.1,0,0,0,0,0,21.08713165,2.604396932151675,1
3027,high_confidence_satellite_false_positive,satellite_only,0,0,1,1.0,116.32,116.32,1.0,373.63,373.63,0,0,0,0,0,0.0,0.0,0
3028,persistent_non_wildfire_heat_source,multi_satellite,2,1,0,0.6666666666666666,40.38,51.74,0.6666666666666666,326.68,327.11,0,0,0,0,0,29.64276368333333,2.4208459506541486,0
3029,multi_confidence_persistent_real_fire,multi_satellite,1,0,2,1.0,60.39333333333334,81.9,1.0,355.09999999999997,379.43,0,0,1,1,0,26.473585583333332,2.5847521902703416,1
3030,low_confidence_satellite_noise,satellite_only,2,0,0,1.0,30.01,38.74,0.5,327.68,327.68,0,0,0,0,0,2.6637918833333334,1.89506853389492,0
3031,low_confidence_satellite_noise,satellite_only,3,0,0,0.0,0.0,0.0,0.6666666666666666,312.28,314.57,0,0,0,0,0,26.24332025,1.751031170940869,0
3032,news_rumor_no_fire,news_only,0,0,0,0.0,0.0,0.0,0.0,0.0,0.0,0,0,1,0,0,0.0,0.0,0
3033,high_confidence_satellite_with_news,satellite_news,0,0,3,1.0,83.70666666666666,145.53,1.0,349.83666666666664,369.24,0,0,1,1,0,12.0802897,3.163873725056867,1
3034,multi_satellite_plus_multi_news,satellite_news,0,3,1,0.75,57.25333333333333,98.45,0.75,345.2266666666667,367.55,0,0,1,2,0,32.23055028333333,3.379004739745085,1
3035,low_confidence_satellite_noise,satellite_only,2,0,0,0.0,0.0,0.0,0.5,315.79,315.79,0,0,0,0,0,2.0066044,1.2498800054160697,0
3036,correlated_satellite_news_false_alarm,satellite_news,1,0,0,1.0,45.42,45.42,1.0,291.87,291.87,0,1,1,0,0,11.39827455,1.082995876616264,0
3037,multi_satellite_real_fire,multi_satellite,0,2,0,1.0,67.00999999999999,112.91,1.0,345.315,376.04,0,0,0,0,0,20.86933985,0.8723999542603048,1
3038,mixed_satellite_with_false_news,mixed_confidence,1,0,0,1.0,75.73,75.73,1.0,353.51,353.51,0,1,0,0,0,12.340578716666666,0.6151798704168221,0
3039,news_only_before_satellite,news_only,0,0,0,0.0,0.0,0.0,0.0,0.0,0.0,0,1,0,0,0,0.0,0.0,1
3040,nominal_satellite_with_news,satellite_news,0,2,0,1.0,44.94,60.37,0.5,304.83,304.83,0,0,2,0,0,17.80772635,1.138634037040875,1
3041,satellite_only_before_news,satellite_only,0,0,2,1.0,58.11,69.05,1.0,325.18,352.94,0,0,0,0,0,4.6362936999999995,0.30126952995535794,1
3042,news_rumor_no_fire,news_only,0,0,0,0.0,0.0,0.0,0.0,0.0,0.0,0,1,0,0,0,0.0,0.0,0
3043,nominal_satellite_false_heat_source,satellite_only,0,1,0,0.0,0.0,0.0,1.0,322.43,322.43,0,0,0,0,0,0.0,0.0,0
3044,high_confidence_satellite_with_news,satellite_news,0,0,3,1.0,57.06666666666666,67.74,1.0,350.0233333333333,364.44,0,0,0,2,0,21.432380216666665,2.3489152396354482,1
3045,high_low_satellite_with_news_real_fire,mixed_confidence,0,0,2,0.5,107.48,107.48,0.0,0.0,0.0,0,0,0,1,0,8.743822933333332,2.8549037154694936,1
3046,low_confidence_satellite_noise,satellite_only,1,0,0,0.0,0.0,0.0,1.0,313.4,313.4,0,0,0,0,0,0.0,0.0,0
3047,correlated_satellite_news_false_alarm,satellite_news,1,0,0,0.0,0.0,0.0,1.0,336.99,336.99,0,0,2,0,0,0.8578932666666667,1.8402852145511464,0
3048,multi_satellite_real_fire,multi_satellite,0,1,1,0.5,82.71,82.71,1.0,370.45500000000004,372.48,0,0,0,0,0,2.3233204499999998,1.587029584820033,1
3049,nominal_satellite_with_news,satellite_news,0,2,0,0.5,29.13,29.13,1.0,348.63,354.07,0,0,1,1,0,32.58562418333334,1.4650187943400703,1
3050,persistent_non_wildfire_heat_source,multi_satellite,2,1,0,0.6666666666666666,50.645,53.2,0.6666666666666666,353.71500000000003,356.88,0,0,0,0,0,9.77387755,2.09257258780692,0
3051,persistent_non_wildfire_heat_source,multi_satellite,2,0,0,1.0,39.8,57.07,0.0,0.0,0.0,0,0,0,0,0,34.6260811,2.2589804125802275,0
3052,high_confidence_satellite_false_positive,satellite_only,0,0,1,1.0,60.61,60.61,1.0,364.6,364.6,0,0,0,0,0,0.0,0.0,0
3053,nominal_satellite_with_news,satellite_news,0,2,0,0.0,0.0,0.0,1.0,318.245,333.52,0,0,0,1,0,18.942414499999998,1.2157381646015,1
3054,multi_confidence_persistent_real_fire,multi_satellite,2,1,0,1.0,73.54333333333334,78.74,1.0,322.33,351.3,0,0,0,0,0,39.52189251666667,1.8761079510701035,1
3055,high_confidence_satellite_false_positive,satellite_only,0,0,1,1.0,89.01,89.01,0.0,0.0,0.0,0,0,0,0,0,0.0,0.0,0
3056,mixed_satellite_with_false_news,mixed_confidence,1,1,1,1.0,25.91333333333333,48.65,0.3333333333333333,369.85,369.85,1,0,0,0,0,26.5055867,2.4969771458626164,0
3057,mixed_confidence_non_fire_heat_source,mixed_confidence,1,2,1,1.0,91.03500000000001,108.06,0.5,348.745,372.69,0,0,0,0,0,11.681441383333333,1.628210212344248,0
3058,mixed_satellite_with_false_news,mixed_confidence,1,0,0,1.0,92.19,92.19,1.0,299.95,299.95,0,1,0,0,0,10.747826583333334,1.4018688574895275,0
3059,nominal_low_satellite_with_news_real_fire,mixed_confidence,2,0,0,0.5,12.92,12.92,0.0,0.0,0.0,0,1,1,0,0,31.63389255,3.3361471833279697,1
3060,high_low_satellite_false_alarm,mixed_confidence,1,0,2,0.3333333333333333,57.66,57.66,1.0,329.6333333333333,370.12,0,0,0,0,0,2.5362197666666666,2.8818848786290485,0
3061,nominal_satellite_with_news,satellite_news,0,2,0,1.0,60.44,75.44,1.0,329.395,349.69,0,0,0,1,0,14.6507149,1.5917403305856441,1
3062,high_low_satellite_with_news_real_fire,mixed_confidence,3,0,0,0.6666666666666666,32.05,46.95,1.0,375.3766666666667,387.98,0,1,1,0,0,27.14111455,3.1893541366906106,1
3063,mixed_satellite_with_false_news,mixed_confidence,0,1,2,0.6666666666666666,43.735,43.86,1.0,315.21666666666664,340.52,1,0,1,0,0,29.103957666666666,2.2694174843120036,0
3064,mixed_confidence_non_fire_heat_source,mixed_confidence,0,0,2,0.5,68.58,68.58,0.5,312.48,312.48,0,0,0,0,0,8.944949316666667,1.9394597078537492,0
3065,correlated_satellite_news_false_alarm,satellite_news,1,1,0,1.0,50.67,60.8,1.0,339.115,347.77,0,0,1,0,0,25.413813416666667,2.3799546717093727,0
3066,high_confidence_satellite_with_news,satellite_news,0,0,2,1.0,132.39499999999998,134.07,0.5,335.52,335.52,0,0,1,1,0,23.5955336,2.2662780483965177,1
3067,nominal_satellite_with_news,satellite_news,0,2,0,1.0,72.84,73.98,1.0,329.22,333.87,0,0,1,1,0,36.16324903333334,1.825929611627539,1
3068,nominal_satellite_false_heat_source,satellite_only,0,2,0,1.0,49.945,54.4,1.0,329.685,339.05,0,0,0,0,0,3.7663072,1.017218789162192,0
3069,multi_satellite_plus_multi_news,satellite_news,0,4,0,0.75,60.73666666666667,113.56,1.0,356.385,381.15,0,0,0,2,0,36.40773766666667,3.453054168471191,1
3070,multi_satellite_real_fire,multi_satellite,0,3,1,1.0,63.74000000000001,113.54,0.75,355.1433333333334,362.82,0,0,0,0,0,11.8079227,3.444874264539201,1
3071,multiple_news_same_false_alarm,news_only,0,0,0,0.0,0.0,0.0,0.0,0.0,0.0,3,1,0,0,0,21.52455785,1.1518799631329122,0
3072,news_rumor_no_fire,news_only,0,0,0,0.0,0.0,0.0,0.0,0.0,0.0,0,0,0,0,1,0.0,0.0,0
3073,multi_confidence_persistent_real_fire,multi_satellite,3,1,0,0.5,68.235,96.36,0.25,325.04,325.04,0,0,2,0,0,25.765915333333332,2.330701537444368,1
3074,multi_satellite_plus_multi_news,satellite_news,0,3,1,1.0,84.0875,93.68,1.0,337.565,367.93,0,0,1,1,0,29.613062516666666,3.785816401028641,1
3075,multiple_news_same_false_alarm,news_only,0,0,0,0.0,0.0,0.0,0.0,0.0,0.0,0,3,0,0,0,25.459841166666667,1.0077352547366527,0
3076,news_rumor_no_fire,news_only,0,0,0,0.0,0.0,0.0,0.0,0.0,0.0,0,1,0,0,0,0.0,0.0,0
3077,multi_satellite_real_fire,multi_satellite,0,1,2,0.6666666666666666,101.17500000000001,101.45,1.0,340.3933333333333,356.89,0,0,0,0,0,38.41468615,2.3959347032962235,1
3078,satellite_only_before_news,satellite_only,0,1,0,1.0,49.2,49.2,1.0,348.24,348.24,0,0,0,0,0,0.0,0.0,1
3079,mixed_confidence_non_fire_heat_source,mixed_confidence,1,1,1,0.6666666666666666,69.695,97.38,0.6666666666666666,333.3,360.93,0,0,0,0,0,8.825952016666667,1.5906234593343103,0
3080,multiple_news_same_false_alarm,news_only,0,0,0,0.0,0.0,0.0,0.0,0.0,0.0,2,0,0,0,0,21.63243045,0.43565939872807297,0
3081,high_confidence_satellite_false_positive,satellite_only,0,0,1,0.0,0.0,0.0,1.0,374.61,374.61,0,0,0,0,0,0.0,0.0,0
3082,high_low_satellite_false_alarm,mixed_confidence,2,0,0,0.5,52.24,52.24,0.5,309.58,309.58,0,1,0,0,0,22.274322883333333,1.548415611273852,0
3083,persistent_non_wildfire_heat_source,multi_satellite,1,2,0,0.6666666666666666,43.14,66.24,0.6666666666666666,328.805,346.95,0,0,0,0,0,23.833004216666666,1.8535776587483555,0
3084,multi_confidence_persistent_real_fire,multi_satellite,1,0,2,0.3333333333333333,29.56,29.56,0.3333333333333333,368.88,368.88,0,0,0,1,0,33.20107195,2.012107868249255,1
3085,nominal_low_satellite_with_news_real_fire,mixed_confidence,2,1,0,1.0,56.20333333333334,79.78,0.6666666666666666,339.79999999999995,344.45,0,2,0,0,0,30.1684717,2.596819653662873,1
3086,multi_confidence_persistent_real_fire,multi_satellite,1,2,0,0.6666666666666666,62.085,63.06,1.0,327.6033333333333,343.77,0,0,0,0,0,39.70420756666667,1.2364652740824795,1
3087,low_confidence_satellite_noise,satellite_only,3,0,0,1.0,27.27,38.52,0.6666666666666666,299.58,300.57,0,0,0,0,0,27.30813715,2.0513363181700264,0
3088,multiple_news_same_false_alarm,news_only,0,0,0,0.0,0.0,0.0,0.0,0.0,0.0,2,1,1,0,0,32.842366383333335,1.2798450609695238,0
3089,mixed_confidence_satellite_real_fire,mixed_confidence,3,0,1,1.0,40.3225,70.64,1.0,331.9175,345.43,0,1,1,0,0,42.234402716666665,2.2109071498981114,1
3090,mixed_satellite_with_false_news,mixed_confidence,0,1,0,0.0,0.0,0.0,1.0,305.33,305.33,0,1,0,0,0,29.088371400000003,0.6596859906814998,0
3091,multi_satellite_plus_multi_news,satellite_news,0,0,4,1.0,54.595,71.07,1.0,343.1025,387.18,0,0,1,1,0,25.324791100000002,3.587001576185745,1
3092,nominal_satellite_false_heat_source,satellite_only,0,2,0,0.5,55.51,55.51,1.0,328.39,328.75,0,0,0,0,0,6.335734033333334,1.2496729914386908,0
3093,multi_confidence_persistent_real_fire,multi_satellite,1,2,1,0.75,69.82333333333334,116.23,1.0,334.70000000000005,363.91,1,0,0,0,0,28.084321466666665,2.134516868050159,1
3094,multi_confidence_persistent_real_fire,multi_satellite,2,1,2,0.6,47.093333333333334,65.65,0.6,345.74,378.35,0,0,1,0,0,45.104063733333334,2.8032502191632154,1
3095,multiple_news_same_false_alarm,news_only,0,0,0,0.0,0.0,0.0,0.0,0.0,0.0,2,0,1,0,0,28.784878366666664,0.9310471519021595,0
3096,multi_satellite_plus_multi_news,satellite_news,0,1,2,1.0,58.02,73.69,1.0,327.7966666666666,342.39,0,0,0,3,0,16.5910875,2.3492392774813586,1
3097,high_confidence_satellite_false_positive,satellite_only,0,0,1,1.0,137.38,137.38,0.0,0.0,0.0,0,0,0,0,0,0.0,0.0,0
3098,multi_satellite_real_fire,multi_satellite,0,1,1,1.0,49.739999999999995,74.96,1.0,307.99,309.05,0,0,0,0,0,1.6542082166666667,1.6060025844814665,1
3099,high_low_satellite_with_news_real_fire,mixed_confidence,2,0,1,0.6666666666666666,90.86500000000001,97.47,0.3333333333333333,347.1,347.1,0,0,0,1,0,7.061488683333334,1.5122490078597328,1
3100,mixed_satellite_with_false_news,mixed_confidence,2,0,0,1.0,71.69,77.01,1.0,320.90999999999997,329.06,0,0,1,0,0,24.495310500000002,1.7220884329897868,0
3101,multi_satellite_real_fire,multi_satellite,0,1,2,0.6666666666666666,26.490000000000002,29.07,0.6666666666666666,338.98,350.12,0,0,0,0,0,25.227378733333335,1.785518296084006,1
3102,mixed_confidence_non_fire_heat_source,mixed_confidence,1,0,1,0.5,59.96,59.96,1.0,367.78,369.22,0,0,0,0,0,3.2078071833333337,0.03918236572976579,0
3103,nominal_low_satellite_with_news_real_fire,mixed_confidence,0,3,0,0.6666666666666666,64.72,71.0,1.0,326.8933333333333,348.4,0,1,0,0,0,23.099111033333333,3.211472027043435,1
3104,high_low_satellite_false_alarm,mixed_confidence,0,0,2,0.5,84.62,84.62,0.5,368.44,368.44,0,0,0,0,0,1.5011774666666668,1.4254441253045982,0
3105,correlated_satellite_news_false_alarm,satellite_news,1,1,0,1.0,24.77,25.39,1.0,332.32,340.03,0,1,1,0,0,10.439310466666665,2.481590749430763,0
3106,correlated_satellite_news_false_alarm,satellite_news,0,2,0,1.0,69.17500000000001,69.54,0.5,300.83,300.83,0,0,1,0,0,21.272584733333336,2.156526209347492,0
3107,satellite_only_before_news,satellite_only,0,0,2,0.5,58.75,58.75,1.0,325.33500000000004,327.98,0,0,0,0,0,5.3410674333333334,1.4131007544687302,1
3108,satellite_only_before_news,satellite_only,0,1,0,1.0,56.99,56.99,1.0,334.17,334.17,0,0,0,0,0,0.0,0.0,1
3109,satellite_only_before_news,satellite_only,0,1,0,1.0,15.13,15.13,1.0,308.07,308.07,0,0,0,0,0,0.0,0.0,1
3110,high_confidence_satellite_false_positive,satellite_only,0,0,1,1.0,46.99,46.99,0.0,0.0,0.0,0,0,0,0,0,0.0,0.0,0
3111,high_low_satellite_false_alarm,mixed_confidence,1,0,2,0.6666666666666666,87.14,92.86,1.0,339.41333333333336,365.07,0,0,0,0,0,12.253148516666666,3.0705549640065533,0
3112,high_confidence_satellite_false_positive,satellite_only,0,0,1,1.0,124.22,124.22,1.0,324.43,324.43,0,0,0,0,0,0.0,0.0,0
3113,multi_satellite_real_fire,multi_satellite,0,2,0,0.5,97.59,97.59,1.0,337.76,338.9,0,0,0,0,0,26.833142549999998,0.5937625473204108,1
3114,low_confidence_satellite_noise,satellite_only,2,0,0,1.0,21.005,29.09,1.0,294.865,296.55,0,0,0,0,0,12.3080286,2.630826934164552,0
3115,high_low_satellite_with_news_real_fire,mixed_confidence,0,0,2,1.0,52.550000000000004,65.4,1.0,344.82500000000005,377.35,0,1,1,0,0,22.819911983333334,2.079917282387165,1
3116,multi_satellite_real_fire,multi_satellite,0,2,0,0.5,39.34,39.34,0.5,306.79,306.79,0,0,0,0,0,8.120035,2.838887100238296,1
3117,nominal_satellite_false_heat_source,satellite_only,0,2,0,1.0,43.055,49.83,0.5,317.47,317.47,0,0,0,0,0,11.318558316666667,1.0969428202033875,0
3118,mixed_confidence_non_fire_heat_source,mixed_confidence,1,1,0,1.0,76.555,97.81,1.0,324.725,340.02,0,0,0,0,0,11.107693283333333,2.651228904723549,0
3119,nominal_satellite_false_heat_source,satellite_only,0,1,0,1.0,49.73,49.73,1.0,296.83,296.83,0,0,0,0,0,0.0,0.0,0
3120,high_low_satellite_false_alarm,mixed_confidence,2,0,1,0.6666666666666666,78.72,107.11,0.6666666666666666,336.56,344.25,1,0,0,0,0,17.227363383333334,2.6988140305454498,0
3121,news_only_before_satellite,news_only,0,0,0,0.0,0.0,0.0,0.0,0.0,0.0,0,0,0,0,1,0.0,0.0,1
3122,multi_satellite_real_fire,multi_satellite,0,2,1,0.6666666666666666,25.03,28.12,0.3333333333333333,348.54,348.54,0,0,0,0,0,8.88710615,3.045933451430991,1
3123,high_confidence_satellite_with_news,satellite_news,0,0,1,1.0,64.79,64.79,1.0,327.93,327.93,0,0,0,1,0,8.01139275,0.6970119620932779,1
3124,multi_satellite_plus_multi_news,satellite_news,0,1,2,1.0,65.73,107.42,0.6666666666666666,374.32000000000005,375.22,0,0,2,1,0,37.85274398333333,3.7303480634757493,1
3125,news_only_before_satellite,news_only,0,0,0,0.0,0.0,0.0,0.0,0.0,0.0,0,0,0,0,1,0.0,0.0,1
3126,correlated_satellite_news_false_alarm,satellite_news,1,1,0,0.5,43.56,43.56,1.0,305.63,308.42,0,1,1,0,0,20.244903166666667,1.8387671980586333,0
3127,multi_confidence_persistent_real_fire,multi_satellite,2,1,0,0.3333333333333333,62.38,62.38,1.0,345.74,361.11,0,0,0,0,0,33.149159266666665,0.723308636226529,1
3128,mixed_confidence_non_fire_heat_source,mixed_confidence,1,0,1,0.0,0.0,0.0,1.0,359.765,359.86,0,0,0,0,0,1.5056875333333333,0.7848867943831854,0
3129,high_low_satellite_with_news_real_fire,mixed_confidence,3,0,0,0.6666666666666666,31.87,39.92,0.6666666666666666,378.05,378.97,0,0,1,0,0,4.9310814333333335,2.847839022211107,1
3130,news_only_before_satellite,news_only,0,0,0,0.0,0.0,0.0,0.0,0.0,0.0,0,1,0,0,1,9.580593533333333,1.0358378334057319,1
3131,multi_satellite_real_fire,multi_satellite,0,2,2,1.0,75.5925,100.75,0.5,339.59000000000003,351.72,0,0,0,0,0,30.978373633333334,2.8903945719361612,1
3132,news_only_before_satellite,news_only,0,0,0,0.0,0.0,0.0,0.0,0.0,0.0,0,0,0,0,1,0.0,0.0,1
3133,mixed_satellite_with_false_news,mixed_confidence,1,0,2,1.0,72.32333333333334,99.62,1.0,336.91,361.89,0,0,2,0,0,27.15645303333333,3.5796924680049313,0
3134,nominal_low_satellite_with_news_real_fire,mixed_confidence,0,3,0,0.3333333333333333,11.9,11.9,0.3333333333333333,305.16,305.16,0,2,0,0,0,11.5129907,2.8588396074359186,1
3135,news_only_before_satellite,news_only,0,0,0,0.0,0.0,0.0,0.0,0.0,0.0,0,1,0,0,0,0.0,0.0,1
3136,correlated_satellite_news_false_alarm,satellite_news,0,1,0,1.0,42.66,42.66,1.0,310.19,310.19,0,1,0,0,0,13.725409316666665,0.8025895850379682,0
3137,high_low_satellite_false_alarm,mixed_confidence,0,0,3,1.0,105.89666666666669,119.01,0.6666666666666666,363.155,382.36,0,0,0,0,0,12.962858133333333,2.243445185190266,0
3138,high_confidence_satellite_false_positive,satellite_only,0,0,1,0.0,0.0,0.0,1.0,336.5,336.5,0,0,0,0,0,0.0,0.0,0
3139,high_low_satellite_with_news_real_fire,mixed_confidence,2,0,1,0.6666666666666666,70.39500000000001,78.51,1.0,344.51666666666665,357.99,0,1,0,0,0,17.83716766666667,3.0468153562181817,1
3140,multi_confidence_persistent_real_fire,multi_satellite,0,2,1,0.6666666666666666,78.09,79.21,1.0,350.91333333333336,371.02,0,0,1,1,0,19.24415375,2.899604832853851,1
3141,multiple_news_same_false_alarm,news_only,0,0,0,0.0,0.0,0.0,0.0,0.0,0.0,2,0,0,0,0,3.8361078666666666,1.109979387868601,0
3142,high_low_satellite_false_alarm,mixed_confidence,1,0,2,0.6666666666666666,86.24,99.6,0.3333333333333333,364.21,364.21,0,0,0,0,0,15.881949516666667,2.540911691730884,0
3143,nominal_satellite_false_heat_source,satellite_only,0,1,0,0.0,0.0,0.0,1.0,313.53,313.53,0,0,0,0,0,0.0,0.0,0
3144,multi_satellite_plus_multi_news,satellite_news,0,1,1,1.0,33.54,45.67,1.0,388.125,389.68,0,0,0,2,0,40.784582099999994,3.9205552224543,1
3145,high_low_satellite_false_alarm,mixed_confidence,0,0,2,1.0,72.995,80.5,1.0,341.4,375.66,1,0,0,0,0,21.8463642,1.6910573291184061,0
3146,persistent_non_wildfire_heat_source,multi_satellite,1,1,0,0.5,84.8,84.8,0.0,0.0,0.0,0,0,0,0,0,16.154769633333334,0.5875458691073879,0
3147,mixed_confidence_satellite_real_fire,mixed_confidence,1,1,2,0.75,56.79333333333333,77.63,0.5,351.265,357.91,0,0,0,0,0,27.694359016666667,3.9129211467383205,1
3148,mixed_satellite_with_false_news,mixed_confidence,0,1,1,1.0,60.555,92.14,1.0,333.995,363.91,0,1,0,0,0,9.267344183333334,1.6373279129619263,0
3149,correlated_satellite_news_false_alarm,satellite_news,0,1,0,1.0,31.03,31.03,1.0,305.5,305.5,0,2,0,0,0,1.5668856666666668,1.9431752534538296,0
3150,satellite_only_before_news,satellite_only,0,1,0,1.0,14.07,14.07,1.0,346.3,346.3,0,0,0,0,0,0.0,0.0,1
3151,news_only_before_satellite,news_only,0,0,0,0.0,0.0,0.0,0.0,0.0,0.0,0,1,1,0,0,14.8945867,0.22354602172801863,1
3152,mixed_confidence_satellite_real_fire,mixed_confidence,3,0,1,0.75,42.54666666666667,65.36,0.75,310.51,321.2,0,0,0,1,0,30.0048527,1.9940753105660487,1
3153,high_low_satellite_false_alarm,mixed_confidence,2,0,1,0.3333333333333333,39.24,39.24,0.3333333333333333,351.15,351.15,1,0,0,0,0,24.310498250000002,1.4824562525021399,0
3154,multi_confidence_persistent_real_fire,multi_satellite,0,2,3,1.0,70.68799999999999,106.97,1.0,340.19800000000004,367.46,0,1,0,0,0,34.16362171666666,2.8163549932312084,1
3155,multi_confidence_persistent_real_fire,multi_satellite,1,2,0,1.0,56.38333333333333,82.93,0.6666666666666666,354.395,354.63,1,1,0,0,0,36.92589158333333,2.484329035735957,1
3156,persistent_non_wildfire_heat_source,multi_satellite,2,2,0,0.5,31.685000000000002,39.74,1.0,325.735,345.5,0,0,0,0,0,37.372032716666666,2.3818258418801252,0
3157,multi_confidence_persistent_real_fire,multi_satellite,2,0,1,1.0,39.12333333333333,55.87,0.6666666666666666,305.44,309.61,0,0,0,1,0,25.143341466666666,1.3187221562682407,1
3158,news_only_before_satellite,news_only,0,0,0,0.0,0.0,0.0,0.0,0.0,0.0,0,1,0,0,0,0.0,0.0,1
3159,multiple_news_same_false_alarm,news_only,0,0,0,0.0,0.0,0.0,0.0,0.0,0.0,1,0,2,0,0,20.791441683333336,0.8399490821596043,0
3160,low_confidence_satellite_noise,satellite_only,3,0,0,1.0,14.51333333333333,24.38,1.0,323.45,327.6,0,0,0,0,0,13.269580033333334,2.1764932018084204,0
3161,persistent_non_wildfire_heat_source,multi_satellite,0,3,0,0.3333333333333333,24.4,24.4,1.0,338.1033333333333,355.32,0,0,0,0,0,36.37131898333334,3.0735484140793843,0
3162,mixed_satellite_with_false_news,mixed_confidence,2,1,0,1.0,81.27666666666666,85.84,1.0,336.40333333333336,367.85,2,0,0,0,0,23.63114243333333,2.295771987891283,0
3163,low_confidence_satellite_noise,satellite_only,3,0,0,0.3333333333333333,22.57,22.57,0.6666666666666666,327.625,328.27,0,0,0,0,0,22.189907833333333,1.9642907025455474,0
3164,news_only_before_satellite,news_only,0,0,0,0.0,0.0,0.0,0.0,0.0,0.0,0,1,0,0,1,9.291923716666668,0.7024589399992079,1
3165,high_low_satellite_with_news_real_fire,mixed_confidence,1,0,1,1.0,90.215,108.64,1.0,377.775,380.3,0,1,0,0,0,5.410589716666666,1.5290252167521141,1
3166,persistent_non_wildfire_heat_source,multi_satellite,2,2,0,1.0,44.895,71.8,0.75,324.6333333333334,337.23,0,0,0,0,0,18.7949939,3.1668401112089875,0
3167,mixed_confidence_satellite_real_fire,mixed_confidence,0,3,0,0.6666666666666666,68.36,102.53,0.6666666666666666,358.21500000000003,378.8,0,1,1,0,0,31.346619616666665,1.406432701423465,1
3168,multi_satellite_real_fire,multi_satellite,0,1,1,1.0,95.935,108.93,1.0,310.51,311.05,0,0,0,0,0,3.5104207166666668,0.7470973671328063,1
3169,high_low_satellite_with_news_real_fire,mixed_confidence,2,0,1,0.6666666666666666,85.345,127.37,1.0,333.31666666666666,367.51,0,1,0,1,0,27.397110816666668,2.3238957359366843,1
3170,high_low_satellite_with_news_real_fire,mixed_confidence,1,0,2,0.3333333333333333,19.44,19.44,0.3333333333333333,362.06,362.06,0,0,1,1,0,18.308807950000002,2.1116583466782726,1
3171,high_confidence_satellite_with_news,satellite_news,0,0,2,0.5,91.69,91.69,1.0,377.08500000000004,392.37,0,0,0,1,0,23.209486766666664,2.697371611307642,1
3172,persistent_non_wildfire_heat_source,multi_satellite,1,1,0,0.5,19.6,19.6,1.0,324.44,340.78,0,0,0,0,0,16.97083145,1.842693731817218,0
3173,low_confidence_satellite_noise,satellite_only,3,0,0,1.0,24.320000000000004,35.06,0.6666666666666666,294.695,295.02,0,0,0,0,0,7.6419174666666665,2.201488630099373,0
3174,mixed_confidence_satellite_real_fire,mixed_confidence,1,2,1,1.0,46.9525,63.39,0.75,325.38666666666666,343.6,0,0,0,0,0,25.186922933333335,2.0797054524908454,1
3175,news_rumor_no_fire,news_only,0,0,0,0.0,0.0,0.0,0.0,0.0,0.0,0,0,0,1,0,0.0,0.0,0
3176,nominal_satellite_false_heat_source,satellite_only,0,1,0,1.0,44.75,44.75,1.0,304.53,304.53,0,0,0,0,0,0.0,0.0,0
3177,multiple_news_same_false_alarm,news_only,0,0,0,0.0,0.0,0.0,0.0,0.0,0.0,3,0,1,0,0,28.548526516666666,1.1716307155540269,0
3178,nominal_low_satellite_with_news_real_fire,mixed_confidence,1,1,0,1.0,50.16,66.58,1.0,349.51,367.35,0,0,2,0,0,22.666323683333335,2.433250079193213,1
3179,multi_satellite_real_fire,multi_satellite,0,0,2,1.0,105.84,112.09,1.0,348.0,379.76,0,0,0,0,0,25.237247850000003,1.6474536900894876,1
3180,multi_satellite_plus_multi_news,satellite_news,0,2,2,1.0,62.0325,110.86,1.0,338.5575,387.75,0,0,1,1,0,18.18432251666667,3.6137828672546553,1
3181,satellite_only_before_news,satellite_only,0,2,0,0.0,0.0,0.0,0.5,362.84,362.84,0,0,0,0,0,12.350968833333333,1.2162504956809996,1
3182,high_low_satellite_with_news_real_fire,mixed_confidence,0,0,3,0.6666666666666666,63.040000000000006,76.15,0.6666666666666666,320.38,322.55,0,0,0,2,0,25.528824583333336,2.791357970326937,1
3183,multi_satellite_plus_multi_news,satellite_news,0,3,0,1.0,56.543333333333344,71.64,0.6666666666666666,347.30999999999995,381.28,0,0,2,0,0,17.644469416666666,2.40118660470341,1
3184,correlated_satellite_news_false_alarm,satellite_news,1,1,0,0.5,53.46,53.46,0.5,317.93,317.93,0,1,0,0,0,0.22023048333333334,1.8374899097041557,0
3185,multi_satellite_plus_multi_news,satellite_news,0,3,1,1.0,80.1525,106.3,0.75,340.2733333333333,344.8,0,0,0,2,0,39.44213595,3.0535828927526087,1
3186,nominal_satellite_with_news,satellite_news,0,1,0,0.0,0.0,0.0,1.0,336.08,336.08,0,1,1,0,0,15.8031813,1.4672064880426745,1
3187,multi_satellite_plus_multi_news,satellite_news,0,1,1,1.0,72.32,78.41,1.0,347.16999999999996,364.0,0,0,0,2,0,27.2666262,3.1607177896864505,1
3188,high_confidence_satellite_with_news,satellite_news,0,0,2,1.0,36.065,36.58,0.5,324.29,324.29,0,0,0,1,0,16.5797662,2.3332366820047827,1
3189,nominal_low_satellite_with_news_real_fire,mixed_confidence,2,1,0,1.0,41.97,65.72,0.3333333333333333,349.59,349.59,0,1,0,0,0,21.937566666666665,2.2292179069712192,1
3190,high_confidence_satellite_false_positive,satellite_only,0,0,1,1.0,35.58,35.58,1.0,343.66,343.66,0,0,0,0,0,0.0,0.0,0
3191,multi_satellite_plus_multi_news,satellite_news,0,2,1,1.0,74.68333333333332,103.75,1.0,349.08666666666664,375.65,0,0,0,2,0,36.40022018333333,2.264442340161829,1
3192,news_rumor_no_fire,news_only,0,0,0,0.0,0.0,0.0,0.0,0.0,0.0,1,0,0,0,0,0.0,0.0,0
3193,high_low_satellite_with_news_real_fire,mixed_confidence,3,0,0,0.6666666666666666,97.78999999999999,107.21,0.6666666666666666,312.8,319.23,0,0,0,1,0,25.58096126666667,1.9465913983240692,1
3194,nominal_satellite_with_news,satellite_news,0,2,0,1.0,25.54,26.12,0.5,338.06,338.06,0,1,0,0,0,5.165818483333334,0.5974997999993645,1
3195,multi_satellite_real_fire,multi_satellite,0,2,1,1.0,87.94666666666667,116.68,1.0,342.25333333333333,374.78,0,0,0,0,0,5.302828783333334,0.882851849028371,1
3196,news_rumor_no_fire,news_only,0,0,0,0.0,0.0,0.0,0.0,0.0,0.0,0,0,0,0,1,0.0,0.0,0
3197,multi_satellite_plus_multi_news,satellite_news,0,2,2,1.0,54.9775,66.03,1.0,351.4275,384.21,0,0,1,1,0,24.638896283333334,2.77947798900825,1
3198,nominal_satellite_false_heat_source,satellite_only,0,1,0,1.0,12.74,12.74,0.0,0.0,0.0,0,0,0,0,0,0.0,0.0,0
3199,satellite_only_before_news,satellite_only,0,0,1,0.0,0.0,0.0,1.0,317.8,317.8,0,0,0,0,0,0.0,0.0,1
3200,nominal_satellite_with_news,satellite_news,0,2,0,1.0,43.13,68.42,1.0,331.59000000000003,332.76,0,0,2,0,0,18.668612566666663,1.578001990164651,1
3201,satellite_only_before_news,satellite_only,0,1,0,0.0,0.0,0.0,1.0,354.61,354.61,0,0,0,0,0,0.0,0.0,1
3202,multi_satellite_real_fire,multi_satellite,0,2,2,1.0,66.22749999999999,95.23,0.75,341.8533333333333,368.32,0,0,0,0,0,23.167599,2.0279591455866925,1
3203,satellite_only_before_news,satellite_only,0,0,2,0.5,10.7,10.7,1.0,328.985,358.85,0,0,0,0,0,1.0624434,0.2717609466493047,1
3204,correlated_satellite_news_false_alarm,satellite_news,1,1,0,0.5,11.37,11.37,1.0,331.9,333.26,0,2,0,0,0,15.138391866666666,3.177999033136672,0
3205,high_confidence_satellite_with_news,satellite_news,0,0,2,1.0,55.485,61.72,0.5,356.81,356.81,0,0,0,2,0,18.291794316666667,2.371080718141604,1
3206,multi_satellite_plus_multi_news,satellite_news,0,2,0,1.0,76.03999999999999,87.3,1.0,322.28499999999997,330.71,0,0,2,1,0,29.49524525,2.372858041284365,1
3207,nominal_satellite_with_news,satellite_news,0,1,0,1.0,55.87,55.87,1.0,329.0,329.0,0,1,1,0,0,3.3025938333333333,2.239017721618114,1
3208,nominal_satellite_with_news,satellite_news,0,1,0,1.0,20.35,20.35,1.0,349.4,349.4,0,0,1,0,0,10.70765125,1.1559197481844499,1
3209,persistent_non_wildfire_heat_source,multi_satellite,1,2,0,0.6666666666666666,22.085,24.82,0.6666666666666666,332.945,335.08,0,0,0,0,0,20.557463483333333,1.9177935957205607,0
3210,multi_confidence_persistent_real_fire,multi_satellite,3,1,1,0.4,79.565,79.95,0.4,335.91499999999996,369.4,0,0,0,0,0,32.788047766666665,2.8480039123113703,1
3211,multiple_news_same_false_alarm,news_only,0,0,0,0.0,0.0,0.0,0.0,0.0,0.0,0,2,1,0,0,26.39217775,0.6641892541422799,0
3212,persistent_non_wildfire_heat_source,multi_satellite,1,3,0,1.0,42.055,59.83,0.5,345.575,348.69,0,0,0,0,0,38.31047361666666,2.9846853934134665,0
3213,news_rumor_no_fire,news_only,0,0,0,0.0,0.0,0.0,0.0,0.0,0.0,0,0,1,0,0,0.0,0.0,0
3214,nominal_satellite_with_news,satellite_news,0,1,0,1.0,78.55,78.55,1.0,342.34,342.34,0,0,0,1,0,8.042412666666667,1.7259528493439908,1
3215,mixed_satellite_with_false_news,mixed_confidence,1,0,1,0.5,63.19,63.19,1.0,323.595,329.1,1,0,1,0,0,18.2866181,1.8546464019006859,0
3216,nominal_low_satellite_with_news_real_fire,mixed_confidence,1,1,0,1.0,81.59,82.16,1.0,308.28499999999997,311.27,0,0,2,0,0,1.8973177166666666,2.8251195098972692,1
3217,low_confidence_satellite_noise,satellite_only,2,0,0,1.0,21.32,37.12,0.5,313.65,313.65,0,0,0,0,0,6.57245475,0.6366669813643727,0
3218,nominal_low_satellite_with_news_real_fire,mixed_confidence,1,1,0,1.0,52.30499999999999,67.71,1.0,338.47,344.72,0,1,0,0,0,23.4460542,2.0264564104592435,1
3219,satellite_only_before_news,satellite_only,0,1,0,0.0,0.0,0.0,1.0,359.78,359.78,0,0,0,0,0,0.0,0.0,1
3220,high_confidence_satellite_with_news,satellite_news,0,0,2,1.0,123.035,126.86,1.0,386.815,388.78,0,0,0,2,0,15.979780416666667,2.258658493319251,1
3221,mixed_satellite_with_false_news,mixed_confidence,0,0,2,1.0,23.165,30.72,0.5,337.39,337.39,1,0,0,0,0,27.18262825,2.0439444156605537,0
3222,news_only_before_satellite,news_only,0,0,0,0.0,0.0,0.0,0.0,0.0,0.0,0,0,1,0,1,0.7507085,1.6876488709172717,1
3223,news_only_before_satellite,news_only,0,0,0,0.0,0.0,0.0,0.0,0.0,0.0,0,2,0,0,0,7.162180216666667,0.8316230719412581,1
3224,mixed_confidence_non_fire_heat_source,mixed_confidence,0,1,2,0.3333333333333333,25.58,25.58,1.0,345.17666666666673,369.11,0,0,0,0,0,14.650933616666666,2.2592793477445055,0
3225,multi_confidence_persistent_real_fire,multi_satellite,2,1,1,1.0,76.06,115.14,0.75,357.6766666666667,364.15,0,0,0,0,0,41.789328250000004,2.487130097007429,1
3226,high_confidence_satellite_false_positive,satellite_only,0,0,1,0.0,0.0,0.0,0.0,0.0,0.0,0,0,0,0,0,0.0,0.0,0
3227,high_low_satellite_false_alarm,mixed_confidence,1,0,1,1.0,93.39,116.89,1.0,317.015,318.76,0,1,0,0,0,18.288432750000002,1.4340916050423043,0
3228,correlated_satellite_news_false_alarm,satellite_news,0,1,0,0.0,0.0,0.0,0.0,0.0,0.0,0,1,0,0,0,1.9967326333333333,1.1525144066654605,0
3229,multi_confidence_persistent_real_fire,multi_satellite,3,0,2,0.8,67.845,115.31,0.6,330.9866666666667,364.31,1,1,0,0,0,39.973784316666666,2.8770102999506952,1
3230,correlated_satellite_news_false_alarm,satellite_news,1,0,0,0.0,0.0,0.0,1.0,343.86,343.86,0,0,1,0,0,18.201668266666665,0.6072852261924322,0
3231,high_low_satellite_with_news_real_fire,mixed_confidence,1,0,1,0.5,122.38,122.38,1.0,316.94,326.53,0,1,0,1,0,9.965417233333334,0.8746917133668205,1
3232,low_confidence_satellite_noise,satellite_only,3,0,0,0.3333333333333333,39.67,39.67,1.0,303.1066666666666,311.92,0,0,0,0,0,28.994159749999998,1.3291755737023612,0
3233,correlated_satellite_news_false_alarm,satellite_news,0,2,0,1.0,58.975,66.76,0.5,320.12,320.12,0,1,0,0,0,11.532740133333334,1.21653218582447,0
3234,high_low_satellite_false_alarm,mixed_confidence,2,0,0,0.5,47.43,47.43,1.0,357.52,358.75,1,0,0,0,0,8.24904135,1.2409274222652542,0
3235,correlated_satellite_news_false_alarm,satellite_news,1,1,0,1.0,38.620000000000005,53.02,0.5,302.49,302.49,0,0,2,0,0,10.306835983333334,1.5084358177931507,0
3236,high_low_satellite_with_news_real_fire,mixed_confidence,2,0,1,0.3333333333333333,37.6,37.6,1.0,356.45666666666665,377.98,0,1,0,0,0,29.980783366666667,1.4257961837787578,1
3237,mixed_confidence_satellite_real_fire,mixed_confidence,2,0,1,0.6666666666666666,59.035,63.1,0.3333333333333333,315.74,315.74,0,0,0,0,0,26.61379315,1.9096340826852805,1
3238,mixed_confidence_satellite_real_fire,mixed_confidence,2,1,1,0.75,69.03333333333333,92.63,0.75,349.61666666666673,366.74,0,0,1,1,0,28.750016033333335,3.446296847240663,1
3239,satellite_only_before_news,satellite_only,0,1,0,1.0,98.1,98.1,1.0,338.83,338.83,0,0,0,0,0,0.0,0.0,1
3240,news_only_before_satellite,news_only,0,0,0,0.0,0.0,0.0,0.0,0.0,0.0,0,1,0,0,1,22.13117426666667,0.12899516709891276,1
3241,multiple_news_same_false_alarm,news_only,0,0,0,0.0,0.0,0.0,0.0,0.0,0.0,1,1,0,0,0,25.002071899999997,1.3427856222107895,0
3242,high_low_satellite_false_alarm,mixed_confidence,1,0,1,0.5,38.38,38.38,1.0,332.635,354.12,0,0,0,0,0,23.418485883333336,1.0987539118716296,0
3243,mixed_confidence_satellite_real_fire,mixed_confidence,1,0,1,1.0,86.475,102.45,1.0,350.74,374.46,0,0,1,0,0,13.303047333333334,1.6417301945998055,1
3244,correlated_satellite_news_false_alarm,satellite_news,2,0,0,1.0,29.375,51.32,1.0,327.645,340.49,0,0,1,0,0,23.6706232,1.8317440569083334,0
3245,high_low_satellite_false_alarm,mixed_confidence,0,0,3,1.0,102.33999999999999,118.1,0.0,0.0,0.0,0,0,0,0,0,11.016375416666667,1.7415149390200735,0
3246,nominal_low_satellite_with_news_real_fire,mixed_confidence,1,1,0,0.5,21.38,21.38,1.0,344.645,368.79,0,0,1,0,0,14.804668366666668,1.2227942404100092,1
3247,multi_satellite_real_fire,multi_satellite,0,2,0,0.0,0.0,0.0,0.5,355.9,355.9,0,0,0,0,0,25.957704999999997,0.7998276272702797,1
3248,multi_satellite_real_fire,multi_satellite,0,2,2,0.5,75.045,110.19,1.0,353.04999999999995,370.15,0,0,0,0,0,20.619354983333334,2.27236794937054,1
3249,persistent_non_wildfire_heat_source,multi_satellite,2,1,0,1.0,38.833333333333336,71.72,0.3333333333333333,302.24,302.24,0,0,0,0,0,30.476566516666665,3.3258622641956004,0
3250,nominal_satellite_with_news,satellite_news,0,2,0,1.0,38.525,39.68,1.0,322.19,326.37,0,2,0,0,0,14.023807916666668,1.936572961599227,1
3251,high_confidence_satellite_false_positive,satellite_only,0,0,1,0.0,0.0,0.0,1.0,360.65,360.65,0,0,0,0,0,0.0,0.0,0
3252,correlated_satellite_news_false_alarm,satellite_news,1,1,0,1.0,58.905,67.95,1.0,337.43,343.95,0,0,1,0,0,4.92469575,1.4961769763605197,0
3253,high_confidence_satellite_with_news,satellite_news,0,0,3,0.6666666666666666,66.085,101.1,1.0,346.32666666666665,365.94,0,0,1,0,0,11.855128516666667,2.316482331367595,1
3254,correlated_satellite_news_false_alarm,satellite_news,0,1,0,0.0,0.0,0.0,1.0,316.34,316.34,0,0,1,0,0,3.8957463333333333,1.4739453153370377,0
3255,nominal_satellite_false_heat_source,satellite_only,0,2,0,0.5,17.1,17.1,0.5,329.52,329.52,0,0,0,0,0,1.2123784,0.5631108540821491,0
3256,high_low_satellite_with_news_real_fire,mixed_confidence,1,0,2,0.3333333333333333,120.33,120.33,0.6666666666666666,334.56,357.3,0,1,1,0,0,30.092664016666667,2.199480076561558,1
3257,news_only_before_satellite,news_only,0,0,0,0.0,0.0,0.0,0.0,0.0,0.0,0,1,0,0,1,2.3215641666666667,0.21738206835293117,1
3258,high_confidence_satellite_with_news,satellite_news,0,0,1,1.0,36.77,36.77,1.0,389.01,389.01,0,0,0,2,0,21.59524748333333,2.134689386764812,1
3259,mixed_satellite_with_false_news,mixed_confidence,0,1,1,1.0,24.43,37.26,0.0,0.0,0.0,2,0,0,0,0,23.328033899999998,1.5301444744576944,0
3260,multi_confidence_persistent_real_fire,multi_satellite,2,0,1,0.6666666666666666,90.375,90.9,1.0,341.3566666666666,370.87,0,1,0,0,0,36.76931511666667,2.1265318101623527,1
3261,high_low_satellite_false_alarm,mixed_confidence,1,0,2,1.0,51.51333333333333,74.52,0.6666666666666666,360.585,384.27,1,0,0,0,0,19.159790100000002,1.9502126216781677,0
3262,mixed_satellite_with_false_news,mixed_confidence,2,1,0,0.6666666666666666,21.14,24.48,0.6666666666666666,346.025,352.29,0,1,0,0,0,28.79939745,2.5958872660597487,0
3263,high_low_satellite_with_news_real_fire,mixed_confidence,1,0,1,1.0,25.975,31.41,0.5,341.47,341.47,0,0,1,1,0,26.782763383333336,3.4415259777750875,1
3264,multiple_news_same_false_alarm,news_only,0,0,0,0.0,0.0,0.0,0.0,0.0,0.0,1,0,1,0,0,14.4553099,1.1256668965048102,0
3265,nominal_satellite_false_heat_source,satellite_only,0,1,0,0.0,0.0,0.0,0.0,0.0,0.0,0,0,0,0,0,0.0,0.0,0
3266,high_low_satellite_with_news_real_fire,mixed_confidence,2,0,1,1.0,64.04,70.7,1.0,353.1233333333334,379.23,0,0,1,0,0,4.399628166666667,3.495346293263222,1
3267,nominal_low_satellite_with_news_real_fire,mixed_confidence,0,2,0,0.5,49.38,49.38,1.0,328.765,350.36,0,1,1,0,0,24.7888081,2.1001340433353346,1
3268,high_low_satellite_with_news_real_fire,mixed_confidence,0,0,2,1.0,83.485,102.77,0.5,348.91,348.91,0,0,0,1,0,7.9057531,1.9153988517176919,1
3269,low_confidence_satellite_noise,satellite_only,2,0,0,0.0,0.0,0.0,1.0,302.385,312.87,0,0,0,0,0,5.522767516666667,1.006300410058975,0
3270,mixed_confidence_non_fire_heat_source,mixed_confidence,1,1,1,1.0,52.75666666666666,105.49,0.6666666666666666,309.665,315.22,0,0,0,0,0,27.06602095,1.0473662522999077,0
3271,persistent_non_wildfire_heat_source,multi_satellite,0,2,0,0.5,81.23,81.23,1.0,329.485,330.06,0,0,0,0,0,4.968200116666667,1.9452713529366858,0
3272,persistent_non_wildfire_heat_source,multi_satellite,2,1,0,0.6666666666666666,57.519999999999996,67.72,0.6666666666666666,309.135,309.81,0,0,0,0,0,31.232739183333333,2.3510155419573993,0
3273,multi_satellite_plus_multi_news,satellite_news,0,3,1,0.75,79.83,101.58,0.75,321.98333333333335,329.99,0,0,1,1,0,37.84627865,3.0257922028775543,1
3274,mixed_confidence_satellite_real_fire,mixed_confidence,2,0,2,0.5,82.285,92.92,1.0,330.61,350.28,0,0,0,1,0,41.795408800000004,3.3653015585930253,1
3275,mixed_confidence_satellite_real_fire,mixed_confidence,1,2,0,1.0,81.42,94.47,1.0,331.8433333333333,353.53,0,0,1,0,0,17.66981175,2.3951561746142898,1
3276,multi_satellite_plus_multi_news,satellite_news,0,0,4,0.75,107.14,129.64,0.75,335.74333333333334,359.24,0,0,1,1,0,30.79372595,3.3898864689449146,1
3277,low_confidence_satellite_noise,satellite_only,3,0,0,0.0,0.0,0.0,0.3333333333333333,326.92,326.92,0,0,0,0,0,6.265976483333334,2.0653252072297943,0
3278,mixed_confidence_satellite_real_fire,mixed_confidence,2,0,1,0.6666666666666666,22.49,33.86,0.6666666666666666,336.54,365.16,0,0,0,0,0,39.271286616666664,3.1590584307966725,1
3279,multiple_news_same_false_alarm,news_only,0,0,0,0.0,0.0,0.0,0.0,0.0,0.0,0,1,2,0,0,30.100486,0.9443560799553311,0
3280,mixed_confidence_satellite_real_fire,mixed_confidence,1,0,1,1.0,58.305,74.56,1.0,366.685,376.77,0,0,0,0,0,10.644231366666666,2.922724490307908,1
3281,nominal_satellite_false_heat_source,satellite_only,0,1,0,0.0,0.0,0.0,0.0,0.0,0.0,0,0,0,0,0,0.0,0.0,0
3282,high_low_satellite_false_alarm,mixed_confidence,0,0,2,0.5,79.97,79.97,1.0,372.39,376.78,0,1,0,0,0,5.504058416666667,1.8312310081931762,0
3283,high_low_satellite_with_news_real_fire,mixed_confidence,1,0,1,1.0,59.355000000000004,94.79,1.0,327.64,351.78,0,2,0,0,0,26.478144816666667,1.944248275328881,1
3284,news_rumor_no_fire,news_only,0,0,0,0.0,0.0,0.0,0.0,0.0,0.0,1,0,0,0,0,0.0,0.0,0
3285,high_confidence_satellite_false_positive,satellite_only,0,0,1,1.0,52.32,52.32,1.0,340.07,340.07,0,0,0,0,0,0.0,0.0,0
3286,high_confidence_satellite_false_positive,satellite_only,0,0,1,1.0,74.97,74.97,1.0,382.3,382.3,0,0,0,0,0,0.0,0.0,0
3287,mixed_confidence_non_fire_heat_source,mixed_confidence,0,1,1,1.0,44.89,72.85,0.5,318.76,318.76,0,0,0,0,0,2.1245959,2.756317426319481,0
3288,news_only_before_satellite,news_only,0,0,0,0.0,0.0,0.0,0.0,0.0,0.0,0,0,1,0,1,23.30222045,0.5574468115997113,1
3289,high_confidence_satellite_with_news,satellite_news,0,0,3,1.0,110.86000000000001,146.19,1.0,347.7,393.39,0,0,0,2,0,26.229955266666664,2.0067899735347052,1
3290,high_low_satellite_false_alarm,mixed_confidence,2,0,1,1.0,60.22666666666667,81.42,0.6666666666666666,365.65999999999997,384.99,0,1,0,0,0,21.624119383333333,1.4569961434151317,0
3291,satellite_only_before_news,satellite_only,0,0,2,0.5,13.31,13.31,1.0,360.885,361.17,0,0,0,0,0,9.415491833333334,0.3468948841819317,1
3292,multiple_news_same_false_alarm,news_only,0,0,0,0.0,0.0,0.0,0.0,0.0,0.0,0,2,2,0,0,23.429048566666665,1.1693287876436889,0
3293,mixed_satellite_with_false_news,mixed_confidence,1,1,1,1.0,31.290000000000003,59.54,0.6666666666666666,339.09,347.28,1,0,0,0,0,19.41028191666667,3.2765411926125907,0
3294,low_confidence_satellite_noise,satellite_only,3,0,0,0.6666666666666666,15.895,19.9,0.3333333333333333,306.08,306.08,0,0,0,0,0,4.364817333333334,2.0447441322278457,0
3295,satellite_only_before_news,satellite_only,0,1,1,0.5,43.38,43.38,0.5,320.01,320.01,0,0,0,0,0,4.673672316666667,0.5618714162602605,1
3296,high_confidence_satellite_false_positive,satellite_only,0,0,1,1.0,116.68,116.68,1.0,352.8,352.8,0,0,0,0,0,0.0,0.0,0
3297,mixed_confidence_non_fire_heat_source,mixed_confidence,1,0,2,0.6666666666666666,15.940000000000001,20.94,0.6666666666666666,335.315,374.4,0,0,0,0,0,22.84736978333333,1.5519055731927542,0
3298,high_confidence_satellite_false_positive,satellite_only,0,0,1,0.0,0.0,0.0,1.0,379.03,379.03,0,0,0,0,0,0.0,0.0,0
3299,multi_satellite_plus_multi_news,satellite_news,0,0,3,1.0,46.06,62.5,1.0,369.49666666666667,382.09,0,0,0,3,0,18.982823,2.6891625992303165,1
3300,mixed_confidence_non_fire_heat_source,mixed_confidence,0,0,2,0.5,13.77,13.77,1.0,303.58500000000004,308.55,0,0,0,0,0,16.481835766666666,0.4659986350968555,0
3301,high_low_satellite_with_news_real_fire,mixed_confidence,0,0,3,1.0,79.04,117.8,0.6666666666666666,345.635,355.14,0,0,0,2,0,23.430541466666668,1.5541211891523687,1
3302,high_low_satellite_with_news_real_fire,mixed_confidence,1,0,1,1.0,70.695,107.16,1.0,373.375,387.88,0,0,2,0,0,11.745091516666667,3.199981942867365,1
3303,news_rumor_no_fire,news_only,0,0,0,0.0,0.0,0.0,0.0,0.0,0.0,0,0,0,0,1,0.0,0.0,0
3304,high_confidence_satellite_false_positive,satellite_only,0,0,1,0.0,0.0,0.0,1.0,343.98,343.98,0,0,0,0,0,0.0,0.0,0
3305,nominal_satellite_false_heat_source,satellite_only,0,2,0,1.0,31.235,32.53,0.5,326.14,326.14,0,0,0,0,0,6.868268483333334,0.17753212752106942,0
3306,high_low_satellite_false_alarm,mixed_confidence,2,0,0,0.5,81.63,81.63,1.0,347.625,364.63,1,0,0,0,0,4.913173583333333,1.3860043491238632,0
3307,low_confidence_satellite_noise,satellite_only,3,0,0,1.0,28.983333333333334,37.95,0.6666666666666666,324.53499999999997,326.98,0,0,0,0,0,29.73153178333333,1.6415691458076276,0
3308,multiple_news_same_false_alarm,news_only,0,0,0,0.0,0.0,0.0,0.0,0.0,0.0,0,2,1,0,0,36.276627366666666,0.5425954174450781,0
3309,news_only_before_satellite,news_only,0,0,0,0.0,0.0,0.0,0.0,0.0,0.0,0,1,0,0,1,12.500179300000001,0.7842312521067839,1
3310,nominal_satellite_with_news,satellite_news,0,1,0,1.0,64.12,64.12,1.0,348.87,348.87,0,0,1,0,0,8.668071833333332,0.2813398340113716,1
3311,satellite_only_before_news,satellite_only,0,1,0,1.0,91.07,91.07,1.0,327.01,327.01,0,0,0,0,0,0.0,0.0,1
3312,high_confidence_satellite_false_positive,satellite_only,0,0,1,1.0,120.47,120.47,1.0,370.84,370.84,0,0,0,0,0,0.0,0.0,0
3313,satellite_only_before_news,satellite_only,0,1,0,1.0,35.05,35.05,1.0,322.64,322.64,0,0,0,0,0,0.0,0.0,1
3314,multi_confidence_persistent_real_fire,multi_satellite,0,2,1,0.6666666666666666,69.78999999999999,95.82,1.0,341.2433333333333,371.53,0,0,0,0,0,42.00759685,1.7978669003753733,1
3315,high_low_satellite_false_alarm,mixed_confidence,0,0,2,0.5,60.61,60.61,1.0,354.14,362.69,0,1,0,0,0,8.505015716666668,1.203556296460139,0
3316,high_confidence_satellite_false_positive,satellite_only,0,0,1,1.0,110.63,110.63,0.0,0.0,0.0,0,0,0,0,0,0.0,0.0,0
3317,satellite_only_before_news,satellite_only,0,1,1,1.0,28.63,42.86,0.5,366.11,366.11,0,0,0,0,0,2.6143584666666664,1.0776088566409516,1
3318,mixed_confidence_non_fire_heat_source,mixed_confidence,0,1,1,1.0,90.66,105.52,0.5,306.27,306.27,0,0,0,0,0,6.002626733333333,0.9071494303465886,0
3319,nominal_satellite_false_heat_source,satellite_only,0,2,0,0.5,56.12,56.12,0.5,314.47,314.47,0,0,0,0,0,0.08307506666666667,0.13900279803526072,0
3320,persistent_non_wildfire_heat_source,multi_satellite,2,1,0,0.6666666666666666,60.675,76.39,1.0,329.6233333333333,353.06,0,0,0,0,0,12.001936883333334,2.6350708135331455,0
3321,correlated_satellite_news_false_alarm,satellite_news,0,1,0,1.0,10.03,10.03,0.0,0.0,0.0,0,0,1,0,0,2.5363927499999996,2.131650950018851,0
3322,nominal_satellite_with_news,satellite_news,0,1,0,1.0,61.22,61.22,1.0,339.17,339.17,0,0,0,1,0,25.278027650000002,2.740495648188606,1
3323,news_only_before_satellite,news_only,0,0,0,0.0,0.0,0.0,0.0,0.0,0.0,0,1,1,0,0,4.408363033333333,0.8451501008125623,1
3324,satellite_only_before_news,satellite_only,0,1,1,0.5,21.3,21.3,0.5,323.06,323.06,0,0,0,0,0,0.7587986,1.7820485426560893,1
3325,nominal_satellite_false_heat_source,satellite_only,0,2,0,0.5,27.49,27.49,0.0,0.0,0.0,0,0,0,0,0,0.6825018833333334,0.6791602021946224,0
3326,high_confidence_satellite_with_news,satellite_news,0,0,3,0.3333333333333333,90.73,90.73,0.6666666666666666,323.4,334.64,0,0,0,2,0,18.13072503333333,2.137248227399821,1
3327,mixed_confidence_non_fire_heat_source,mixed_confidence,0,3,1,0.75,38.1,63.03,0.75,340.24,373.87,0,0,0,0,0,16.097322766666668,1.3630787133790154,0
3328,nominal_low_satellite_with_news_real_fire,mixed_confidence,3,0,0,1.0,43.64000000000001,50.74,0.6666666666666666,330.78,356.69,0,0,1,0,0,18.93599065,1.826504746958422,1
3329,multi_satellite_real_fire,multi_satellite,0,4,0,1.0,75.28500000000001,89.43,0.75,361.8233333333333,375.93,0,0,0,0,0,31.97521671666667,2.7110205415184883,1
3330,nominal_satellite_with_news,satellite_news,0,2,0,1.0,59.475,75.61,1.0,346.17,358.79,0,1,0,1,0,21.98749415,2.3596398903941167,1
3331,persistent_non_wildfire_heat_source,multi_satellite,2,0,0,1.0,50.93000000000001,65.98,1.0,302.865,305.94,0,0,0,0,0,5.660944316666667,0.6287429355659753,0
3332,multi_satellite_plus_multi_news,satellite_news,0,2,2,0.75,71.96666666666665,101.67,1.0,328.8875,366.98,0,0,2,0,0,33.95326991666666,2.216060805909809,1
3333,mixed_satellite_with_false_news,mixed_confidence,0,0,2,1.0,65.755,81.68,0.5,302.38,302.38,0,1,0,0,0,17.564022183333336,2.3201922203475727,0
3334,high_confidence_satellite_with_news,satellite_news,0,0,1,1.0,80.23,80.23,1.0,324.3,324.3,0,0,0,1,0,2.7547653999999997,0.6351353072788071,1
3335,news_rumor_no_fire,news_only,0,0,0,0.0,0.0,0.0,0.0,0.0,0.0,0,0,0,1,0,0.0,0.0,0
3336,multi_satellite_real_fire,multi_satellite,0,3,1,1.0,102.675,119.67,0.75,319.5,331.45,0,0,0,0,0,28.940257066666668,2.5776747239216027,1
3337,news_rumor_no_fire,news_only,0,0,0,0.0,0.0,0.0,0.0,0.0,0.0,0,0,0,0,1,0.0,0.0,0
3338,multi_satellite_plus_multi_news,satellite_news,0,3,1,1.0,48.495000000000005,72.3,1.0,365.0825,376.5,0,0,1,1,0,37.82778486666667,2.862714041509278,1
3339,news_rumor_no_fire,news_only,0,0,0,0.0,0.0,0.0,0.0,0.0,0.0,0,0,0,0,1,0.0,0.0,0
3340,multi_confidence_persistent_real_fire,multi_satellite,1,2,2,0.8,79.76,101.7,1.0,329.442,351.65,1,0,1,0,0,29.099714783333333,3.3845091828683063,1
3341,nominal_satellite_false_heat_source,satellite_only,0,1,0,1.0,23.32,23.32,0.0,0.0,0.0,0,0,0,0,0,0.0,0.0,0
3342,multi_confidence_persistent_real_fire,multi_satellite,1,2,0,1.0,45.25666666666667,65.23,0.6666666666666666,334.14,348.64,0,0,0,1,0,20.821840766666664,3.1357167385354314,1
3343,nominal_satellite_with_news,satellite_news,0,2,0,1.0,62.295,76.17,1.0,303.265,304.62,0,1,0,0,0,30.717181200000002,1.9153239651688825,1
3344,nominal_low_satellite_with_news_real_fire,mixed_confidence,2,1,0,1.0,54.25333333333333,67.8,0.6666666666666666,353.83,358.27,0,1,0,0,0,22.57405375,1.7150196097902668,1
3345,news_only_before_satellite,news_only,0,0,0,0.0,0.0,0.0,0.0,0.0,0.0,0,0,1,0,0,0.0,0.0,1
3346,persistent_non_wildfire_heat_source,multi_satellite,0,3,0,0.6666666666666666,46.724999999999994,77.02,0.3333333333333333,351.84,351.84,0,0,0,0,0,21.79199925,3.357245105728489,0
3347,mixed_confidence_non_fire_heat_source,mixed_confidence,0,0,3,0.0,0.0,0.0,0.6666666666666666,369.195,374.06,0,0,0,0,0,14.746470616666667,0.5556956784536532,0
3348,correlated_satellite_news_false_alarm,satellite_news,1,1,0,0.5,64.22,64.22,1.0,327.485,333.22,0,1,0,0,0,10.015099716666667,2.7166101556118116,0
3349,correlated_satellite_news_false_alarm,satellite_news,1,0,0,0.0,0.0,0.0,0.0,0.0,0.0,0,0,2,0,0,19.171361,2.068057114512751,0
3350,multiple_news_same_false_alarm,news_only,0,0,0,0.0,0.0,0.0,0.0,0.0,0.0,2,1,1,0,0,8.826741133333334,0.9051558537545076,0
3351,multiple_news_same_false_alarm,news_only,0,0,0,0.0,0.0,0.0,0.0,0.0,0.0,1,0,2,0,0,15.013518716666665,0.9875058149320444,0
3352,correlated_satellite_news_false_alarm,satellite_news,1,1,0,0.5,5.78,5.78,1.0,317.27,329.38,0,0,2,0,0,10.849458983333333,1.0816551918036768,0
3353,correlated_satellite_news_false_alarm,satellite_news,1,1,0,0.5,37.05,37.05,1.0,300.44,307.99,0,1,0,0,0,24.40780165,0.969227982218619,0
3354,multi_confidence_persistent_real_fire,multi_satellite,0,3,0,1.0,54.96333333333334,78.01,0.6666666666666666,363.97,373.42,0,1,0,0,0,40.203871850000006,2.2253196711201646,1
3355,high_confidence_satellite_with_news,satellite_news,0,0,1,1.0,108.74,108.74,1.0,319.51,319.51,0,0,0,1,0,16.672149,1.1471228998849066,1
3356,multiple_news_same_false_alarm,news_only,0,0,0,0.0,0.0,0.0,0.0,0.0,0.0,1,2,1,0,0,37.81710516666667,0.6426582644603225,0
3357,high_low_satellite_with_news_real_fire,mixed_confidence,1,0,1,0.0,0.0,0.0,1.0,382.99,385.46,0,0,1,0,0,6.394213949999999,2.079290169426034,1
3358,nominal_low_satellite_with_news_real_fire,mixed_confidence,1,1,0,1.0,58.599999999999994,84.82,1.0,345.475,366.94,0,1,0,0,0,12.002502116666667,2.519683926384063,1
3359,nominal_low_satellite_with_news_real_fire,mixed_confidence,2,0,0,1.0,40.83,44.08,0.5,365.56,365.56,0,1,1,0,0,19.131814316666667,1.8198187321454449,1
3360,mixed_confidence_non_fire_heat_source,mixed_confidence,2,1,1,0.5,50.379999999999995,63.85,0.5,324.98,342.13,0,0,0,0,0,23.358114716666666,1.8100977135851166,0
3361,multi_satellite_real_fire,multi_satellite,0,4,0,1.0,55.832499999999996,77.45,1.0,334.82500000000005,350.49,0,0,0,0,0,34.01448176666666,2.114453762565541,1
3362,multi_satellite_plus_multi_news,satellite_news,0,2,1,1.0,72.33999999999999,124.53,1.0,354.7833333333333,364.19,0,0,1,1,0,15.291840216666666,2.9973914507841366,1
3363,low_confidence_satellite_noise,satellite_only,2,0,0,0.5,20.83,20.83,0.5,309.63,309.63,0,0,0,0,0,1.8944203333333334,1.9819103004983198,0
3364,mixed_confidence_non_fire_heat_source,mixed_confidence,0,0,2,1.0,71.195,104.3,0.0,0.0,0.0,0,0,0,0,0,11.025936133333333,1.866686912681034,0
3365,satellite_only_before_news,satellite_only,0,1,0,0.0,0.0,0.0,1.0,313.3,313.3,0,0,0,0,0,0.0,0.0,1
3366,high_low_satellite_false_alarm,mixed_confidence,1,0,2,0.6666666666666666,72.64500000000001,85.9,1.0,341.0733333333333,360.12,1,0,0,0,0,24.164233149999998,1.7966556416955277,0
3367,correlated_satellite_news_false_alarm,satellite_news,1,1,0,0.0,0.0,0.0,1.0,307.725,324.99,0,0,1,0,0,15.5593826,1.776157753049695,0
3368,high_low_satellite_false_alarm,mixed_confidence,2,0,1,1.0,96.11333333333334,117.99,1.0,351.75333333333333,382.73,1,0,0,0,0,19.270296883333334,1.5935939045035739,0
3369,multi_satellite_plus_multi_news,satellite_news,0,2,2,0.5,90.05000000000001,98.34,1.0,350.97249999999997,388.57,0,0,1,1,0,26.787249383333336,3.2137822463881807,1
3370,high_low_satellite_with_news_real_fire,mixed_confidence,1,0,1,1.0,82.34,128.91,1.0,342.155,350.87,0,0,0,1,0,13.191423066666665,1.9350055603608538,1
3371,high_confidence_satellite_false_positive,satellite_only,0,0,1,1.0,100.72,100.72,1.0,355.63,355.63,0,0,0,0,0,0.0,0.0,0
3372,nominal_satellite_with_news,satellite_news,0,1,0,1.0,75.13,75.13,1.0,303.19,303.19,0,1,1,0,0,32.7553558,2.8910388661015003,1
3373,satellite_only_before_news,satellite_only,0,0,2,1.0,87.565,92.64,1.0,335.33500000000004,351.66,0,0,0,0,0,1.8766017499999998,2.6816528927182013,1
3374,mixed_satellite_with_false_news,mixed_confidence,0,0,1,1.0,60.31,60.31,1.0,349.14,349.14,0,0,1,0,0,12.262031933333333,1.177294137103797,0
3375,nominal_satellite_false_heat_source,satellite_only,0,2,0,0.0,0.0,0.0,0.5,333.07,333.07,0,0,0,0,0,3.2156254833333335,0.689469335727347,0
3376,low_confidence_satellite_noise,satellite_only,3,0,0,0.6666666666666666,18.515,29.48,0.3333333333333333,293.62,293.62,0,0,0,0,0,20.435814750000002,1.1387817942130745,0
3377,nominal_satellite_with_news,satellite_news,0,1,0,1.0,26.23,26.23,1.0,308.51,308.51,0,0,1,0,0,19.2768181,0.4364962884505041,1
3378,multiple_news_same_false_alarm,news_only,0,0,0,0.0,0.0,0.0,0.0,0.0,0.0,2,0,1,0,0,19.25023848333333,0.9688212739025617,0
3379,multi_confidence_persistent_real_fire,multi_satellite,0,3,1,1.0,56.18000000000001,88.22,0.75,367.26666666666665,376.65,0,2,0,0,0,39.99650595,1.8464667558352346,1
3380,high_low_satellite_with_news_real_fire,mixed_confidence,1,0,1,1.0,49.64,61.47,1.0,355.59000000000003,388.72,0,0,1,0,0,14.1567928,2.342948828135584,1
3381,multiple_news_same_false_alarm,news_only,0,0,0,0.0,0.0,0.0,0.0,0.0,0.0,0,2,2,0,0,30.9395374,1.115598146768451,0
3382,nominal_satellite_false_heat_source,satellite_only,0,2,0,1.0,39.935,54.56,1.0,311.81,317.37,0,0,0,0,0,3.7132407666666665,0.2944779983235142,0
3383,high_confidence_satellite_with_news,satellite_news,0,0,1,0.0,0.0,0.0,1.0,369.45,369.45,0,0,0,1,0,9.071131516666666,2.237195159607282,1
3384,multiple_news_same_false_alarm,news_only,0,0,0,0.0,0.0,0.0,0.0,0.0,0.0,1,1,1,0,0,37.370804066666665,0.49458925306789764,0
3385,persistent_non_wildfire_heat_source,multi_satellite,1,2,0,1.0,62.01666666666667,76.1,1.0,324.40000000000003,348.42,0,0,0,0,0,45.785510683333335,1.5196103486280121,0
3386,multi_satellite_real_fire,multi_satellite,0,1,1,1.0,52.28,59.73,1.0,354.03,373.64,0,0,0,0,0,2.4651086833333333,0.7864514784625923,1
3387,multi_confidence_persistent_real_fire,multi_satellite,3,0,2,0.8,90.13499999999999,113.54,0.6,338.02666666666664,355.9,0,0,0,0,0,22.20940985,2.502003572104811,1
3388,correlated_satellite_news_false_alarm,satellite_news,0,1,0,1.0,41.79,41.79,1.0,301.4,301.4,0,0,2,0,0,15.6714848,1.2509224602884372,0
3389,mixed_confidence_non_fire_heat_source,mixed_confidence,2,0,1,0.6666666666666666,91.98,98.95,0.6666666666666666,363.095,373.9,0,0,0,0,0,11.739249183333333,2.1023515053954167,0
3390,satellite_only_before_news,satellite_only,0,2,0,1.0,44.535000000000004,73.92,1.0,318.44,322.62,0,0,0,0,0,9.734230466666666,0.6659717265894036,1
3391,nominal_satellite_with_news,satellite_news,0,2,0,1.0,49.980000000000004,73.04,1.0,348.28,358.57,0,1,0,0,0,18.01070448333333,2.8141554846070655,1
3392,satellite_only_before_news,satellite_only,0,1,1,0.5,61.23,61.23,0.5,308.28,308.28,0,0,0,0,0,4.780488783333333,1.6104376927366093,1
3393,nominal_satellite_with_news,satellite_news,0,2,0,1.0,39.69,57.28,0.5,314.19,314.19,0,1,0,0,0,16.492437066666668,3.1510340670983377,1
3394,multiple_news_same_false_alarm,news_only,0,0,0,0.0,0.0,0.0,0.0,0.0,0.0,1,1,2,0,0,29.86487448333333,0.8908940827918644,0
3395,high_low_satellite_with_news_real_fire,mixed_confidence,3,0,0,1.0,65.89666666666666,124.55,0.6666666666666666,369.76,376.43,0,1,1,0,0,34.10921656666667,2.2336978574817743,1
3396,satellite_only_before_news,satellite_only,0,1,0,1.0,57.4,57.4,1.0,320.89,320.89,0,0,0,0,0,0.0,0.0,1
3397,multi_satellite_plus_multi_news,satellite_news,0,1,1,0.5,66.67,66.67,0.5,384.2,384.2,0,0,0,3,0,29.118728383333334,2.9448723655897022,1
3398,mixed_satellite_with_false_news,mixed_confidence,1,0,2,1.0,54.953333333333326,77.82,1.0,337.39000000000004,365.32,1,0,1,0,0,24.389955566666668,3.318849983121104,0
3399,mixed_satellite_with_false_news,mixed_confidence,0,1,0,0.0,0.0,0.0,0.0,0.0,0.0,1,0,0,0,0,3.0951302166666665,2.4873411607329743,0
3400,multi_confidence_persistent_real_fire,multi_satellite,3,1,0,0.5,45.3,61.85,1.0,353.515,383.35,0,1,1,0,0,45.04137145,3.3994896180875847,1
3401,multi_satellite_real_fire,multi_satellite,0,1,1,0.0,0.0,0.0,1.0,334.38,350.56,0,0,0,0,0,17.077809549999998,1.5609141308158583,1
3402,nominal_low_satellite_with_news_real_fire,mixed_confidence,1,1,0,0.5,28.53,28.53,0.5,366.76,366.76,0,1,1,0,0,15.968195016666666,0.8251812336878442,1
3403,high_confidence_satellite_false_positive,satellite_only,0,0,1,1.0,108.53,108.53,1.0,313.71,313.71,0,0,0,0,0,0.0,0.0,0
3404,nominal_satellite_with_news,satellite_news,0,1,0,1.0,47.42,47.42,1.0,341.96,341.96,0,1,1,0,0,32.95193223333333,1.80441385642174,1
3405,nominal_low_satellite_with_news_real_fire,mixed_confidence,0,2,0,1.0,67.32,75.95,1.0,300.95500000000004,303.75,0,0,2,0,0,27.268907483333333,2.2460042945240386,1
3406,satellite_only_before_news,satellite_only,0,1,1,1.0,66.26,71.59,0.5,296.23,296.23,0,0,0,0,0,3.4913356666666666,0.6732257746745297,1
3407,news_only_before_satellite,news_only,0,0,0,0.0,0.0,0.0,0.0,0.0,0.0,0,2,0,0,0,23.987938516666667,0.8159701104760042,1
3408,multi_confidence_persistent_real_fire,multi_satellite,2,1,2,0.8,67.42,88.96,1.0,352.938,382.98,1,0,0,1,0,33.082231316666665,3.2076207176300073,1
3409,multi_confidence_persistent_real_fire,multi_satellite,2,0,2,0.75,61.07333333333333,97.02,0.5,329.09000000000003,333.47,0,1,0,1,0,32.746635633333334,2.1180883500947805,1
3410,correlated_satellite_news_false_alarm,satellite_news,2,0,0,0.5,55.44,55.44,1.0,310.74,323.44,0,0,1,0,0,26.38403321666667,1.819687332562265,0
3411,persistent_non_wildfire_heat_source,multi_satellite,1,2,0,0.6666666666666666,14.215,17.54,1.0,347.71000000000004,351.72,0,0,0,0,0,36.6014729,1.397027831655144,0
3412,nominal_satellite_with_news,satellite_news,0,2,0,0.5,28.44,28.44,1.0,334.96500000000003,354.24,0,0,0,1,0,29.64498095,3.2115834717240097,1
3413,multiple_news_same_false_alarm,news_only,0,0,0,0.0,0.0,0.0,0.0,0.0,0.0,1,0,1,0,0,20.997424366666667,0.8570562444490645,0
3414,mixed_confidence_satellite_real_fire,mixed_confidence,2,1,1,0.75,72.85333333333334,104.09,0.25,373.4,373.4,0,1,0,0,0,40.35860688333333,2.1200701306008365,1
3415,mixed_confidence_non_fire_heat_source,mixed_confidence,2,2,0,0.75,41.336666666666666,58.08,0.5,325.49,331.0,0,0,0,0,0,17.882761666666667,1.7502714676923838,0
3416,correlated_satellite_news_false_alarm,satellite_news,0,1,0,0.0,0.0,0.0,0.0,0.0,0.0,0,0,2,0,0,22.899413183333333,1.3396392451125378,0
3417,high_low_satellite_false_alarm,mixed_confidence,1,0,2,1.0,58.9,82.34,1.0,350.76,379.5,0,1,0,0,0,23.325525000000003,0.5371403223241006,0
3418,high_low_satellite_false_alarm,mixed_confidence,0,0,2,0.5,40.38,40.38,0.5,300.88,300.88,0,0,0,0,0,14.960991,2.337346035154783,0
3419,news_only_before_satellite,news_only,0,0,0,0.0,0.0,0.0,0.0,0.0,0.0,0,1,0,0,0,0.0,0.0,1
3420,correlated_satellite_news_false_alarm,satellite_news,1,1,0,0.5,43.44,43.44,0.5,311.83,311.83,0,0,2,0,0,25.338038666666666,1.7635059677769838,0
3421,mixed_confidence_satellite_real_fire,mixed_confidence,3,0,1,0.75,45.78,85.18,0.75,323.93,346.34,0,0,0,0,0,37.722660033333334,0.9404676540333831,1
3422,mixed_confidence_non_fire_heat_source,mixed_confidence,2,0,2,1.0,89.7775,108.91,0.75,332.5566666666667,343.16,0,0,0,0,0,18.855387366666665,1.851691454057353,0
3423,news_only_before_satellite,news_only,0,0,0,0.0,0.0,0.0,0.0,0.0,0.0,0,1,1,0,0,19.48835635,0.48046258484817767,1
3424,nominal_satellite_with_news,satellite_news,0,1,0,1.0,68.35,68.35,1.0,346.53,346.53,0,1,1,0,0,16.648605783333334,0.7175833056000356,1
3425,nominal_satellite_with_news,satellite_news,0,2,0,1.0,60.050000000000004,75.01,1.0,327.745,345.35,0,0,1,1,0,25.606995050000002,1.6873846227683105,1
3426,news_only_before_satellite,news_only,0,0,0,0.0,0.0,0.0,0.0,0.0,0.0,0,0,0,0,2,1.1650130333333335,0.6915103566927652,1
3427,mixed_confidence_non_fire_heat_source,mixed_confidence,0,0,2,0.5,24.77,24.77,0.5,368.79,368.79,0,0,0,0,0,4.3442266,1.5513396225203835,0
3428,mixed_confidence_non_fire_heat_source,mixed_confidence,1,1,1,0.3333333333333333,23.1,23.1,1.0,342.3166666666666,371.11,0,0,0,0,0,23.944252133333336,1.998619036581571,0
3429,multi_confidence_persistent_real_fire,multi_satellite,1,1,2,0.75,76.89333333333333,109.99,0.75,342.6499999999999,345.89,0,0,0,0,0,33.09945305,3.2459792200844424,1
3430,high_low_satellite_with_news_real_fire,mixed_confidence,1,0,2,0.6666666666666666,42.085,61.2,0.6666666666666666,323.975,331.19,0,1,0,1,0,30.075213166666668,3.3555956268549156,1
3431,mixed_confidence_satellite_real_fire,mixed_confidence,1,2,1,0.75,34.54333333333333,69.24,0.75,329.94666666666666,341.34,0,0,0,0,0,38.717875299999996,2.9893819262701613,1
3432,news_rumor_no_fire,news_only,0,0,0,0.0,0.0,0.0,0.0,0.0,0.0,1,0,0,0,0,0.0,0.0,0
3433,correlated_satellite_news_false_alarm,satellite_news,1,1,0,0.5,69.44,69.44,0.5,330.63,330.63,0,0,1,0,0,18.932542233333333,3.5299432941583615,0
3434,mixed_confidence_non_fire_heat_source,mixed_confidence,0,1,2,0.0,0.0,0.0,0.6666666666666666,341.06,360.89,0,0,0,0,0,14.228962266666667,2.124740136840544,0
3435,news_rumor_no_fire,news_only,0,0,0,0.0,0.0,0.0,0.0,0.0,0.0,1,0,0,0,0,0.0,0.0,0
3436,low_confidence_satellite_noise,satellite_only,3,0,0,0.6666666666666666,26.075000000000003,26.87,0.6666666666666666,307.645,310.43,0,0,0,0,0,14.18255585,2.0136697089914515,0
3437,nominal_satellite_with_news,satellite_news,0,1,0,1.0,45.17,45.17,1.0,358.46,358.46,0,1,1,0,0,11.366185283333333,3.3693218752217184,1
3438,high_low_satellite_with_news_real_fire,mixed_confidence,3,0,0,0.3333333333333333,91.74,91.74,0.6666666666666666,345.86,388.72,0,1,1,0,0,22.417687249999997,3.4382316970885634,1
3439,news_rumor_no_fire,news_only,0,0,0,0.0,0.0,0.0,0.0,0.0,0.0,0,0,0,0,1,0.0,0.0,0
3440,multi_confidence_persistent_real_fire,multi_satellite,2,1,2,0.8,85.235,118.42,0.8,340.3825,378.34,0,0,0,0,0,44.05622395,3.322346242468728,1
3441,persistent_non_wildfire_heat_source,multi_satellite,1,2,0,0.6666666666666666,54.894999999999996,60.0,0.3333333333333333,332.89,332.89,0,0,0,0,0,48.314319016666666,2.7165308125637937,0
3442,multi_satellite_plus_multi_news,satellite_news,0,1,1,0.5,60.11,60.11,1.0,351.85,379.11,0,0,1,1,0,33.36371881666667,2.7088935781348207,1
3443,nominal_satellite_with_news,satellite_news,0,2,0,1.0,44.230000000000004,55.53,0.5,337.69,337.69,0,2,0,0,0,26.349112933333334,1.7234423632748535,1
3444,mixed_confidence_satellite_real_fire,mixed_confidence,0,3,1,0.25,39.09,39.09,0.75,344.1433333333334,369.45,0,0,0,0,0,27.01550725,1.2824160390722366,1
3445,low_confidence_satellite_noise,satellite_only,1,0,0,0.0,0.0,0.0,1.0,323.21,323.21,0,0,0,0,0,0.0,0.0,0
3446,satellite_only_before_news,satellite_only,0,1,0,1.0,56.12,56.12,0.0,0.0,0.0,0,0,0,0,0,0.0,0.0,1
3447,multi_confidence_persistent_real_fire,multi_satellite,1,1,2,1.0,45.065,93.55,1.0,333.0,354.45,0,0,0,0,0,39.48715108333333,2.190162137869193,1
3448,news_only_before_satellite,news_only,0,0,0,0.0,0.0,0.0,0.0,0.0,0.0,0,1,1,0,0,7.2841691,0.556156186908206,1
3449,multi_satellite_plus_multi_news,satellite_news,0,2,1,1.0,51.92333333333334,63.07,0.3333333333333333,368.02,368.02,0,0,2,1,0,21.183846333333335,1.499784876410651,1
3450,multi_confidence_persistent_real_fire,multi_satellite,0,2,1,0.6666666666666666,43.585,61.79,1.0,334.9266666666667,362.41,0,0,0,0,0,13.556923533333332,1.8964860478015089,1
3451,nominal_low_satellite_with_news_real_fire,mixed_confidence,2,1,0,0.6666666666666666,20.045,25.12,0.6666666666666666,330.07,352.69,0,0,1,0,0,21.664249016666666,1.600056918413358,1
3452,multiple_news_same_false_alarm,news_only,0,0,0,0.0,0.0,0.0,0.0,0.0,0.0,3,1,0,0,0,27.323963666666668,1.6629539739896901,0
3453,news_rumor_no_fire,news_only,0,0,0,0.0,0.0,0.0,0.0,0.0,0.0,0,0,0,0,1,0.0,0.0,0
3454,multi_confidence_persistent_real_fire,multi_satellite,2,1,1,0.75,75.31333333333333,85.6,0.5,342.42,361.68,0,0,2,0,0,49.18577035,3.25557091796529,1
3455,mixed_satellite_with_false_news,mixed_confidence,0,1,1,0.5,46.99,46.99,0.5,340.41,340.41,2,0,0,0,0,9.968271683333334,1.977072274830196,0
3456,satellite_only_before_news,satellite_only,0,0,2,0.0,0.0,0.0,0.5,340.28,340.28,0,0,0,0,0,0.6761124333333334,1.0821239481178109,1
3457,correlated_satellite_news_false_alarm,satellite_news,1,0,0,1.0,49.32,49.32,0.0,0.0,0.0,0,0,2,0,0,3.1072473,3.1071589389495906,0
3458,high_confidence_satellite_with_news,satellite_news,0,0,1,1.0,88.54,88.54,1.0,334.13,334.13,0,0,1,0,0,2.459603866666667,1.6787716148686018,1
3459,nominal_satellite_false_heat_source,satellite_only,0,2,0,1.0,35.655,42.1,1.0,309.935,312.17,0,0,0,0,0,6.684270766666667,0.7198132551696927,0
3460,correlated_satellite_news_false_alarm,satellite_news,1,1,0,1.0,26.07,45.09,1.0,318.985,337.68,0,1,1,0,0,22.568744033333335,3.028335310452069,0
3461,news_rumor_no_fire,news_only,0,0,0,0.0,0.0,0.0,0.0,0.0,0.0,0,0,0,1,0,0.0,0.0,0
3462,mixed_confidence_satellite_real_fire,mixed_confidence,1,1,1,1.0,56.589999999999996,106.82,1.0,307.46666666666664,326.01,0,0,1,1,0,34.47129365,3.6474093198621147,1
3463,mixed_confidence_non_fire_heat_source,mixed_confidence,0,2,0,1.0,89.22999999999999,106.02,1.0,308.265,316.47,0,0,0,0,0,1.70646885,0.5091041709100884,0
3464,multi_confidence_persistent_real_fire,multi_satellite,2,0,3,0.8,84.51499999999999,116.0,0.8,338.2525,345.79,0,0,0,0,0,21.768005883333334,2.362330003173952,1
3465,high_low_satellite_false_alarm,mixed_confidence,1,0,1,0.0,0.0,0.0,1.0,360.405,366.09,0,0,0,0,0,19.48852605,1.2173762272108306,0
3466,multiple_news_same_false_alarm,news_only,0,0,0,0.0,0.0,0.0,0.0,0.0,0.0,1,1,1,0,0,21.49327441666667,0.9282672509451433,0
3467,multi_satellite_real_fire,multi_satellite,0,2,0,0.5,111.08,111.08,1.0,332.865,336.13,0,0,0,0,0,14.385103683333334,1.652618228335201,1
3468,low_confidence_satellite_noise,satellite_only,2,0,0,0.5,13.52,13.52,1.0,310.91499999999996,310.95,0,0,0,0,0,5.1661608999999995,1.0526229779646052,0
3469,correlated_satellite_news_false_alarm,satellite_news,0,1,0,1.0,47.08,47.08,1.0,315.49,315.49,0,0,1,0,0,1.5768227333333333,0.9660003514139444,0
3470,high_low_satellite_with_news_real_fire,mixed_confidence,1,0,2,0.6666666666666666,96.725,100.05,1.0,325.93,342.01,0,0,1,1,0,17.558087,1.9233474827219508,1
3471,high_confidence_satellite_false_positive,satellite_only,0,0,1,0.0,0.0,0.0,1.0,337.01,337.01,0,0,0,0,0,0.0,0.0,0
3472,satellite_only_before_news,satellite_only,0,1,1,1.0,74.03,82.71,0.5,300.07,300.07,0,0,0,0,0,11.716451833333334,0.31770173732395135,1
3473,multiple_news_same_false_alarm,news_only,0,0,0,0.0,0.0,0.0,0.0,0.0,0.0,2,0,0,0,0,12.025515066666665,0.4679488988294493,0
3474,news_only_before_satellite,news_only,0,0,0,0.0,0.0,0.0,0.0,0.0,0.0,0,2,0,0,0,0.23947076666666664,1.4246310244018934,1
3475,high_confidence_satellite_with_news,satellite_news,0,0,1,1.0,42.76,42.76,1.0,351.1,351.1,0,0,0,1,0,9.207423816666667,1.1841339482800812,1
3476,nominal_satellite_with_news,satellite_news,0,1,0,0.0,0.0,0.0,1.0,355.69,355.69,0,0,0,2,0,19.954028583333336,2.857515265816994,1
3477,multi_satellite_plus_multi_news,satellite_news,0,1,1,1.0,69.03999999999999,77.92,1.0,340.72,351.24,0,0,0,2,0,29.219821183333334,2.354205855600202,1
3478,persistent_non_wildfire_heat_source,multi_satellite,0,2,0,0.5,40.49,40.49,0.5,309.08,309.08,0,0,0,0,0,4.640365533333334,0.6282052316318707,0
3479,multiple_news_same_false_alarm,news_only,0,0,0,0.0,0.0,0.0,0.0,0.0,0.0,1,1,0,0,0,9.96662235,0.9172811117721011,0
3480,low_confidence_satellite_noise,satellite_only,3,0,0,0.6666666666666666,14.605,23.45,0.3333333333333333,311.24,311.24,0,0,0,0,0,34.006692316666665,2.618475752917035,0
3481,nominal_low_satellite_with_news_real_fire,mixed_confidence,1,1,0,0.5,56.94,56.94,1.0,308.83000000000004,315.29,0,1,0,0,0,33.44091241666667,2.906554352564409,1
3482,multi_satellite_real_fire,multi_satellite,0,2,0,0.0,0.0,0.0,1.0,354.04999999999995,374.4,0,0,0,0,0,8.161839366666666,0.2585318272146122,1
3483,multiple_news_same_false_alarm,news_only,0,0,0,0.0,0.0,0.0,0.0,0.0,0.0,1,2,1,0,0,22.809043666666664,1.1555256906577693,0
3484,news_only_before_satellite,news_only,0,0,0,0.0,0.0,0.0,0.0,0.0,0.0,0,0,1,0,0,0.0,0.0,1
3485,multiple_news_same_false_alarm,news_only,0,0,0,0.0,0.0,0.0,0.0,0.0,0.0,1,2,1,0,0,30.389579916666666,0.5035916993627229,0
3486,high_low_satellite_false_alarm,mixed_confidence,1,0,1,0.5,94.92,94.92,0.5,350.75,350.75,0,0,0,0,0,3.0898510833333335,1.3115020130556272,0
3487,satellite_only_before_news,satellite_only,0,1,0,1.0,33.2,33.2,0.0,0.0,0.0,0,0,0,0,0,0.0,0.0,1
3488,nominal_satellite_false_heat_source,satellite_only,0,1,0,1.0,33.35,33.35,1.0,335.15,335.15,0,0,0,0,0,0.0,0.0,0
3489,low_confidence_satellite_noise,satellite_only,3,0,0,0.6666666666666666,16.849999999999998,24.33,1.0,310.4066666666667,324.45,0,0,0,0,0,22.424360266666667,0.7908215968429466,0
3490,high_low_satellite_with_news_real_fire,mixed_confidence,1,0,1,0.5,75.34,75.34,1.0,361.095,378.21,0,0,1,0,0,6.783089250000001,2.250996388901475,1
3491,multi_satellite_real_fire,multi_satellite,0,3,1,1.0,66.80000000000001,104.48,1.0,331.28249999999997,352.3,0,0,0,0,0,30.97791255,2.685777209301817,1
3492,correlated_satellite_news_false_alarm,satellite_news,1,0,0,0.0,0.0,0.0,0.0,0.0,0.0,0,2,0,0,0,17.044721516666666,2.3872937098765012,0
3493,multi_confidence_persistent_real_fire,multi_satellite,2,0,1,1.0,59.093333333333334,101.49,0.6666666666666666,343.54499999999996,377.83,0,0,1,0,0,22.37917003333333,3.387953445741088,1
3494,mixed_satellite_with_false_news,mixed_confidence,1,1,1,1.0,46.63666666666666,79.32,0.6666666666666666,339.16999999999996,368.45,0,1,0,0,0,13.317831816666667,1.7223112672020136,0
3495,news_only_before_satellite,news_only,0,0,0,0.0,0.0,0.0,0.0,0.0,0.0,0,1,1,0,0,1.0919607,1.0627240259395612,1
3496,high_confidence_satellite_with_news,satellite_news,0,0,2,1.0,118.35,126.76,1.0,383.67999999999995,385.33,0,0,0,1,0,24.741478033333333,1.9502120124417979,1
3497,correlated_satellite_news_false_alarm,satellite_news,1,1,0,1.0,42.465,46.88,1.0,320.33,339.57,0,1,0,0,0,20.8605981,1.5635183681824183,0
3498,multiple_news_same_false_alarm,news_only,0,0,0,0.0,0.0,0.0,0.0,0.0,0.0,1,2,1,0,0,30.114484583333333,1.5857669162570736,0
3499,high_confidence_satellite_false_positive,satellite_only,0,0,1,0.0,0.0,0.0,1.0,358.83,358.83,0,0,0,0,0,0.0,0.0,0
3500,high_low_satellite_with_news_real_fire,mixed_confidence,2,0,1,0.6666666666666666,55.559999999999995,85.96,1.0,344.6233333333334,379.92,0,0,2,0,0,30.395204850000002,3.2163992400936294,1
3501,multi_confidence_persistent_real_fire,multi_satellite,0,1,2,1.0,68.77,116.24,1.0,358.18333333333334,383.54,0,0,0,0,0,42.410996149999995,2.853979994589058,1
3502,multiple_news_same_false_alarm,news_only,0,0,0,0.0,0.0,0.0,0.0,0.0,0.0,3,0,1,0,0,29.90025148333333,1.1961057981126548,0
3503,news_only_before_satellite,news_only,0,0,0,0.0,0.0,0.0,0.0,0.0,0.0,0,0,0,0,1,0.0,0.0,1
3504,news_only_before_satellite,news_only,0,0,0,0.0,0.0,0.0,0.0,0.0,0.0,0,1,0,0,0,0.0,0.0,1
3505,high_confidence_satellite_false_positive,satellite_only,0,0,1,0.0,0.0,0.0,1.0,372.85,372.85,0,0,0,0,0,0.0,0.0,0
3506,nominal_low_satellite_with_news_real_fire,mixed_confidence,0,3,0,0.6666666666666666,65.57000000000001,79.12,1.0,340.43333333333334,354.22,0,1,0,0,0,15.750087333333333,3.1616525114503826,1
3507,mixed_satellite_with_false_news,mixed_confidence,0,2,0,0.5,77.66,77.66,1.0,307.99,315.6,1,0,0,0,0,19.177756616666667,1.4078681135782731,0
3508,high_confidence_satellite_false_positive,satellite_only,0,0,1,1.0,36.14,36.14,1.0,307.06,307.06,0,0,0,0,0,0.0,0.0,0
3509,mixed_confidence_non_fire_heat_source,mixed_confidence,1,1,2,0.75,53.08333333333334,89.29,0.5,336.21000000000004,364.5,0,0,0,0,0,10.427432883333333,1.3102011039260706,0
3510,nominal_low_satellite_with_news_real_fire,mixed_confidence,2,0,0,1.0,65.575,74.08,1.0,340.15,353.62,0,1,0,0,0,17.151256083333333,1.9837002325987134,1
3511,correlated_satellite_news_false_alarm,satellite_news,0,1,0,1.0,12.65,12.65,0.0,0.0,0.0,0,0,1,0,0,17.773812866666667,0.5195394133370032,0
3512,news_rumor_no_fire,news_only,0,0,0,0.0,0.0,0.0,0.0,0.0,0.0,1,0,0,0,0,0.0,0.0,0
3513,mixed_satellite_with_false_news,mixed_confidence,0,0,3,0.3333333333333333,30.24,30.24,0.6666666666666666,325.885,345.71,1,1,0,0,0,30.37236323333333,3.524605740673445,0
3514,nominal_satellite_false_heat_source,satellite_only,0,2,0,0.5,43.68,43.68,0.5,316.22,316.22,0,0,0,0,0,4.82523765,0.673992986324224,0
3515,multi_satellite_real_fire,multi_satellite,0,3,1,0.75,63.43333333333334,88.96,1.0,360.675,379.9,0,0,0,0,0,30.2502265,3.0386936534481106,1
3516,persistent_non_wildfire_heat_source,multi_satellite,1,2,0,1.0,60.84333333333334,74.7,1.0,334.36999999999995,353.08,0,0,0,0,0,3.0536065666666667,1.3710598241410177,0
3517,mixed_satellite_with_false_news,mixed_confidence,3,0,0,0.3333333333333333,70.18,70.18,0.6666666666666666,350.74,358.95,1,0,0,0,0,25.867976183333333,2.5460026026349953,0
3518,nominal_satellite_false_heat_source,satellite_only,0,2,0,0.0,0.0,0.0,0.5,295.8,295.8,0,0,0,0,0,14.263411883333333,0.22609688280213905,0
3519,high_low_satellite_false_alarm,mixed_confidence,0,0,2,0.5,31.82,31.82,0.5,332.73,332.73,0,0,0,0,0,10.088695866666665,0.534853463735615,0
3520,mixed_confidence_satellite_real_fire,mixed_confidence,1,1,0,0.5,107.3,107.3,1.0,324.635,350.56,1,1,0,0,0,28.27160531666667,2.899814647611103,1
3521,multi_satellite_plus_multi_news,satellite_news,0,2,2,0.75,71.58333333333333,129.22,0.75,350.9266666666667,363.56,0,0,2,1,0,44.70877991666667,2.5942871312316496,1
3522,multi_satellite_plus_multi_news,satellite_news,0,1,2,1.0,64.97,100.57,1.0,344.85999999999996,359.17,0,0,1,1,0,41.91019386666667,2.0796930411682073,1
3523,multi_confidence_persistent_real_fire,multi_satellite,1,2,1,0.25,32.27,32.27,0.5,359.775,361.06,0,0,0,0,0,20.0491758,2.177786865903507,1
3524,news_only_before_satellite,news_only,0,0,0,0.0,0.0,0.0,0.0,0.0,0.0,0,1,0,0,0,0.0,0.0,1
3525,nominal_satellite_with_news,satellite_news,0,1,0,0.0,0.0,0.0,1.0,324.98,324.98,0,0,1,1,0,20.02011255,1.6713175797891595,1
3526,satellite_only_before_news,satellite_only,0,1,1,1.0,40.28,46.12,1.0,303.885,310.33,0,0,0,0,0,3.4369541666666668,0.5711141450531799,1
3527,high_confidence_satellite_false_positive,satellite_only,0,0,1,1.0,120.07,120.07,1.0,325.59,325.59,0,0,0,0,0,0.0,0.0,0
3528,news_rumor_no_fire,news_only,0,0,0,0.0,0.0,0.0,0.0,0.0,0.0,0,0,0,1,0,0.0,0.0,0
3529,satellite_only_before_news,satellite_only,0,0,1,1.0,97.71,97.71,1.0,295.14,295.14,0,0,0,0,0,0.0,0.0,1
3530,high_confidence_satellite_false_positive,satellite_only,0,0,1,0.0,0.0,0.0,0.0,0.0,0.0,0,0,0,0,0,0.0,0.0,0
3531,high_confidence_satellite_with_news,satellite_news,0,0,2,1.0,105.91,136.8,1.0,373.605,391.07,0,0,1,1,0,14.537458066666666,1.7517467648813299,1
3532,multi_satellite_real_fire,multi_satellite,0,2,2,1.0,65.39750000000001,92.35,0.75,347.0333333333333,376.85,0,0,0,0,0,23.49031645,3.0274069928532126,1
3533,news_rumor_no_fire,news_only,0,0,0,0.0,0.0,0.0,0.0,0.0,0.0,0,0,1,0,0,0.0,0.0,0
3534,high_low_satellite_false_alarm,mixed_confidence,1,0,2,0.6666666666666666,62.12,74.46,1.0,331.88,356.52,1,0,0,0,0,22.250015916666666,2.224924624395364,0
3535,multi_confidence_persistent_real_fire,multi_satellite,3,1,1,0.8,92.37750000000001,109.09,0.8,321.98749999999995,337.28,1,0,1,0,0,41.36559645,3.5083135892052297,1
3536,high_confidence_satellite_with_news,satellite_news,0,0,1,1.0,45.74,45.74,0.0,0.0,0.0,0,0,0,2,0,6.392798549999999,1.5362922758850084,1
3537,high_confidence_satellite_with_news,satellite_news,0,0,2,1.0,46.33,59.22,0.5,373.0,373.0,0,0,0,2,0,20.606151066666666,2.5112365274789465,1
3538,persistent_non_wildfire_heat_source,multi_satellite,3,1,0,1.0,34.0525,47.71,0.5,332.46000000000004,353.66,0,0,0,0,0,39.552630799999996,3.46667928772902,0
3539,low_confidence_satellite_noise,satellite_only,2,0,0,1.0,22.23,35.79,0.5,301.4,301.4,0,0,0,0,0,18.474368783333333,0.3432821798787292,0
3540,satellite_only_before_news,satellite_only,0,1,1,0.5,66.34,66.34,0.5,301.56,301.56,0,0,0,0,0,12.385019983333333,0.6490029068124942,1
3541,news_only_before_satellite,news_only,0,0,0,0.0,0.0,0.0,0.0,0.0,0.0,0,2,0,0,0,3.47326735,1.5089500645362834,1
3542,low_confidence_satellite_noise,satellite_only,2,0,0,0.0,0.0,0.0,0.5,290.51,290.51,0,0,0,0,0,15.556986083333333,1.5932622254904847,0
3543,news_rumor_no_fire,news_only,0,0,0,0.0,0.0,0.0,0.0,0.0,0.0,0,1,0,0,0,0.0,0.0,0
3544,mixed_confidence_satellite_real_fire,mixed_confidence,0,2,1,1.0,72.90666666666665,95.21,1.0,328.14666666666665,363.63,1,0,1,0,0,40.65244955,2.548406049946165,1
3545,multi_confidence_persistent_real_fire,multi_satellite,0,2,1,1.0,63.14333333333334,93.81,1.0,348.43666666666667,375.89,1,0,0,0,0,31.9650592,2.8723347044374714,1
3546,multi_confidence_persistent_real_fire,multi_satellite,1,1,2,1.0,70.4025,110.98,1.0,351.99,379.46,1,1,0,0,0,45.46121745000001,3.097155430763458,1
3547,high_low_satellite_with_news_real_fire,mixed_confidence,2,0,0,0.5,85.03,85.03,1.0,311.08,316.01,0,1,0,1,0,17.869183783333334,2.2481426968009584,1
3548,nominal_satellite_with_news,satellite_news,0,2,0,0.5,29.09,29.09,1.0,326.5,340.77,0,0,0,1,0,6.7784041,1.6475253735008615,1
3549,mixed_confidence_non_fire_heat_source,mixed_confidence,1,0,1,0.5,38.33,38.33,0.0,0.0,0.0,0,0,0,0,0,13.26775865,1.2785804531005134,0
3550,high_confidence_satellite_false_positive,satellite_only,0,0,1,1.0,29.89,29.89,1.0,362.06,362.06,0,0,0,0,0,0.0,0.0,0
3551,multi_satellite_plus_multi_news,satellite_news,0,2,2,0.75,60.69,87.04,0.5,341.23,357.78,0,0,1,2,0,49.7496476,2.442511641080782,1
3552,multi_satellite_plus_multi_news,satellite_news,0,2,0,0.0,0.0,0.0,0.5,333.38,333.38,0,0,1,2,0,34.8264819,3.0610475680960176,1
3553,mixed_confidence_satellite_real_fire,mixed_confidence,2,2,0,0.5,54.965,94.0,0.75,352.37999999999994,360.35,1,0,0,0,0,40.990335933333334,2.8621140203776108,1
3554,nominal_satellite_false_heat_source,satellite_only,0,2,0,1.0,41.85,57.32,1.0,309.27,319.37,0,0,0,0,0,4.842395333333333,0.8081283539308214,0
3555,high_low_satellite_false_alarm,mixed_confidence,1,0,1,0.5,85.06,85.06,0.5,366.22,366.22,0,0,0,0,0,8.1357878,1.330006288091328,0
3556,high_low_satellite_false_alarm,mixed_confidence,0,0,2,1.0,79.225,92.12,1.0,371.08500000000004,383.17,0,0,0,0,0,5.1461446833333335,1.1182842892784928,0
3557,mixed_satellite_with_false_news,mixed_confidence,1,0,0,1.0,99.75,99.75,1.0,347.28,347.28,0,1,1,0,0,22.935273616666667,3.339269180417266,0
3558,nominal_satellite_with_news,satellite_news,0,1,0,1.0,40.93,40.93,1.0,336.99,336.99,0,2,0,0,0,19.276200749999997,2.035484961534337,1
3559,nominal_satellite_with_news,satellite_news,0,2,0,1.0,50.435,74.18,0.5,343.9,343.9,0,1,0,0,0,11.832096,2.8298590605976974,1
3560,high_confidence_satellite_false_positive,satellite_only,0,0,1,1.0,55.47,55.47,1.0,309.14,309.14,0,0,0,0,0,0.0,0.0,0
3561,news_only_before_satellite,news_only,0,0,0,0.0,0.0,0.0,0.0,0.0,0.0,0,0,1,0,1,10.537986566666666,0.9494497584329852,1
3562,low_confidence_satellite_noise,satellite_only,3,0,0,0.3333333333333333,8.35,8.35,0.6666666666666666,309.71500000000003,323.23,0,0,0,0,0,5.148127733333333,2.365935824296856,0
3563,high_confidence_satellite_false_positive,satellite_only,0,0,1,0.0,0.0,0.0,1.0,364.94,364.94,0,0,0,0,0,0.0,0.0,0
3564,satellite_only_before_news,satellite_only,0,1,1,1.0,52.589999999999996,83.71,0.5,352.18,352.18,0,0,0,0,0,11.571317133333334,1.0513117482743646,1
3565,mixed_satellite_with_false_news,mixed_confidence,0,1,2,0.0,0.0,0.0,1.0,342.4866666666667,350.25,0,1,1,0,0,30.354206683333334,3.1457998591731036,0
3566,multi_satellite_plus_multi_news,satellite_news,0,0,2,1.0,112.455,114.81,1.0,345.71,355.83,0,0,0,2,0,28.426995533333336,1.956033923996898,1
3567,high_low_satellite_with_news_real_fire,mixed_confidence,1,0,1,0.5,50.31,50.31,1.0,346.04499999999996,361.75,0,0,1,0,0,3.265917583333333,1.7148273391497952,1
3568,high_low_satellite_with_news_real_fire,mixed_confidence,2,0,1,1.0,68.15333333333332,84.08,0.6666666666666666,346.14,361.83,0,1,0,0,0,28.451030833333334,2.521451055232467,1
3569,low_confidence_satellite_noise,satellite_only,3,0,0,1.0,22.366666666666664,31.13,1.0,303.49666666666667,321.82,0,0,0,0,0,21.123235483333335,0.9149397901951355,0
3570,low_confidence_satellite_noise,satellite_only,2,0,0,1.0,21.825,34.12,1.0,309.615,311.75,0,0,0,0,0,4.2820173666666665,1.252011382077333,0
3571,nominal_low_satellite_with_news_real_fire,mixed_confidence,1,1,0,0.5,46.0,46.0,1.0,339.16499999999996,368.2,0,2,0,0,0,21.874782683333333,3.088824997887153,1
3572,mixed_confidence_non_fire_heat_source,mixed_confidence,1,3,0,0.75,60.586666666666666,108.58,1.0,352.21500000000003,372.63,0,0,0,0,0,28.538648966666663,1.3803371760211067,0
3573,mixed_confidence_satellite_real_fire,mixed_confidence,2,0,1,0.6666666666666666,47.81,65.4,0.6666666666666666,331.83500000000004,352.32,1,0,0,0,0,27.516946416666666,3.78323070411882,1
3574,multi_satellite_real_fire,multi_satellite,0,1,1,0.0,0.0,0.0,1.0,340.515,356.15,0,0,0,0,0,2.7833004666666668,2.6056437816521707,1
3575,multiple_news_same_false_alarm,news_only,0,0,0,0.0,0.0,0.0,0.0,0.0,0.0,1,1,2,0,0,22.468449516666666,0.8998462708662689,0
3576,news_only_before_satellite,news_only,0,0,0,0.0,0.0,0.0,0.0,0.0,0.0,0,1,0,0,0,0.0,0.0,1
3577,low_confidence_satellite_noise,satellite_only,1,0,0,0.0,0.0,0.0,1.0,299.18,299.18,0,0,0,0,0,0.0,0.0,0
3578,satellite_only_before_news,satellite_only,0,0,2,0.5,72.25,72.25,1.0,342.515,360.9,0,0,0,0,0,1.2756868333333335,0.8794063008330522,1
3579,news_only_before_satellite,news_only,0,0,0,0.0,0.0,0.0,0.0,0.0,0.0,0,0,1,0,0,0.0,0.0,1
3580,nominal_satellite_false_heat_source,satellite_only,0,2,0,0.5,16.96,16.96,1.0,319.535,335.91,0,0,0,0,0,1.3456623666666667,0.28548332874131155,0
3581,persistent_non_wildfire_heat_source,multi_satellite,2,2,0,0.5,56.695,64.36,0.75,325.5566666666667,349.61,0,0,0,0,0,6.72932535,2.3868815284798677,0
3582,high_low_satellite_false_alarm,mixed_confidence,2,0,1,0.6666666666666666,107.2,110.68,0.6666666666666666,328.89,343.22,0,0,0,0,0,3.18735255,0.9695690272136128,0
3583,nominal_satellite_with_news,satellite_news,0,2,0,1.0,48.23,76.02,1.0,338.57000000000005,347.98,0,1,0,1,0,30.07471545,1.1324601997999098,1
3584,nominal_satellite_false_heat_source,satellite_only,0,1,0,1.0,48.25,48.25,1.0,317.92,317.92,0,0,0,0,0,0.0,0.0,0
3585,satellite_only_before_news,satellite_only,0,1,1,0.5,74.07,74.07,0.5,332.25,332.25,0,0,0,0,0,1.5056117,0.20923620564894888,1
3586,news_only_before_satellite,news_only,0,0,0,0.0,0.0,0.0,0.0,0.0,0.0,0,0,1,0,0,0.0,0.0,1
3587,mixed_confidence_satellite_real_fire,mixed_confidence,0,0,2,1.0,54.855000000000004,76.28,1.0,343.23,364.04,0,1,0,0,0,26.52835053333333,1.6561093697678297,1
3588,high_low_satellite_false_alarm,mixed_confidence,1,0,1,0.5,90.36,90.36,1.0,351.26,375.72,0,0,0,0,0,5.4168876,0.19540847784412568,0
3589,high_confidence_satellite_with_news,satellite_news,0,0,1,1.0,82.96,82.96,1.0,396.32,396.32,0,0,0,2,0,11.249070066666667,2.3055244098337218,1
3590,persistent_non_wildfire_heat_source,multi_satellite,1,1,0,0.5,10.77,10.77,1.0,304.915,312.6,0,0,0,0,0,39.170884666666666,1.9383531506475606,0
3591,high_low_satellite_false_alarm,mixed_confidence,0,0,2,1.0,70.94,114.37,0.5,361.13,361.13,0,0,0,0,0,0.6287374666666667,0.10808620478493867,0
3592,nominal_satellite_false_heat_source,satellite_only,0,1,0,1.0,35.46,35.46,0.0,0.0,0.0,0,0,0,0,0,0.0,0.0,0
3593,mixed_confidence_satellite_real_fire,mixed_confidence,2,0,2,0.75,58.419999999999995,82.23,1.0,348.76,370.87,0,0,1,0,0,32.787468583333336,2.023065319345078,1
3594,high_low_satellite_with_news_real_fire,mixed_confidence,2,0,1,1.0,105.21999999999998,128.44,1.0,343.3566666666666,373.51,0,0,0,1,0,28.558882866666668,3.1926514230289555,1
3595,nominal_satellite_with_news,satellite_news,0,1,0,1.0,70.51,70.51,1.0,302.14,302.14,0,0,0,1,0,7.387338166666667,1.0035524262372302,1
3596,nominal_low_satellite_with_news_real_fire,mixed_confidence,2,0,0,0.5,89.63,89.63,1.0,335.82500000000005,339.49,0,1,0,0,0,25.632660366666666,1.9470214746848375,1
3597,multi_satellite_real_fire,multi_satellite,0,2,1,1.0,83.76,101.15,0.6666666666666666,320.135,320.56,0,0,0,0,0,16.662120650000002,3.3079718803483025,1
3598,satellite_only_before_news,satellite_only,0,1,0,1.0,90.77,90.77,0.0,0.0,0.0,0,0,0,0,0,0.0,0.0,1
3599,news_rumor_no_fire,news_only,0,0,0,0.0,0.0,0.0,0.0,0.0,0.0,0,0,1,0,0,0.0,0.0,0
3600,mixed_confidence_non_fire_heat_source,mixed_confidence,0,1,1,1.0,44.925,52.13,1.0,315.57500000000005,320.91,0,0,0,0,0,11.9146155,0.5700979485215987,0
3601,high_low_satellite_false_alarm,mixed_confidence,1,0,2,1.0,83.71,115.88,0.6666666666666666,347.735,362.84,0,0,0,0,0,14.827402783333334,2.770951120066269,0
3602,high_low_satellite_false_alarm,mixed_confidence,1,0,1,0.5,81.0,81.0,1.0,331.04999999999995,354.82,0,1,0,0,0,11.9013368,1.3134511730296203,0
3603,multiple_news_same_false_alarm,news_only,0,0,0,0.0,0.0,0.0,0.0,0.0,0.0,3,0,0,0,0,12.017276133333333,0.9691272599846986,0
3604,mixed_confidence_non_fire_heat_source,mixed_confidence,1,1,1,0.3333333333333333,48.48,48.48,0.6666666666666666,320.365,338.26,0,0,0,0,0,20.8916879,0.3809067165264759,0
3605,high_confidence_satellite_with_news,satellite_news,0,0,1,0.0,0.0,0.0,1.0,377.87,377.87,0,0,0,2,0,18.07302885,2.6210636869776858,1
3606,multi_confidence_persistent_real_fire,multi_satellite,0,1,2,0.6666666666666666,75.495,115.77,1.0,343.96333333333337,361.42,0,1,0,0,0,33.6714863,2.0748360791317766,1
3607,multi_satellite_plus_multi_news,satellite_news,0,2,0,1.0,41.66,62.1,1.0,355.78499999999997,389.64,0,0,1,2,0,36.016237833333335,3.8620637179627333,1
3608,low_confidence_satellite_noise,satellite_only,1,0,0,1.0,14.07,14.07,1.0,328.04,328.04,0,0,0,0,0,0.0,0.0,0
3609,mixed_satellite_with_false_news,mixed_confidence,1,1,1,0.6666666666666666,39.68,52.99,0.6666666666666666,297.64,298.76,0,1,0,0,0,13.591983183333333,1.3381635648253358,0
3610,multi_satellite_plus_multi_news,satellite_news,0,0,2,0.5,101.7,101.7,0.5,383.01,383.01,0,0,1,2,0,22.77142915,1.8088466571774136,1
3611,multi_satellite_real_fire,multi_satellite,0,2,0,1.0,93.0,100.6,0.5,348.17,348.17,0,0,0,0,0,21.011568083333334,0.344697669192917,1
3612,multi_confidence_persistent_real_fire,multi_satellite,0,0,3,0.6666666666666666,90.485,113.77,1.0,339.0733333333333,365.25,1,0,0,0,0,37.14979435,2.2339578921945917,1
3613,mixed_confidence_satellite_real_fire,mixed_confidence,1,0,1,0.5,64.47,64.47,1.0,336.37,360.43,0,0,0,0,0,27.217326216666667,1.6729862342101933,1
3614,multi_satellite_real_fire,multi_satellite,0,2,1,1.0,78.07333333333334,99.21,1.0,338.99,356.11,0,0,0,0,0,3.5300393333333333,1.9962961541490025,1
3615,multi_satellite_plus_multi_news,satellite_news,0,2,1,1.0,99.64333333333333,126.61,1.0,330.95000000000005,341.79,0,0,0,3,0,42.16319068333333,1.5328655199753964,1
3616,satellite_only_before_news,satellite_only,0,0,2,0.5,16.06,16.06,1.0,315.6,319.41,0,0,0,0,0,7.822019133333333,1.6373665931596306,1
3617,correlated_satellite_news_false_alarm,satellite_news,1,0,0,0.0,0.0,0.0,1.0,330.25,330.25,0,2,0,0,0,17.486783133333333,2.645613509113493,0
3618,nominal_low_satellite_with_news_real_fire,mixed_confidence,0,3,0,0.6666666666666666,48.755,76.65,0.6666666666666666,328.765,347.46,0,1,0,0,0,13.355558283333332,2.414361456023327,1
3619,multi_confidence_persistent_real_fire,multi_satellite,3,1,0,0.75,67.61,108.9,0.5,336.995,355.39,0,2,0,0,0,17.320589583333334,0.8405194029654014,1
3620,news_only_before_satellite,news_only,0,0,0,0.0,0.0,0.0,0.0,0.0,0.0,0,1,0,0,0,0.0,0.0,1
3621,nominal_low_satellite_with_news_real_fire,mixed_confidence,1,1,0,0.5,17.67,17.67,0.5,342.23,342.23,0,1,1,0,0,23.83821085,2.577129623489531,1
3622,satellite_only_before_news,satellite_only,0,1,1,1.0,68.2,94.05,1.0,327.235,352.25,0,0,0,0,0,5.718185883333334,1.0665390355668873,1
3623,mixed_confidence_satellite_real_fire,mixed_confidence,3,0,1,0.75,60.19666666666666,86.57,0.75,345.78000000000003,363.63,1,0,0,1,0,43.690439100000006,2.6273766044419467,1
3624,nominal_satellite_false_heat_source,satellite_only,0,1,0,1.0,45.33,45.33,0.0,0.0,0.0,0,0,0,0,0,0.0,0.0,0
3625,low_confidence_satellite_noise,satellite_only,1,0,0,1.0,27.14,27.14,0.0,0.0,0.0,0,0,0,0,0,0.0,0.0,0
3626,nominal_low_satellite_with_news_real_fire,mixed_confidence,1,1,0,1.0,50.89,87.26,0.5,306.46,306.46,0,0,1,0,0,14.835391,2.4728383287582223,1
3627,mixed_confidence_satellite_real_fire,mixed_confidence,2,1,0,0.6666666666666666,77.06,93.76,1.0,322.03333333333336,336.79,0,0,0,0,0,39.66570493333334,2.7469356819156387,1
3628,persistent_non_wildfire_heat_source,multi_satellite,0,3,0,0.3333333333333333,37.2,37.2,0.6666666666666666,330.32,337.13,0,0,0,0,0,42.973910333333336,2.1073682237174296,0
3629,persistent_non_wildfire_heat_source,multi_satellite,3,1,0,0.5,71.185,73.87,0.75,322.08,332.3,0,0,0,0,0,18.978113466666667,2.499708818230782,0
3630,nominal_satellite_false_heat_source,satellite_only,0,2,0,0.5,14.57,14.57,1.0,322.975,337.4,0,0,0,0,0,8.564904116666666,0.8885630814921762,0
3631,nominal_low_satellite_with_news_real_fire,mixed_confidence,1,1,0,0.5,54.79,54.79,1.0,318.15,322.11,0,0,1,0,0,25.95823395,2.7365054334766037,1
3632,nominal_satellite_with_news,satellite_news,0,1,0,1.0,58.89,58.89,1.0,312.36,312.36,0,0,2,0,0,11.814410083333334,2.4893154663397357,1
3633,persistent_non_wildfire_heat_source,multi_satellite,1,2,0,0.6666666666666666,53.55,76.42,0.6666666666666666,348.88,357.81,0,0,0,0,0,35.49131188333333,2.0232222704387377,0
3634,low_confidence_satellite_noise,satellite_only,2,0,0,0.5,5.98,5.98,0.5,319.41,319.41,0,0,0,0,0,21.042758866666667,1.9617019082898672,0
3635,low_confidence_satellite_noise,satellite_only,1,0,0,0.0,0.0,0.0,1.0,322.22,322.22,0,0,0,0,0,0.0,0.0,0
3636,news_rumor_no_fire,news_only,0,0,0,0.0,0.0,0.0,0.0,0.0,0.0,1,0,0,0,0,0.0,0.0,0
3637,nominal_low_satellite_with_news_real_fire,mixed_confidence,1,1,0,0.5,32.52,32.52,1.0,318.92499999999995,321.01,0,2,0,0,0,23.528710783333334,2.448409540378329,1
3638,multi_satellite_plus_multi_news,satellite_news,0,0,2,0.5,78.48,78.48,0.5,301.54,301.54,0,0,1,2,0,44.11367065,2.4337849452434765,1
3639,correlated_satellite_news_false_alarm,satellite_news,2,0,0,1.0,39.72,50.98,0.5,339.73,339.73,0,0,2,0,0,9.5152061,2.3784316026557546,0
3640,mixed_confidence_satellite_real_fire,mixed_confidence,2,1,1,0.5,50.31,53.71,1.0,328.1975,346.3,0,0,0,0,0,11.376500633333334,2.386951418955677,1
3641,multi_satellite_real_fire,multi_satellite,0,2,1,0.6666666666666666,69.455,87.28,0.6666666666666666,346.545,350.17,0,0,0,0,0,40.623870016666665,0.5510620515490763,1
3642,persistent_non_wildfire_heat_source,multi_satellite,1,3,0,0.75,46.046666666666674,76.84,0.5,332.935,359.39,0,0,0,0,0,38.06685596666667,3.0861929180412595,0
3643,multi_satellite_real_fire,multi_satellite,0,2,0,0.5,73.38,73.38,1.0,332.98,348.83,0,0,0,0,0,12.64331475,2.051436382302136,1
3644,mixed_satellite_with_false_news,mixed_confidence,1,1,1,1.0,45.19,94.76,0.6666666666666666,318.315,326.57,0,0,1,0,0,10.2097443,2.6257374299754574,0
3645,nominal_low_satellite_with_news_real_fire,mixed_confidence,1,1,0,1.0,23.075000000000003,23.87,1.0,324.905,348.38,0,0,1,0,0,15.475919833333334,1.6655144637367787,1
3646,mixed_confidence_satellite_real_fire,mixed_confidence,1,1,2,0.5,75.66499999999999,99.24,0.5,337.21,369.83,0,0,0,0,0,35.766948,1.3455031530337391,1
3647,nominal_satellite_false_heat_source,satellite_only,0,2,0,0.5,23.62,23.62,0.5,325.56,325.56,0,0,0,0,0,6.979529383333333,1.567412166458582,0
3648,high_low_satellite_false_alarm,mixed_confidence,2,0,1,0.6666666666666666,63.695,98.94,0.6666666666666666,346.985,381.19,0,0,0,0,0,19.77164935,1.137209291222743,0
3649,multi_satellite_real_fire,multi_satellite,0,2,2,0.75,77.12,119.18,0.5,328.385,354.06,0,0,0,0,0,28.332161883333335,2.8156778134883433,1
3650,high_confidence_satellite_with_news,satellite_news,0,0,2,1.0,115.955,148.75,1.0,368.415,381.54,0,0,0,2,0,26.340668516666664,3.7651083438308235,1
3651,multi_satellite_real_fire,multi_satellite,0,1,3,0.75,58.32333333333333,102.78,0.75,327.41333333333336,353.6,0,0,0,0,0,35.563219933333336,1.8403100474427476,1
3652,low_confidence_satellite_noise,satellite_only,1,0,0,1.0,6.36,6.36,0.0,0.0,0.0,0,0,0,0,0,0.0,0.0,0
3653,persistent_non_wildfire_heat_source,multi_satellite,3,1,0,1.0,60.015,80.37,1.0,327.1025,345.85,0,0,0,0,0,42.95479041666667,1.700750380650892,0
3654,multi_confidence_persistent_real_fire,multi_satellite,2,2,0,0.75,87.28333333333335,116.48,0.75,340.5266666666667,353.37,0,0,0,1,0,45.467597616666666,2.533790440355691,1
3655,mixed_confidence_non_fire_heat_source,mixed_confidence,1,1,2,0.25,50.54,50.54,1.0,326.24,347.8,0,0,0,0,0,3.321636316666667,1.8158126549858584,0
3656,high_low_satellite_with_news_real_fire,mixed_confidence,3,0,0,0.6666666666666666,60.644999999999996,78.16,0.6666666666666666,348.895,380.53,0,0,0,1,0,11.124334433333333,3.1126784093124065,1
3657,mixed_confidence_satellite_real_fire,mixed_confidence,0,1,1,0.5,26.28,26.28,0.5,376.43,376.43,0,0,0,0,0,32.595617866666664,1.634082515613389,1
3658,mixed_confidence_satellite_real_fire,mixed_confidence,1,0,2,0.6666666666666666,67.36500000000001,108.79,0.3333333333333333,318.37,318.37,1,1,0,0,0,15.50956305,2.162882845374911,1
3659,news_rumor_no_fire,news_only,0,0,0,0.0,0.0,0.0,0.0,0.0,0.0,1,0,0,0,0,0.0,0.0,0
3660,low_confidence_satellite_noise,satellite_only,3,0,0,0.6666666666666666,15.03,23.75,0.6666666666666666,309.435,312.42,0,0,0,0,0,17.278895433333332,1.8211901335712561,0
3661,high_low_satellite_false_alarm,mixed_confidence,1,0,1,1.0,37.06,46.33,0.5,304.43,304.43,1,0,0,0,0,21.249947583333334,3.4347563308072036,0
3662,multi_satellite_real_fire,multi_satellite,0,2,2,0.75,80.44666666666667,113.95,0.75,348.06,372.05,0,0,0,0,0,33.62887813333334,3.126401616350609,1
3663,persistent_non_wildfire_heat_source,multi_satellite,1,2,0,1.0,55.13,87.16,0.6666666666666666,341.975,343.95,0,0,0,0,0,21.080157566666667,1.5883704468488755,0
3664,high_low_satellite_false_alarm,mixed_confidence,1,0,2,1.0,86.64,110.89,0.6666666666666666,364.685,381.18,0,0,0,0,0,28.22770896666667,1.3265573673642936,0
3665,news_only_before_satellite,news_only,0,0,0,0.0,0.0,0.0,0.0,0.0,0.0,0,2,0,0,0,16.003323533333333,0.8877003261262737,1
3666,nominal_satellite_with_news,satellite_news,0,2,0,1.0,27.77,31.27,1.0,320.57,331.11,0,0,0,1,0,27.756113266666667,2.063562287419054,1
3667,multi_confidence_persistent_real_fire,multi_satellite,3,0,1,0.75,99.18,117.74,0.5,326.205,349.02,0,0,0,0,0,4.563167533333333,2.020061878639354,1
3668,multi_satellite_plus_multi_news,satellite_news,0,1,1,0.5,31.21,31.21,1.0,347.385,368.36,0,0,1,2,0,45.78247878333333,2.734103980469105,1
3669,satellite_only_before_news,satellite_only,0,0,2,0.5,92.41,92.41,0.5,336.07,336.07,0,0,0,0,0,5.153787066666666,1.3524680317357398,1
3670,nominal_satellite_false_heat_source,satellite_only,0,1,0,1.0,51.22,51.22,1.0,313.09,313.09,0,0,0,0,0,0.0,0.0,0
3671,high_low_satellite_with_news_real_fire,mixed_confidence,1,0,2,0.0,0.0,0.0,0.6666666666666666,358.65,360.65,0,0,0,1,0,12.303138466666667,1.0213364437402446,1
3672,satellite_only_before_news,satellite_only,0,1,1,0.5,59.44,59.44,1.0,342.355,347.69,0,0,0,0,0,16.064317483333333,1.5026394610636808,1
3673,multi_satellite_plus_multi_news,satellite_news,0,1,2,0.6666666666666666,48.72,75.38,1.0,371.4533333333333,387.27,0,0,0,2,0,42.83834793333333,2.949068453366805,1
3674,nominal_low_satellite_with_news_real_fire,mixed_confidence,2,1,0,0.6666666666666666,49.045,64.45,0.6666666666666666,347.87,368.75,0,0,1,0,0,16.495430816666666,1.8435209740780243,1
3675,high_confidence_satellite_false_positive,satellite_only,0,0,1,0.0,0.0,0.0,1.0,305.61,305.61,0,0,0,0,0,0.0,0.0,0
3676,nominal_satellite_with_news,satellite_news,0,1,0,1.0,70.89,70.89,1.0,324.22,324.22,0,1,0,1,0,20.860406416666667,1.747222946324708,1
3677,multiple_news_same_false_alarm,news_only,0,0,0,0.0,0.0,0.0,0.0,0.0,0.0,0,1,1,0,0,2.07267715,0.9776219348807567,0
3678,multi_confidence_persistent_real_fire,multi_satellite,1,0,2,1.0,57.66,92.22,1.0,355.05999999999995,383.12,1,0,0,0,0,24.60695875,1.6874068560352806,1
3679,satellite_only_before_news,satellite_only,0,1,0,0.0,0.0,0.0,0.0,0.0,0.0,0,0,0,0,0,0.0,0.0,1
3680,mixed_confidence_non_fire_heat_source,mixed_confidence,1,0,1,1.0,57.34,69.14,0.5,322.96,322.96,0,0,0,0,0,18.699015149999997,0.9053629930707157,0
3681,low_confidence_satellite_noise,satellite_only,1,0,0,0.0,0.0,0.0,1.0,300.6,300.6,0,0,0,0,0,0.0,0.0,0
3682,mixed_satellite_with_false_news,mixed_confidence,2,1,0,0.6666666666666666,50.655,58.05,0.6666666666666666,326.975,334.25,0,0,2,0,0,26.886643716666665,3.527051010409555,0
3683,mixed_confidence_non_fire_heat_source,mixed_confidence,1,0,1,0.5,73.26,73.26,1.0,362.065,372.49,0,0,0,0,0,25.582291016666666,1.0557821089832649,0
3684,mixed_confidence_satellite_real_fire,mixed_confidence,0,0,2,0.5,28.67,28.67,0.5,356.16,356.16,0,0,0,0,0,11.531665583333334,0.32646074872625214,1
3685,persistent_non_wildfire_heat_source,multi_satellite,2,2,0,0.75,50.35333333333333,82.63,1.0,330.96000000000004,358.87,0,0,0,0,0,33.9785921,2.6383305116316427,0
3686,mixed_confidence_satellite_real_fire,mixed_confidence,1,1,0,1.0,70.1,82.28,1.0,338.985,348.74,0,0,0,1,0,34.915315250000006,2.109227759566809,1
3687,high_confidence_satellite_with_news,satellite_news,0,0,2,1.0,89.765,130.72,1.0,381.685,398.72,0,0,1,0,0,15.670329066666666,1.2523283353340677,1
3688,persistent_non_wildfire_heat_source,multi_satellite,2,2,0,0.75,49.68666666666667,78.78,0.75,328.94,351.42,0,0,0,0,0,31.106540216666666,2.331090298581994,0
3689,multi_confidence_persistent_real_fire,multi_satellite,0,3,2,0.8,61.277499999999996,112.14,1.0,349.504,366.99,0,0,0,0,0,38.11558875,1.4717385779939007,1
3690,satellite_only_before_news,satellite_only,0,0,1,1.0,76.05,76.05,1.0,353.76,353.76,0,0,0,0,0,0.0,0.0,1
3691,high_low_satellite_false_alarm,mixed_confidence,1,0,1,1.0,107.985,109.99,0.5,341.53,341.53,0,1,0,0,0,20.152652083333333,2.3361799540139234,0
3692,low_confidence_satellite_noise,satellite_only,2,0,0,0.5,14.3,14.3,1.0,314.39,319.19,0,0,0,0,0,1.3634644666666667,1.3835175825899486,0
3693,multi_satellite_plus_multi_news,satellite_news,0,0,3,1.0,77.87,102.17,0.6666666666666666,311.91999999999996,314.39,0,0,1,1,0,26.9601803,4.149781703923913,1
3694,correlated_satellite_news_false_alarm,satellite_news,1,1,0,0.5,23.77,23.77,0.5,305.43,305.43,0,0,1,0,0,14.878203433333335,1.8715682387412018,0
3695,mixed_confidence_satellite_real_fire,mixed_confidence,0,0,2,1.0,49.80500000000001,87.79,1.0,336.77,346.66,0,0,0,0,0,30.732290466666665,0.6830005271180832,1
3696,high_low_satellite_with_news_real_fire,mixed_confidence,1,0,2,1.0,79.10666666666667,115.01,1.0,335.34,349.49,0,1,1,0,0,20.472240216666666,1.4072817879278923,1
3697,multi_confidence_persistent_real_fire,multi_satellite,1,1,3,1.0,76.064,111.03,1.0,349.96400000000006,373.19,0,0,1,0,0,41.60649768333334,3.0678138596401494,1
3698,mixed_confidence_satellite_real_fire,mixed_confidence,1,1,2,0.5,37.245000000000005,51.63,0.75,338.16333333333336,379.72,0,0,0,0,0,17.443158016666665,3.1573109950710796,1
3699,low_confidence_satellite_noise,satellite_only,2,0,0,0.5,13.36,13.36,0.0,0.0,0.0,0,0,0,0,0,20.79639995,1.3695643463149842,0
3700,low_confidence_satellite_noise,satellite_only,2,0,0,1.0,20.685,30.13,1.0,300.16499999999996,310.33,0,0,0,0,0,22.40439758333333,0.3981561031846199,0
3701,multi_satellite_plus_multi_news,satellite_news,0,0,2,1.0,100.775,128.22,1.0,309.85,310.24,0,0,0,2,0,19.833927683333332,3.615874192037666,1
3702,high_low_satellite_with_news_real_fire,mixed_confidence,2,0,1,0.6666666666666666,59.644999999999996,61.46,0.6666666666666666,362.7,381.37,0,0,0,1,0,15.117110083333333,2.2629696287583716,1
3703,nominal_satellite_false_heat_source,satellite_only,0,2,0,1.0,41.205,55.16,1.0,325.53999999999996,334.5,0,0,0,0,0,7.10651105,0.5294755140807185,0
3704,low_confidence_satellite_noise,satellite_only,2,0,0,1.0,22.195,35.67,0.5,299.28,299.28,0,0,0,0,0,11.196402366666666,1.375516344142182,0
3705,high_confidence_satellite_with_news,satellite_news,0,0,1,1.0,80.48,80.48,1.0,371.61,371.61,0,0,0,1,0,17.449721616666668,1.146034221130404,1
3706,mixed_confidence_non_fire_heat_source,mixed_confidence,2,1,0,1.0,54.84,100.76,1.0,338.8666666666667,369.09,0,0,0,0,0,22.905518233333332,1.1344527592268963,0
3707,high_low_satellite_false_alarm,mixed_confidence,3,0,0,1.0,70.73333333333333,119.85,1.0,347.36999999999995,381.81,1,0,0,0,0,17.71724288333333,2.0272079846385327,0
3708,multi_satellite_real_fire,multi_satellite,0,2,0,0.5,91.15,91.15,1.0,355.95500000000004,358.19,0,0,0,0,0,10.648418249999999,1.0255271999567954,1
3709,nominal_satellite_with_news,satellite_news,0,1,0,1.0,41.21,41.21,1.0,354.46,354.46,0,0,0,1,0,5.926201750000001,1.6290993629055792,1
3710,high_confidence_satellite_with_news,satellite_news,0,0,3,1.0,128.23,131.53,1.0,335.7633333333334,345.11,0,0,1,1,0,17.759624966666667,2.971936753216887,1
3711,multi_confidence_persistent_real_fire,multi_satellite,3,2,0,1.0,66.876,117.84,0.8,341.28999999999996,366.04,1,0,0,0,0,40.33120835,1.3392064926169964,1
3712,mixed_confidence_satellite_real_fire,mixed_confidence,0,1,1,1.0,16.515,21.86,0.5,309.85,309.85,0,0,0,1,0,29.178805466666667,1.7672661573343869,1
3713,nominal_satellite_with_news,satellite_news,0,2,0,1.0,52.36,65.41,0.5,354.61,354.61,0,1,1,0,0,29.075247083333334,2.0549401992912912,1
3714,high_confidence_satellite_with_news,satellite_news,0,0,1,1.0,135.22,135.22,1.0,372.77,372.77,0,0,1,1,0,13.500151483333333,1.2461506933134914,1
3715,correlated_satellite_news_false_alarm,satellite_news,1,1,0,0.5,26.9,26.9,0.5,324.42,324.42,0,1,1,0,0,16.3014214,2.4834446754498614,0
3716,persistent_non_wildfire_heat_source,multi_satellite,3,1,0,0.75,58.36333333333334,71.03,0.75,321.55333333333334,339.16,0,0,0,0,0,30.224252733333334,2.3914365526822468,0
3717,multi_satellite_plus_multi_news,satellite_news,0,1,1,1.0,101.275,129.68,0.5,379.28,379.28,0,0,1,1,0,35.64796465,2.140075851000665,1
3718,nominal_low_satellite_with_news_real_fire,mixed_confidence,0,2,0,1.0,54.52,76.45,1.0,346.475,351.08,0,0,1,0,0,17.18846905,0.6517707038231588,1
3719,high_confidence_satellite_false_positive,satellite_only,0,0,1,0.0,0.0,0.0,1.0,332.22,332.22,0,0,0,0,0,0.0,0.0,0
3720,news_rumor_no_fire,news_only,0,0,0,0.0,0.0,0.0,0.0,0.0,0.0,1,0,0,0,0,0.0,0.0,0
3721,multi_satellite_plus_multi_news,satellite_news,0,2,1,1.0,77.12666666666667,111.32,0.6666666666666666,363.89,370.42,0,0,0,3,0,36.36916851666667,2.268687802741166,1
3722,high_low_satellite_with_news_real_fire,mixed_confidence,1,0,2,1.0,81.85333333333334,121.09,0.6666666666666666,336.105,339.39,0,0,0,1,0,3.0272222166666665,2.150950561966342,1
3723,news_rumor_no_fire,news_only,0,0,0,0.0,0.0,0.0,0.0,0.0,0.0,0,0,0,1,0,0.0,0.0,0
3724,satellite_only_before_news,satellite_only,0,0,2,1.0,91.965,94.17,1.0,316.98,331.8,0,0,0,0,0,3.0422190999999996,0.7684549036099371,1
3725,mixed_satellite_with_false_news,mixed_confidence,0,2,1,0.3333333333333333,78.53,78.53,0.6666666666666666,329.595,350.16,1,0,1,0,0,11.843674616666668,3.0328219423320872,0
3726,nominal_satellite_false_heat_source,satellite_only,0,1,0,1.0,17.81,17.81,0.0,0.0,0.0,0,0,0,0,0,0.0,0.0,0
3727,nominal_satellite_false_heat_source,satellite_only,0,1,0,1.0,38.3,38.3,0.0,0.0,0.0,0,0,0,0,0,0.0,0.0,0
3728,nominal_satellite_false_heat_source,satellite_only,0,2,0,1.0,34.685,34.84,0.5,314.2,314.2,0,0,0,0,0,10.198508683333333,0.567561834863109,0
3729,multi_satellite_plus_multi_news,satellite_news,0,1,2,1.0,56.906666666666666,65.5,1.0,331.53999999999996,343.04,0,0,0,2,0,44.98708886666667,3.5716156414628966,1
3730,nominal_satellite_with_news,satellite_news,0,1,0,1.0,24.66,24.66,1.0,340.11,340.11,0,0,1,1,0,31.35191295,2.1843925485347526,1
3731,nominal_satellite_false_heat_source,satellite_only,0,1,0,0.0,0.0,0.0,1.0,325.72,325.72,0,0,0,0,0,0.0,0.0,0
3732,persistent_non_wildfire_heat_source,multi_satellite,1,2,0,0.3333333333333333,66.96,66.96,0.3333333333333333,303.68,303.68,0,0,0,0,0,22.22992916666667,1.6627424748535613,0
3733,correlated_satellite_news_false_alarm,satellite_news,0,1,0,1.0,43.65,43.65,1.0,330.43,330.43,0,1,0,0,0,2.7216891666666667,1.4442257228601745,0
3734,satellite_only_before_news,satellite_only,0,0,2,0.0,0.0,0.0,1.0,340.03,340.8,0,0,0,0,0,10.792199283333334,0.5285119838543083,1
3735,high_low_satellite_with_news_real_fire,mixed_confidence,3,0,0,0.6666666666666666,84.725,122.81,0.6666666666666666,343.03499999999997,351.86,0,0,0,1,0,29.76804963333333,1.4198683165520354,1
3736,nominal_satellite_false_heat_source,satellite_only,0,1,0,1.0,54.56,54.56,0.0,0.0,0.0,0,0,0,0,0,0.0,0.0,0
3737,mixed_confidence_satellite_real_fire,mixed_confidence,2,1,1,0.75,69.76333333333334,83.11,0.5,368.615,372.39,0,0,0,0,0,15.9637638,3.3410122482270563,1
3738,mixed_confidence_non_fire_heat_source,mixed_confidence,1,0,1,0.5,38.8,38.8,1.0,340.745,348.35,0,0,0,0,0,11.947026666666666,2.0907377543709784,0
3739,nominal_low_satellite_with_news_real_fire,mixed_confidence,2,0,0,0.5,76.56,76.56,1.0,310.8,320.04,0,0,1,0,0,15.538629250000001,3.4585370180670445,1
3740,high_low_satellite_with_news_real_fire,mixed_confidence,2,0,1,1.0,55.666666666666664,66.81,0.6666666666666666,318.9,326.85,0,1,0,0,0,33.94817268333333,3.238324880662154,1
3741,low_confidence_satellite_noise,satellite_only,2,0,0,0.5,21.73,21.73,1.0,308.585,315.53,0,0,0,0,0,4.311923500000001,0.9979188498100215,0
3742,news_rumor_no_fire,news_only,0,0,0,0.0,0.0,0.0,0.0,0.0,0.0,0,0,0,1,0,0.0,0.0,0
3743,multiple_news_same_false_alarm,news_only,0,0,0,0.0,0.0,0.0,0.0,0.0,0.0,0,3,1,0,0,33.36736413333333,1.528797186550465,0
3744,news_only_before_satellite,news_only,0,0,0,0.0,0.0,0.0,0.0,0.0,0.0,0,1,0,0,0,0.0,0.0,1
3745,high_low_satellite_false_alarm,mixed_confidence,2,0,1,0.6666666666666666,64.99,68.77,0.6666666666666666,343.225,359.0,0,0,0,0,0,11.210229366666665,2.387071124308732,0
3746,satellite_only_before_news,satellite_only,0,1,1,0.5,86.48,86.48,0.5,338.73,338.73,0,0,0,0,0,6.154545633333333,0.7832906818370009,1
3747,nominal_satellite_false_heat_source,satellite_only,0,1,0,1.0,44.65,44.65,0.0,0.0,0.0,0,0,0,0,0,0.0,0.0,0
3748,high_confidence_satellite_with_news,satellite_news,0,0,2,1.0,103.47,135.83,0.5,324.76,324.76,0,0,0,2,0,19.042723866666666,1.9944409055715608,1
3749,nominal_satellite_false_heat_source,satellite_only,0,2,0,0.0,0.0,0.0,1.0,296.67499999999995,297.9,0,0,0,0,0,7.988445366666666,0.7841184563135886,0
3750,high_low_satellite_false_alarm,mixed_confidence,1,0,2,0.6666666666666666,92.4,103.72,0.3333333333333333,316.56,316.56,1,0,0,0,0,26.155086666666666,2.1103416044575702,0
3751,high_confidence_satellite_false_positive,satellite_only,0,0,1,1.0,100.43,100.43,0.0,0.0,0.0,0,0,0,0,0,0.0,0.0,0
3752,satellite_only_before_news,satellite_only,0,1,1,1.0,52.115,62.46,0.0,0.0,0.0,0,0,0,0,0,14.264545766666666,0.7559595108265442,1
3753,mixed_confidence_satellite_real_fire,mixed_confidence,1,0,1,1.0,58.43,60.73,1.0,333.635,350.05,0,0,0,0,0,24.65588315,0.8624267990770528,1
3754,nominal_low_satellite_with_news_real_fire,mixed_confidence,1,2,0,1.0,41.20666666666667,53.18,0.3333333333333333,338.46,338.46,0,0,2,0,0,21.09938801666667,3.1514077797948254,1
3755,mixed_confidence_satellite_real_fire,mixed_confidence,0,2,0,1.0,84.53999999999999,104.94,0.5,302.39,302.39,0,0,0,0,0,31.011209133333335,2.2307076354317896,1
3756,high_confidence_satellite_false_positive,satellite_only,0,0,1,1.0,41.59,41.59,1.0,363.38,363.38,0,0,0,0,0,0.0,0.0,0
3757,mixed_confidence_non_fire_heat_source,mixed_confidence,2,1,1,0.75,73.22333333333334,98.63,0.5,313.54499999999996,323.82,0,0,0,0,0,23.366054183333333,1.1918009539731476,0
3758,persistent_non_wildfire_heat_source,multi_satellite,1,1,0,0.5,12.66,12.66,1.0,331.35,358.16,0,0,0,0,0,1.3645501333333334,1.0475815431889064,0
3759,satellite_only_before_news,satellite_only,0,0,1,0.0,0.0,0.0,1.0,342.91,342.91,0,0,0,0,0,0.0,0.0,1
3760,multi_satellite_real_fire,multi_satellite,0,2,0,0.5,40.73,40.73,1.0,367.23,379.45,0,0,0,0,0,6.4154668333333325,2.1795033558096093,1
3761,multi_confidence_persistent_real_fire,multi_satellite,3,1,1,1.0,93.526,119.46,0.6,325.91333333333336,358.54,1,1,0,0,0,43.592702,2.8536623182700303,1
3762,high_confidence_satellite_false_positive,satellite_only,0,0,1,1.0,132.14,132.14,1.0,333.31,333.31,0,0,0,0,0,0.0,0.0,0
3763,mixed_confidence_satellite_real_fire,mixed_confidence,0,1,1,1.0,65.41,69.12,0.5,336.4,336.4,0,1,0,1,0,18.600480383333334,1.616297458477323,1
3764,news_rumor_no_fire,news_only,0,0,0,0.0,0.0,0.0,0.0,0.0,0.0,1,0,0,0,0,0.0,0.0,0
3765,news_only_before_satellite,news_only,0,0,0,0.0,0.0,0.0,0.0,0.0,0.0,0,2,0,0,0,14.308147133333334,0.6222404892931566,1
3766,high_confidence_satellite_false_positive,satellite_only,0,0,1,1.0,49.22,49.22,1.0,375.21,375.21,0,0,0,0,0,0.0,0.0,0
3767,high_confidence_satellite_false_positive,satellite_only,0,0,1,1.0,136.57,136.57,1.0,307.66,307.66,0,0,0,0,0,0.0,0.0,0
3768,persistent_non_wildfire_heat_source,multi_satellite,2,2,0,0.75,53.81333333333333,87.41,1.0,326.935,354.88,0,0,0,0,0,30.336131016666666,1.855110758656769,0
3769,high_low_satellite_false_alarm,mixed_confidence,1,0,2,0.6666666666666666,102.74000000000001,108.48,0.3333333333333333,329.78,329.78,1,0,0,0,0,21.993294316666667,2.912315822994164,0
3770,nominal_satellite_with_news,satellite_news,0,2,0,1.0,40.305,59.83,0.5,310.06,310.06,0,0,2,0,0,22.4055988,2.899896352609291,1
3771,high_confidence_satellite_false_positive,satellite_only,0,0,1,1.0,94.95,94.95,1.0,350.15,350.15,0,0,0,0,0,0.0,0.0,0
3772,multi_satellite_real_fire,multi_satellite,0,2,2,1.0,59.53,67.03,0.75,356.24666666666667,376.62,0,0,0,0,0,41.14439385,2.6972767880351913,1
3773,mixed_confidence_non_fire_heat_source,mixed_confidence,0,2,0,0.5,41.29,41.29,0.0,0.0,0.0,0,0,0,0,0,4.6596765,1.8154410168003858,0
3774,news_rumor_no_fire,news_only,0,0,0,0.0,0.0,0.0,0.0,0.0,0.0,0,1,0,0,0,0.0,0.0,0
3775,low_confidence_satellite_noise,satellite_only,1,0,0,1.0,20.64,20.64,0.0,0.0,0.0,0,0,0,0,0,0.0,0.0,0
3776,high_low_satellite_false_alarm,mixed_confidence,0,0,2,0.5,18.7,18.7,1.0,362.34000000000003,371.42,1,0,0,0,0,8.228721483333334,0.902526991546142,0
3777,mixed_confidence_non_fire_heat_source,mixed_confidence,1,1,0,0.5,64.65,64.65,1.0,328.235,341.35,0,0,0,0,0,11.270312216666667,0.8514216517825696,0
3778,multiple_news_same_false_alarm,news_only,0,0,0,0.0,0.0,0.0,0.0,0.0,0.0,0,4,0,0,0,39.35455613333333,1.3458918742028145,0
3779,nominal_low_satellite_with_news_real_fire,mixed_confidence,1,1,0,1.0,35.645,47.34,0.5,296.75,296.75,0,2,0,0,0,15.253262516666666,2.863523212553451,1
3780,high_confidence_satellite_false_positive,satellite_only,0,0,1,1.0,135.94,135.94,1.0,369.32,369.32,0,0,0,0,0,0.0,0.0,0
3781,low_confidence_satellite_noise,satellite_only,1,0,0,0.0,0.0,0.0,1.0,297.94,297.94,0,0,0,0,0,0.0,0.0,0
3782,news_only_before_satellite,news_only,0,0,0,0.0,0.0,0.0,0.0,0.0,0.0,0,1,0,0,0,0.0,0.0,1
3783,mixed_confidence_non_fire_heat_source,mixed_confidence,0,1,1,0.5,109.72,109.72,0.5,323.02,323.02,0,0,0,0,0,7.52769235,1.316945847783922,0
3784,mixed_confidence_non_fire_heat_source,mixed_confidence,0,3,0,1.0,57.946666666666665,103.67,0.3333333333333333,301.81,301.81,0,0,0,0,0,12.905641683333332,0.7413593059286495,0
3785,mixed_confidence_satellite_real_fire,mixed_confidence,2,0,0,1.0,84.775,104.8,1.0,326.675,335.42,0,0,1,0,0,22.62615591666667,3.046505352259039,1
3786,persistent_non_wildfire_heat_source,multi_satellite,3,1,0,1.0,59.89,89.24,0.75,333.29333333333335,350.04,0,0,0,0,0,20.741248066666667,2.997374553258366,0
3787,multiple_news_same_false_alarm,news_only,0,0,0,0.0,0.0,0.0,0.0,0.0,0.0,2,0,1,0,0,7.1441585666666665,0.8472307147697276,0
3788,multi_satellite_plus_multi_news,satellite_news,0,1,2,0.6666666666666666,50.67,71.06,1.0,362.52666666666664,378.17,0,0,1,2,0,35.87816075,3.524658852217155,1
3789,high_confidence_satellite_false_positive,satellite_only,0,0,1,1.0,100.86,100.86,1.0,315.53,315.53,0,0,0,0,0,0.0,0.0,0
3790,high_low_satellite_false_alarm,mixed_confidence,2,0,1,0.6666666666666666,94.80000000000001,118.73,1.0,325.1933333333333,354.64,1,0,0,0,0,26.92665705,2.6366595196321807,0
3791,persistent_non_wildfire_heat_source,multi_satellite,0,3,0,0.3333333333333333,27.19,27.19,1.0,332.09999999999997,351.68,0,0,0,0,0,28.29113968333333,2.4132911440260356,0
3792,mixed_confidence_satellite_real_fire,mixed_confidence,0,3,1,0.75,48.15,83.8,0.75,316.16333333333336,326.82,0,0,2,0,0,33.25257665,2.4834624923954403,1
3793,nominal_satellite_with_news,satellite_news,0,2,0,1.0,39.88,62.71,1.0,332.985,347.15,0,1,0,0,0,17.046266233333334,2.5289212985464977,1
3794,mixed_confidence_satellite_real_fire,mixed_confidence,3,0,1,0.75,67.26333333333334,95.2,1.0,328.3775,342.58,0,0,0,1,0,32.7475947,2.804822021027532,1
3795,multi_confidence_persistent_real_fire,multi_satellite,1,1,2,0.5,53.815,76.47,0.75,352.32,376.81,0,1,0,0,0,39.224290200000006,2.552584169024182,1
3796,multi_confidence_persistent_real_fire,multi_satellite,2,2,0,0.75,70.95666666666666,111.16,1.0,333.555,369.51,0,1,1,0,0,40.990458849999996,2.6306140676716994,1
3797,news_rumor_no_fire,news_only,0,0,0,0.0,0.0,0.0,0.0,0.0,0.0,0,0,0,0,1,0.0,0.0,0
3798,news_rumor_no_fire,news_only,0,0,0,0.0,0.0,0.0,0.0,0.0,0.0,0,1,0,0,0,0.0,0.0,0
3799,persistent_non_wildfire_heat_source,multi_satellite,2,2,0,1.0,51.9,87.87,0.75,340.89000000000004,354.05,0,0,0,0,0,38.8044033,2.654428729342571,0
3800,high_low_satellite_false_alarm,mixed_confidence,0,0,2,1.0,97.025,115.06,1.0,358.235,384.33,1,0,0,0,0,21.423342849999997,1.6105694879594763,0
3801,nominal_low_satellite_with_news_real_fire,mixed_confidence,3,0,0,0.0,0.0,0.0,0.3333333333333333,328.41,328.41,0,1,1,0,0,28.150662666666666,2.9506965902770785,1
3802,high_confidence_satellite_false_positive,satellite_only,0,0,1,1.0,97.9,97.9,1.0,312.65,312.65,0,0,0,0,0,0.0,0.0,0
3803,news_rumor_no_fire,news_only,0,0,0,0.0,0.0,0.0,0.0,0.0,0.0,1,0,0,0,0,0.0,0.0,0
3804,low_confidence_satellite_noise,satellite_only,1,0,0,1.0,9.41,9.41,1.0,304.22,304.22,0,0,0,0,0,0.0,0.0,0
3805,news_rumor_no_fire,news_only,0,0,0,0.0,0.0,0.0,0.0,0.0,0.0,1,0,0,0,0,0.0,0.0,0
3806,mixed_confidence_satellite_real_fire,mixed_confidence,1,1,2,0.75,72.71333333333332,95.16,1.0,336.0225,367.41,2,0,0,0,0,24.126562416666665,2.8579777631340657,1
3807,multiple_news_same_false_alarm,news_only,0,0,0,0.0,0.0,0.0,0.0,0.0,0.0,0,1,2,0,0,23.302157733333335,1.183654335403014,0
3808,mixed_satellite_with_false_news,mixed_confidence,0,3,0,1.0,71.58,77.85,1.0,321.9066666666667,351.82,0,0,1,0,0,17.679853966666666,2.6843369745619436,0
3809,mixed_confidence_satellite_real_fire,mixed_confidence,1,0,1,0.5,11.34,11.34,1.0,336.85,346.98,1,0,0,0,0,20.178177766666668,1.696050060804165,1
3810,high_confidence_satellite_false_positive,satellite_only,0,0,1,1.0,102.12,102.12,1.0,385.02,385.02,0,0,0,0,0,0.0,0.0,0
3811,mixed_confidence_non_fire_heat_source,mixed_confidence,2,0,1,0.3333333333333333,88.71,88.71,0.6666666666666666,359.87,362.17,0,0,0,0,0,6.321846283333333,2.0734393213309072,0
3812,high_confidence_satellite_with_news,satellite_news,0,0,1,1.0,129.87,129.87,1.0,356.32,356.32,0,0,1,1,0,5.067400433333333,2.014646000176268,1
3813,multiple_news_same_false_alarm,news_only,0,0,0,0.0,0.0,0.0,0.0,0.0,0.0,1,2,1,0,0,38.695923916666665,1.8931490106765274,0
3814,multi_confidence_persistent_real_fire,multi_satellite,1,2,2,0.8,80.83749999999999,114.52,0.6,340.94666666666666,351.86,0,0,0,1,0,48.745369733333334,3.552250323094537,1
3815,news_rumor_no_fire,news_only,0,0,0,0.0,0.0,0.0,0.0,0.0,0.0,0,1,0,0,0,0.0,0.0,0
3816,mixed_confidence_satellite_real_fire,mixed_confidence,2,2,0,0.5,65.33,96.12,0.75,333.28000000000003,373.74,0,0,0,0,0,40.451681083333334,0.8679989846579693,1
3817,multi_confidence_persistent_real_fire,multi_satellite,0,3,2,0.8,81.215,112.59,0.8,335.355,365.55,0,0,0,0,0,39.14848695,3.2298510209169806,1
3818,satellite_only_before_news,satellite_only,0,1,1,1.0,41.34,62.74,0.5,322.77,322.77,0,0,0,0,0,14.143236916666666,1.5018222930128131,1
3819,high_confidence_satellite_false_positive,satellite_only,0,0,1,1.0,41.37,41.37,1.0,346.25,346.25,0,0,0,0,0,0.0,0.0,0
3820,multi_satellite_plus_multi_news,satellite_news,0,3,1,1.0,85.14250000000001,104.28,0.75,362.2966666666667,373.93,0,0,3,0,0,45.45139053333333,2.8724218177840792,1
3821,nominal_satellite_false_heat_source,satellite_only,0,1,0,0.0,0.0,0.0,1.0,335.29,335.29,0,0,0,0,0,0.0,0.0,0
3822,multiple_news_same_false_alarm,news_only,0,0,0,0.0,0.0,0.0,0.0,0.0,0.0,1,0,2,0,0,6.583657566666667,0.9558025339050303,0
3823,news_only_before_satellite,news_only,0,0,0,0.0,0.0,0.0,0.0,0.0,0.0,0,2,0,0,0,24.705266733333335,0.5845576362817086,1
3824,multiple_news_same_false_alarm,news_only,0,0,0,0.0,0.0,0.0,0.0,0.0,0.0,1,1,0,0,0,5.714216733333333,0.852043811067692,0
3825,multi_satellite_plus_multi_news,satellite_news,0,1,1,1.0,84.435,118.51,1.0,363.63,378.34,0,0,0,3,0,39.37583051666666,2.5314436706677372,1
3826,multi_confidence_persistent_real_fire,multi_satellite,3,0,2,0.6,89.48666666666666,107.02,0.8,349.7625,376.69,0,0,0,0,0,25.657778983333333,1.5748966791840713,1
3827,high_confidence_satellite_false_positive,satellite_only,0,0,1,1.0,124.87,124.87,0.0,0.0,0.0,0,0,0,0,0,0.0,0.0,0
3828,high_low_satellite_with_news_real_fire,mixed_confidence,2,0,1,0.0,0.0,0.0,0.6666666666666666,365.225,388.49,0,0,1,0,0,18.595803283333332,2.1145498943613736,1
3829,mixed_confidence_non_fire_heat_source,mixed_confidence,2,1,1,0.75,70.42,97.3,1.0,347.15999999999997,372.15,0,0,0,0,0,18.74417105,1.8827042113938093,0
3830,satellite_only_before_news,satellite_only,0,0,1,1.0,21.96,21.96,1.0,319.66,319.66,0,0,0,0,0,0.0,0.0,1
3831,high_low_satellite_false_alarm,mixed_confidence,2,0,1,0.3333333333333333,63.32,63.32,1.0,334.8433333333333,373.04,0,0,0,0,0,11.632713766666665,1.717837132167666,0
3832,nominal_satellite_false_heat_source,satellite_only,0,1,0,0.0,0.0,0.0,0.0,0.0,0.0,0,0,0,0,0,0.0,0.0,0
3833,multi_confidence_persistent_real_fire,multi_satellite,2,1,2,0.8,59.005,80.14,0.8,333.905,380.01,0,1,1,0,0,33.68983996666667,3.4178760957797705,1
3834,multi_confidence_persistent_real_fire,multi_satellite,0,1,2,0.6666666666666666,110.975,119.79,1.0,368.06,384.46,0,0,0,0,0,27.42659615,2.205258124807562,1
3835,mixed_confidence_satellite_real_fire,mixed_confidence,1,2,1,0.75,79.61,109.52,0.75,321.0833333333333,341.62,0,1,1,0,0,26.8507454,2.613771712685748,1
3836,multi_confidence_persistent_real_fire,multi_satellite,0,3,1,0.5,67.10499999999999,68.82,0.5,305.735,308.75,1,0,0,1,0,45.3841562,3.589862423227563,1
3837,mixed_satellite_with_false_news,mixed_confidence,1,0,0,1.0,49.19,49.19,1.0,369.14,369.14,0,1,1,0,0,10.743847350000001,0.8639508891518753,0
3838,high_low_satellite_false_alarm,mixed_confidence,2,0,1,1.0,88.05,114.7,1.0,329.0366666666667,358.37,1,0,0,0,0,15.38240385,2.8246066666562144,0
3839,multi_satellite_real_fire,multi_satellite,0,3,0,1.0,81.13666666666667,113.01,0.3333333333333333,357.13,357.13,0,0,0,0,0,38.69336778333333,2.4968355705471574,1
3840,high_low_satellite_false_alarm,mixed_confidence,0,0,2,1.0,55.79,83.86,0.5,312.44,312.44,0,0,0,0,0,11.307354966666667,3.304523976120549,0
3841,low_confidence_satellite_noise,satellite_only,3,0,0,0.0,0.0,0.0,0.6666666666666666,312.975,317.9,0,0,0,0,0,8.714665816666667,2.5728435333813646,0
3842,satellite_only_before_news,satellite_only,0,2,0,0.5,18.94,18.94,0.5,322.64,322.64,0,0,0,0,0,5.832977266666666,1.4504771999465242,1
3843,nominal_satellite_false_heat_source,satellite_only,0,1,0,0.0,0.0,0.0,0.0,0.0,0.0,0,0,0,0,0,0.0,0.0,0
3844,multiple_news_same_false_alarm,news_only,0,0,0,0.0,0.0,0.0,0.0,0.0,0.0,1,1,1,0,0,16.430402566666668,1.187287318439177,0
3845,correlated_satellite_news_false_alarm,satellite_news,1,0,0,1.0,69.07,69.07,1.0,328.35,328.35,0,0,1,0,0,8.509239166666667,0.5090075384331509,0
3846,multi_satellite_real_fire,multi_satellite,0,2,1,1.0,75.80333333333333,108.8,1.0,346.62999999999994,364.7,0,0,0,0,0,27.50912495,2.4072061054068543,1
3847,high_confidence_satellite_false_positive,satellite_only,0,0,1,0.0,0.0,0.0,0.0,0.0,0.0,0,0,0,0,0,0.0,0.0,0
3848,multi_satellite_plus_multi_news,satellite_news,0,2,2,0.75,55.776666666666664,73.71,1.0,339.155,359.62,0,0,1,2,0,28.039640033333335,2.6783395984496674,1
3849,high_confidence_satellite_with_news,satellite_news,0,0,3,0.0,0.0,0.0,1.0,349.2966666666666,381.68,0,0,0,1,0,7.401195816666667,2.957674800101649,1
3850,nominal_low_satellite_with_news_real_fire,mixed_confidence,1,1,0,1.0,31.26,43.09,0.0,0.0,0.0,0,1,1,0,0,11.021719633333333,1.6513675664610314,1
3851,low_confidence_satellite_noise,satellite_only,3,0,0,0.6666666666666666,26.67,39.75,0.3333333333333333,324.06,324.06,0,0,0,0,0,27.297218466666667,1.645692512125735,0
3852,news_rumor_no_fire,news_only,0,0,0,0.0,0.0,0.0,0.0,0.0,0.0,0,0,0,0,1,0.0,0.0,0
3853,news_rumor_no_fire,news_only,0,0,0,0.0,0.0,0.0,0.0,0.0,0.0,1,0,0,0,0,0.0,0.0,0
3854,multi_satellite_plus_multi_news,satellite_news,0,1,2,1.0,71.22666666666667,109.39,1.0,378.49666666666667,384.83,0,0,1,2,0,19.9175566,3.119464739411729,1
3855,news_rumor_no_fire,news_only,0,0,0,0.0,0.0,0.0,0.0,0.0,0.0,1,0,0,0,0,0.0,0.0,0
3856,multiple_news_same_false_alarm,news_only,0,0,0,0.0,0.0,0.0,0.0,0.0,0.0,1,1,0,0,0,6.4710760333333335,1.0555417210288989,0
3857,news_only_before_satellite,news_only,0,0,0,0.0,0.0,0.0,0.0,0.0,0.0,0,0,2,0,0,16.3556483,0.20542836659281624,1
3858,high_low_satellite_with_news_real_fire,mixed_confidence,1,0,2,0.6666666666666666,65.91,102.1,0.3333333333333333,373.44,373.44,0,0,1,0,0,17.393068016666668,1.7320681786169128,1
3859,high_low_satellite_false_alarm,mixed_confidence,2,0,0,1.0,60.93,89.66,0.5,307.62,307.62,0,1,0,0,0,9.39445945,1.4485991105060079,0
3860,multiple_news_same_false_alarm,news_only,0,0,0,0.0,0.0,0.0,0.0,0.0,0.0,1,0,3,0,0,31.11142956666667,1.2785199898927286,0
3861,nominal_satellite_false_heat_source,satellite_only,0,2,0,1.0,16.759999999999998,20.25,1.0,318.735,330.99,0,0,0,0,0,7.168627816666667,0.6691883017235986,0
3862,mixed_confidence_non_fire_heat_source,mixed_confidence,0,1,2,0.6666666666666666,62.235,91.97,0.3333333333333333,363.32,363.32,0,0,0,0,0,26.596101116666667,1.5683774032677902,0
3863,nominal_satellite_with_news,satellite_news,0,1,0,1.0,58.19,58.19,0.0,0.0,0.0,0,1,0,0,0,37.31108941666666,0.8281062904570691,1
3864,satellite_only_before_news,satellite_only,0,1,0,1.0,57.22,57.22,1.0,359.36,359.36,0,0,0,0,0,0.0,0.0,1
3865,news_only_before_satellite,news_only,0,0,0,0.0,0.0,0.0,0.0,0.0,0.0,0,0,1,0,0,0.0,0.0,1
3866,nominal_low_satellite_with_news_real_fire,mixed_confidence,2,0,0,0.5,77.77,77.77,0.5,301.76,301.76,0,1,1,0,0,14.479290566666666,1.9188529225325104,1
3867,mixed_confidence_satellite_real_fire,mixed_confidence,2,0,2,1.0,42.655,68.92,1.0,345.77750000000003,372.65,0,1,0,0,0,27.958384133333332,2.4185880316458177,1
3868,mixed_satellite_with_false_news,mixed_confidence,0,1,0,0.0,0.0,0.0,1.0,368.98,368.98,0,1,0,0,0,0.16455148333333333,2.2454628427282177,0
3869,nominal_low_satellite_with_news_real_fire,mixed_confidence,3,0,0,0.0,0.0,0.0,1.0,343.18,362.07,0,0,1,0,0,25.621435566666666,2.5816115240232165,1
3870,persistent_non_wildfire_heat_source,multi_satellite,1,3,0,0.75,48.61666666666667,74.42,1.0,344.66249999999997,356.06,0,0,0,0,0,30.573319266666665,1.9257610338812776,0
3871,satellite_only_before_news,satellite_only,0,2,0,1.0,67.49,75.07,1.0,352.21500000000003,353.17,0,0,0,0,0,5.660543649999999,2.3397462500634587,1
3872,mixed_confidence_satellite_real_fire,mixed_confidence,1,0,2,0.6666666666666666,94.13499999999999,108.56,0.3333333333333333,320.21,320.21,1,0,1,0,0,39.6086534,3.077011118872401,1
3873,mixed_satellite_with_false_news,mixed_confidence,2,0,1,0.6666666666666666,41.415,55.64,0.6666666666666666,327.83500000000004,349.48,0,1,0,0,0,30.7348567,2.435864630035331,0
3874,news_rumor_no_fire,news_only,0,0,0,0.0,0.0,0.0,0.0,0.0,0.0,1,0,0,0,0,0.0,0.0,0
3875,multiple_news_same_false_alarm,news_only,0,0,0,0.0,0.0,0.0,0.0,0.0,0.0,1,0,1,0,0,24.66665415,0.1970376406464661,0
3876,news_only_before_satellite,news_only,0,0,0,0.0,0.0,0.0,0.0,0.0,0.0,0,0,1,0,1,23.06465263333333,0.4702355245000502,1
3877,nominal_satellite_false_heat_source,satellite_only,0,2,0,0.5,46.32,46.32,0.5,324.77,324.77,0,0,0,0,0,5.1138292,1.0976051879312894,0
3878,multi_satellite_real_fire,multi_satellite,0,3,0,1.0,66.95333333333333,77.86,0.6666666666666666,336.03499999999997,363.09,0,0,0,0,0,37.702953683333334,2.098449065469283,1
3879,mixed_confidence_non_fire_heat_source,mixed_confidence,3,1,0,1.0,69.775,88.4,0.75,336.67333333333335,370.78,0,0,0,0,0,17.247637116666667,2.0794833638864447,0
3880,low_confidence_satellite_noise,satellite_only,2,0,0,0.0,0.0,0.0,0.0,0.0,0.0,0,0,0,0,0,20.44753958333333,1.0018924913757832,0
3881,low_confidence_satellite_noise,satellite_only,3,0,0,0.6666666666666666,27.200000000000003,33.14,0.6666666666666666,309.325,321.46,0,0,0,0,0,14.319078683333334,2.9277672751742987,0
3882,news_rumor_no_fire,news_only,0,0,0,0.0,0.0,0.0,0.0,0.0,0.0,0,0,0,1,0,0.0,0.0,0
3883,satellite_only_before_news,satellite_only,0,2,0,1.0,55.7,64.76,0.0,0.0,0.0,0,0,0,0,0,10.100595433333332,1.0446284716948624,1
3884,nominal_satellite_with_news,satellite_news,0,2,0,1.0,58.83,79.0,1.0,327.755,330.85,0,1,0,0,0,21.931173666666666,1.3189293753322555,1
3885,mixed_confidence_satellite_real_fire,mixed_confidence,1,1,0,1.0,96.89,106.61,0.0,0.0,0.0,0,0,1,1,0,13.9347004,2.6696058851460287,1
3886,mixed_confidence_satellite_real_fire,mixed_confidence,1,1,0,0.5,23.13,23.13,1.0,375.67999999999995,376.53,0,2,0,0,0,27.7781486,2.803229391624953,1
3887,multi_satellite_real_fire,multi_satellite,0,3,0,1.0,102.94,115.27,0.3333333333333333,378.19,378.19,0,0,0,0,0,18.0596669,2.229483278716063,1
3888,high_low_satellite_false_alarm,mixed_confidence,1,0,1,0.5,105.51,105.51,0.5,367.5,367.5,0,1,0,0,0,17.16552415,1.8679423541079352,0
3889,mixed_confidence_non_fire_heat_source,mixed_confidence,1,2,0,1.0,41.07333333333333,54.01,0.3333333333333333,313.2,313.2,0,0,0,0,0,22.25179425,2.1772784159712915,0
3890,nominal_low_satellite_with_news_real_fire,mixed_confidence,2,1,0,1.0,76.63000000000001,78.53,0.6666666666666666,337.8,362.81,0,0,1,0,0,8.804190199999999,1.7162139874387776,1
3891,multiple_news_same_false_alarm,news_only,0,0,0,0.0,0.0,0.0,0.0,0.0,0.0,0,2,0,0,0,36.7263893,0.8357050699071024,0
3892,mixed_confidence_non_fire_heat_source,mixed_confidence,1,1,2,0.75,45.06,60.78,0.5,367.83500000000004,371.81,0,0,0,0,0,18.564130716666668,1.4415017126778755,0
3893,multi_satellite_plus_multi_news,satellite_news,0,1,1,1.0,66.16,78.22,1.0,334.83,356.95,0,0,0,2,0,29.922736733333334,1.5816953688852375,1
3894,persistent_non_wildfire_heat_source,multi_satellite,3,0,0,1.0,58.54,74.11,1.0,339.4066666666667,351.93,0,0,0,0,0,37.29459395,0.6688776159417087,0
3895,mixed_satellite_with_false_news,mixed_confidence,0,1,1,1.0,11.75,12.34,0.5,302.56,302.56,0,0,1,0,0,13.565153033333333,2.1844058745656456,0
3896,high_low_satellite_false_alarm,mixed_confidence,2,0,0,1.0,69.06,79.41,0.5,369.4,369.4,0,0,0,0,0,9.222389416666665,1.1909023467795579,0
3897,high_confidence_satellite_false_positive,satellite_only,0,0,1,1.0,20.46,20.46,1.0,378.42,378.42,0,0,0,0,0,0.0,0.0,0
3898,news_only_before_satellite,news_only,0,0,0,0.0,0.0,0.0,0.0,0.0,0.0,0,0,1,0,0,0.0,0.0,1
3899,high_confidence_satellite_false_positive,satellite_only,0,0,1,1.0,96.18,96.18,1.0,373.07,373.07,0,0,0,0,0,0.0,0.0,0
3900,multi_confidence_persistent_real_fire,multi_satellite,1,1,1,0.0,0.0,0.0,0.6666666666666666,360.605,366.11,0,1,0,1,0,30.975518116666667,3.532883571501661,1
3901,satellite_only_before_news,satellite_only,0,1,1,1.0,45.325,76.56,0.5,334.25,334.25,0,0,0,0,0,0.33243338333333333,2.077402148269494,1
3902,multi_satellite_real_fire,multi_satellite,0,2,2,0.75,71.31666666666666,115.67,1.0,337.275,364.14,0,0,0,0,0,36.269963,3.1591253124901977,1
3903,multi_satellite_real_fire,multi_satellite,0,2,0,1.0,62.11,97.95,1.0,342.765,354.2,0,0,0,0,0,32.066952900000004,0.8328961175999838,1
3904,news_only_before_satellite,news_only,0,0,0,0.0,0.0,0.0,0.0,0.0,0.0,0,1,0,0,0,0.0,0.0,1
3905,high_low_satellite_false_alarm,mixed_confidence,3,0,0,1.0,91.73333333333333,116.59,1.0,356.8633333333334,374.5,0,1,0,0,0,25.162556849999998,2.7797684512146725,0
3906,news_rumor_no_fire,news_only,0,0,0,0.0,0.0,0.0,0.0,0.0,0.0,0,1,0,0,0,0.0,0.0,0
3907,multi_satellite_plus_multi_news,satellite_news,0,1,1,0.5,106.04,106.04,1.0,309.245,315.46,0,0,0,2,0,37.23444288333334,3.2900905938023435,1
3908,correlated_satellite_news_false_alarm,satellite_news,0,1,0,1.0,60.63,60.63,1.0,337.12,337.12,0,0,2,0,0,16.884952483333333,2.787128748508565,0
3909,low_confidence_satellite_noise,satellite_only,1,0,0,1.0,13.37,13.37,1.0,328.26,328.26,0,0,0,0,0,0.0,0.0,0
3910,multi_satellite_plus_multi_news,satellite_news,0,1,2,0.6666666666666666,31.83,38.76,0.6666666666666666,350.68,352.94,0,0,0,2,0,35.4265087,2.544008652414691,1
3911,multiple_news_same_false_alarm,news_only,0,0,0,0.0,0.0,0.0,0.0,0.0,0.0,0,3,0,0,0,17.612728216666667,1.2940365421159923,0
3912,news_only_before_satellite,news_only,0,0,0,0.0,0.0,0.0,0.0,0.0,0.0,0,0,1,0,0,0.0,0.0,1
3913,mixed_satellite_with_false_news,mixed_confidence,1,0,2,1.0,67.52333333333333,88.01,0.6666666666666666,311.255,323.94,0,0,1,0,0,18.27797298333333,2.0626905219781686,0
3914,news_only_before_satellite,news_only,0,0,0,0.0,0.0,0.0,0.0,0.0,0.0,0,1,0,0,1,11.970462566666667,1.3731895289678306,1
3915,multi_satellite_real_fire,multi_satellite,0,2,0,0.5,59.7,59.7,0.0,0.0,0.0,0,0,0,0,0,14.926803166666668,2.429407927783181,1
3916,low_confidence_satellite_noise,satellite_only,2,0,0,1.0,25.669999999999998,33.48,0.5,308.48,308.48,0,0,0,0,0,31.022225083333336,0.7957351856330241,0
3917,news_only_before_satellite,news_only,0,0,0,0.0,0.0,0.0,0.0,0.0,0.0,0,1,1,0,0,8.315478449999999,0.7448990378124505,1
3918,high_confidence_satellite_false_positive,satellite_only,0,0,1,0.0,0.0,0.0,1.0,341.84,341.84,0,0,0,0,0,0.0,0.0,0
3919,satellite_only_before_news,satellite_only,0,1,1,1.0,39.015,52.57,0.5,327.66,327.66,0,0,0,0,0,12.951487566666666,0.4133869969204087,1
3920,nominal_satellite_with_news,satellite_news,0,1,0,1.0,49.99,49.99,0.0,0.0,0.0,0,0,0,1,0,11.500631683333333,1.9734291722474666,1
3921,correlated_satellite_news_false_alarm,satellite_news,0,1,0,1.0,33.67,33.67,1.0,294.37,294.37,0,0,2,0,0,23.017851566666664,1.980012254633578,0
3922,nominal_satellite_with_news,satellite_news,0,1,0,1.0,47.71,47.71,1.0,330.19,330.19,0,0,0,1,0,2.85678125,1.531928811774586,1
3923,high_confidence_satellite_false_positive,satellite_only,0,0,1,1.0,45.47,45.47,1.0,356.15,356.15,0,0,0,0,0,0.0,0.0,0
3924,nominal_satellite_with_news,satellite_news,0,1,0,1.0,44.56,44.56,1.0,302.06,302.06,0,1,0,0,0,12.670992533333333,2.2017464921083882,1
3925,mixed_confidence_non_fire_heat_source,mixed_confidence,0,0,2,1.0,70.83500000000001,77.06,1.0,331.65999999999997,335.55,0,0,0,0,0,12.70747485,1.0280691716287327,0
3926,high_low_satellite_false_alarm,mixed_confidence,1,0,1,1.0,40.13,57.6,0.5,313.65,313.65,0,0,0,0,0,1.2040154833333332,2.202640307413191,0
3927,persistent_non_wildfire_heat_source,multi_satellite,2,2,0,1.0,31.842499999999998,52.39,0.5,348.265,357.19,0,0,0,0,0,41.47449221666667,3.506757337557848,0
3928,mixed_confidence_non_fire_heat_source,mixed_confidence,1,1,0,1.0,79.045,94.17,1.0,299.56,301.18,0,0,0,0,0,10.902238183333333,0.22903915647790263,0
3929,mixed_satellite_with_false_news,mixed_confidence,0,0,1,1.0,88.58,88.58,0.0,0.0,0.0,0,1,0,0,0,0.5434561,1.6589488255053628,0
3930,nominal_satellite_with_news,satellite_news,0,2,0,1.0,38.51,51.26,1.0,306.145,311.46,0,0,1,1,0,35.65826801666666,1.963749745825842,1
3931,mixed_confidence_non_fire_heat_source,mixed_confidence,1,1,0,1.0,61.82,99.76,0.5,338.46,338.46,0,0,0,0,0,1.0991042833333333,0.8342078939504369,0
3932,high_confidence_satellite_with_news,satellite_news,0,0,3,1.0,67.54333333333334,94.05,1.0,332.68666666666667,363.94,0,0,0,1,0,12.419198083333333,1.9326003503042406,1
3933,nominal_satellite_with_news,satellite_news,0,2,0,0.5,78.57,78.57,0.5,330.05,330.05,0,0,1,0,0,9.063893266666666,0.5243001997096534,1
3934,low_confidence_satellite_noise,satellite_only,3,0,0,0.3333333333333333,14.54,14.54,0.6666666666666666,320.64,326.05,0,0,0,0,0,27.20067665,1.7573035692493446,0
3935,high_low_satellite_with_news_real_fire,mixed_confidence,1,0,2,1.0,82.87,111.98,0.6666666666666666,326.70500000000004,350.17,0,1,0,0,0,17.141670783333332,1.864874533133803,1
3936,mixed_confidence_non_fire_heat_source,mixed_confidence,0,1,3,0.75,49.07333333333333,64.68,0.75,339.71999999999997,371.32,0,0,0,0,0,21.8263609,1.332481276381711,0
3937,nominal_satellite_with_news,satellite_news,0,2,0,1.0,54.545,70.1,0.5,330.13,330.13,0,1,0,0,0,25.179997333333333,1.330988859463561,1
3938,mixed_confidence_non_fire_heat_source,mixed_confidence,1,1,2,0.75,73.36666666666667,95.4,0.5,309.175,311.73,0,0,0,0,0,11.844672216666668,1.3791803292043956,0
3939,satellite_only_before_news,satellite_only,0,0,1,1.0,20.65,20.65,1.0,367.6,367.6,0,0,0,0,0,0.0,0.0,1
3940,nominal_satellite_false_heat_source,satellite_only,0,1,0,0.0,0.0,0.0,1.0,316.95,316.95,0,0,0,0,0,0.0,0.0,0
3941,mixed_confidence_satellite_real_fire,mixed_confidence,2,0,0,0.5,37.49,37.49,0.5,296.19,296.19,0,1,0,0,0,22.752374516666666,2.4031319195392546,1
3942,high_confidence_satellite_false_positive,satellite_only,0,0,1,1.0,103.02,103.02,1.0,362.88,362.88,0,0,0,0,0,0.0,0.0,0
3943,multi_satellite_plus_multi_news,satellite_news,0,1,1,1.0,76.86,99.54,1.0,355.66499999999996,375.93,0,0,2,1,0,42.34614006666666,2.745235400913932,1
3944,high_confidence_satellite_false_positive,satellite_only,0,0,1,0.0,0.0,0.0,0.0,0.0,0.0,0,0,0,0,0,0.0,0.0,0
3945,high_confidence_satellite_with_news,satellite_news,0,0,2,1.0,77.775,122.43,1.0,341.065,367.38,0,0,0,1,0,16.52181608333333,2.0627246009052227,1
3946,satellite_only_before_news,satellite_only,0,0,2,1.0,45.93,59.21,1.0,327.33000000000004,338.85,0,0,0,0,0,3.2504055166666665,0.2050749366400756,1
3947,high_confidence_satellite_with_news,satellite_news,0,0,3,1.0,44.94,61.37,1.0,343.3066666666666,368.33,0,0,0,1,0,27.035213183333333,2.34736117620644,1
3948,nominal_satellite_with_news,satellite_news,0,1,0,0.0,0.0,0.0,0.0,0.0,0.0,0,0,1,1,0,23.71365066666667,0.7274180544556901,1
3949,high_confidence_satellite_with_news,satellite_news,0,0,2,0.5,97.0,97.0,1.0,325.65999999999997,330.17,0,0,1,0,0,22.70137515,1.6419139383650514,1
3950,satellite_only_before_news,satellite_only,0,1,0,1.0,64.16,64.16,0.0,0.0,0.0,0,0,0,0,0,0.0,0.0,1
3951,correlated_satellite_news_false_alarm,satellite_news,0,1,0,0.0,0.0,0.0,1.0,331.68,331.68,0,0,2,0,0,21.5931223,2.4269636462647988,0
3952,low_confidence_satellite_noise,satellite_only,3,0,0,1.0,25.77,34.52,0.3333333333333333,317.66,317.66,0,0,0,0,0,22.301466283333333,1.9479566546448284,0
3953,nominal_low_satellite_with_news_real_fire,mixed_confidence,1,2,0,1.0,58.913333333333334,87.55,0.3333333333333333,357.69,357.69,0,2,0,0,0,28.509876216666665,2.446043819300215,1
3954,nominal_satellite_with_news,satellite_news,0,1,0,0.0,0.0,0.0,1.0,344.66,344.66,0,2,0,0,0,18.35068025,2.2983363286633645,1
3955,multi_satellite_real_fire,multi_satellite,0,4,0,1.0,71.3225,94.59,1.0,336.1125,372.74,0,0,0,0,0,14.485577000000001,2.1638111592464853,1
3956,news_only_before_satellite,news_only,0,0,0,0.0,0.0,0.0,0.0,0.0,0.0,0,0,0,0,2,16.344835466666666,0.46187082742778174,1
3957,high_confidence_satellite_with_news,satellite_news,0,0,1,1.0,120.19,120.19,0.0,0.0,0.0,0,0,1,1,0,20.080861716666668,2.8238413532131736,1
3958,persistent_non_wildfire_heat_source,multi_satellite,1,1,0,1.0,35.05,45.76,1.0,310.025,315.44,0,0,0,0,0,12.1608487,1.4185576120042196,0
3959,high_low_satellite_with_news_real_fire,mixed_confidence,1,0,1,0.5,91.77,91.77,1.0,374.64,382.63,0,0,1,0,0,12.326954033333333,1.6679451964736594,1
3960,high_low_satellite_false_alarm,mixed_confidence,2,0,1,1.0,49.29666666666666,106.41,0.6666666666666666,371.44,374.4,0,0,0,0,0,4.3619319333333335,1.0700234035289005,0
3961,correlated_satellite_news_false_alarm,satellite_news,1,1,0,0.5,10.28,10.28,1.0,338.08,342.9,0,0,1,0,0,8.997104933333333,1.25466500248799,0
3962,satellite_only_before_news,satellite_only,0,1,0,0.0,0.0,0.0,0.0,0.0,0.0,0,0,0,0,0,0.0,0.0,1
3963,high_confidence_satellite_false_positive,satellite_only,0,0,1,0.0,0.0,0.0,1.0,313.57,313.57,0,0,0,0,0,0.0,0.0,0
3964,nominal_satellite_false_heat_source,satellite_only,0,2,0,0.5,50.75,50.75,0.5,306.58,306.58,0,0,0,0,0,7.1100101,0.22789554488538752,0
3965,mixed_confidence_satellite_real_fire,mixed_confidence,1,3,0,0.75,53.49666666666667,102.14,1.0,321.1525,348.15,1,0,1,0,0,36.38159313333333,3.4651107136192123,1
3966,high_confidence_satellite_false_positive,satellite_only,0,0,1,1.0,97.18,97.18,0.0,0.0,0.0,0,0,0,0,0,0.0,0.0,0
3967,satellite_only_before_news,satellite_only,0,2,0,0.5,36.93,36.93,0.5,298.52,298.52,0,0,0,0,0,7.18550935,1.0823394429869218,1
3968,nominal_low_satellite_with_news_real_fire,mixed_confidence,3,0,0,0.3333333333333333,23.25,23.25,1.0,334.08,340.95,0,0,1,0,0,23.793068,2.2669451004166814,1
3969,mixed_confidence_satellite_real_fire,mixed_confidence,0,1,1,1.0,68.905,77.8,1.0,313.945,316.59,0,0,1,0,0,12.3284102,1.262514415684672,1
3970,high_low_satellite_false_alarm,mixed_confidence,0,0,3,0.6666666666666666,84.63,96.36,1.0,346.8066666666667,366.85,1,0,0,0,0,20.382659883333336,2.5793493969467196,0
3971,news_rumor_no_fire,news_only,0,0,0,0.0,0.0,0.0,0.0,0.0,0.0,0,1,0,0,0,0.0,0.0,0
3972,high_confidence_satellite_false_positive,satellite_only,0,0,1,1.0,34.66,34.66,1.0,335.46,335.46,0,0,0,0,0,0.0,0.0,0
3973,high_low_satellite_false_alarm,mixed_confidence,1,0,2,1.0,48.51333333333333,80.82,1.0,318.3233333333333,339.07,0,0,0,0,0,24.727847,1.2161406175214522,0
3974,multi_satellite_real_fire,multi_satellite,0,3,1,1.0,89.4425,116.34,1.0,320.96,330.08,0,0,0,0,0,11.406735683333332,2.8410742203574846,1
3975,high_confidence_satellite_false_positive,satellite_only,0,0,1,0.0,0.0,0.0,1.0,374.51,374.51,0,0,0,0,0,0.0,0.0,0
3976,high_confidence_satellite_with_news,satellite_news,0,0,2,1.0,78.025,96.15,1.0,372.605,398.23,0,0,0,1,0,23.164768916666667,1.9289518800608778,1
3977,news_rumor_no_fire,news_only,0,0,0,0.0,0.0,0.0,0.0,0.0,0.0,1,0,0,0,0,0.0,0.0,0
3978,correlated_satellite_news_false_alarm,satellite_news,1,1,0,1.0,23.695,40.29,0.5,293.08,293.08,0,0,1,0,0,10.969008366666666,2.440619648018674,0
3979,news_only_before_satellite,news_only,0,0,0,0.0,0.0,0.0,0.0,0.0,0.0,0,1,1,0,0,9.796101883333334,0.9588043969642763,1
3980,satellite_only_before_news,satellite_only,0,2,0,1.0,27.83,37.35,1.0,332.395,344.57,0,0,0,0,0,7.224427983333333,1.6785688022397278,1
3981,news_only_before_satellite,news_only,0,0,0,0.0,0.0,0.0,0.0,0.0,0.0,0,1,1,0,0,14.619897733333334,0.40929374312590916,1
3982,high_confidence_satellite_with_news,satellite_news,0,0,3,1.0,90.39999999999999,128.41,0.6666666666666666,346.765,377.93,0,0,1,1,0,18.20199231666667,2.862352409622562,1
3983,nominal_satellite_with_news,satellite_news,0,1,0,1.0,38.72,38.72,0.0,0.0,0.0,0,1,0,0,0,17.634360683333334,2.2259403166816507,1
3984,multi_satellite_real_fire,multi_satellite,0,2,2,0.75,64.75,73.96,1.0,345.42999999999995,358.1,0,0,0,0,0,34.9663831,2.1514233476330933,1
3985,multiple_news_same_false_alarm,news_only,0,0,0,0.0,0.0,0.0,0.0,0.0,0.0,0,2,0,0,0,5.7185042,1.7292088539713892,0
3986,multi_satellite_real_fire,multi_satellite,0,2,0,0.5,31.25,31.25,1.0,329.655,336.12,0,0,0,0,0,15.674121366666666,2.414075487681014,1
3987,persistent_non_wildfire_heat_source,multi_satellite,3,1,0,1.0,49.8275,75.86,0.5,323.07000000000005,333.1,0,0,0,0,0,17.966932583333335,2.5705920000656417,0
3988,high_confidence_satellite_false_positive,satellite_only,0,0,1,1.0,116.07,116.07,1.0,383.3,383.3,0,0,0,0,0,0.0,0.0,0
3989,high_confidence_satellite_false_positive,satellite_only,0,0,1,1.0,55.89,55.89,0.0,0.0,0.0,0,0,0,0,0,0.0,0.0,0
3990,high_confidence_satellite_false_positive,satellite_only,0,0,1,1.0,102.89,102.89,0.0,0.0,0.0,0,0,0,0,0,0.0,0.0,0
3991,nominal_satellite_with_news,satellite_news,0,1,0,0.0,0.0,0.0,1.0,359.73,359.73,0,0,0,1,0,17.294907733333332,1.6827066557102162,1
3992,mixed_confidence_non_fire_heat_source,mixed_confidence,1,0,2,1.0,85.96666666666668,97.39,1.0,353.3766666666666,373.09,0,0,0,0,0,22.531402,1.6805367594815042,0
3993,multi_satellite_plus_multi_news,satellite_news,0,0,2,1.0,60.675,83.85,1.0,361.56,374.71,0,0,0,2,0,33.575655633333334,2.499737583341605,1
3994,nominal_satellite_with_news,satellite_news,0,2,0,1.0,59.73,69.71,1.0,315.37,322.76,0,0,1,1,0,31.76482405,1.905100026438297,1
3995,satellite_only_before_news,satellite_only,0,1,0,0.0,0.0,0.0,1.0,303.16,303.16,0,0,0,0,0,0.0,0.0,1
3996,nominal_low_satellite_with_news_real_fire,mixed_confidence,2,0,0,1.0,48.03,52.21,0.5,353.7,353.7,0,1,1,0,0,25.8394393,2.015350843141514,1
3997,news_rumor_no_fire,news_only,0,0,0,0.0,0.0,0.0,0.0,0.0,0.0,1,0,0,0,0,0.0,0.0,0
3998,satellite_only_before_news,satellite_only,0,1,0,0.0,0.0,0.0,1.0,324.55,324.55,0,0,0,0,0,0.0,0.0,1
3999,multi_satellite_real_fire,multi_satellite,0,2,0,0.5,94.78,94.78,1.0,360.39,362.53,0,0,0,0,0,29.304348899999997,0.4296772996284814,1
4000,news_rumor_no_fire,news_only,0,0,0,0.0,0.0,0.0,0.0,0.0,0.0,0,0,0,0,1,0.0,0.0,0
