sample_id,scenario_family,satellite_count,news_count,satellite_low_count,satellite_nominal_count,satellite_high_count,time_span_minutes,max_pairwise_distance_km,label
1,correlated_satellite_news_false_alarm,2,1,2,0,0,18.153787116666667,1.4446882266061156,0
2,high_confidence_satellite_with_news,1,1,0,0,1,0.0829568,0.3347285004798626,1
3,mixed_satellite_with_false_news,2,2,2,0,0,26.432042850000002,0.9045002741015563,0
4,nominal_satellite_with_news,2,1,0,2,0,32.67071481666667,1.5766401095217726,1
5,multi_confidence_persistent_real_fire,3,1,1,2,0,18.824909366666667,2.123892397511848,1
6,nominal_low_satellite_with_news_real_fire,3,1,2,1,0,17.018544233333333,2.584610740855938,1
7,high_low_satellite_false_alarm,2,1,0,0,2,11.693647883333334,1.6164394538433455,0
8,mixed_confidence_satellite_real_fire,2,0,0,1,1,13.548351433333332,1.417140627694929,1
9,mixed_confidence_non_fire_heat_source,3,0,1,2,0,23.366171033333334,1.2365890508203528,0
10,mixed_confidence_non_fire_heat_source,2,0,0,1,1,4.253069333333333,0.9055724040422217,0
11,news_rumor_no_fire,0,1,0,0,0,0.0,0.0,0
12,news_rumor_no_fire,0,1,0,0,0,0.0,0.0,0
13,low_confidence_satellite_noise,2,0,2,0,0,10.3417672,1.2771501335448867,0
14,multi_satellite_plus_multi_news,3,3,0,0,3,24.979128433333337,2.090372906049586,1
15,nominal_low_satellite_with_news_real_fire,2,2,0,2,0,14.922417266666667,2.0821178993840412,1
16,mixed_confidence_non_fire_heat_source,2,0,0,1,1,6.1992909833333325,0.8944350763985198,0
17,nominal_satellite_with_news,2,1,0,2,0,21.31214238333333,3.1344510733925817,1
18,nominal_satellite_false_heat_source,1,0,0,1,0,0.0,0.0,0
19,multi_satellite_real_fire,2,0,0,0,2,35.280899149999996,0.5427658275399014,1
20,nominal_satellite_with_news,1,2,0,1,0,28.956286483333333,2.5337206501856557,1
21,news_only_before_satellite,0,2,0,0,0,18.271405016666666,0.7614637356026046,1
22,low_confidence_satellite_noise,2,0,2,0,0,2.99402875,2.984590403232586,0
23,correlated_satellite_news_false_alarm,2,1,2,0,0,16.6322436,2.2084586780951354,0
24,high_confidence_satellite_false_positive,1,0,0,0,1,0.0,0.0,0
25,news_only_before_satellite,0,2,0,0,0,19.801454383333333,0.9640330679185692,1
26,satellite_only_before_news,2,0,0,1,1,2.1670616333333332,1.0318742538802932,1
27,nominal_satellite_with_news,2,1,0,2,0,13.731931466666667,2.5280497849882466,1
28,mixed_confidence_non_fire_heat_source,2,0,1,0,1,7.130400883333333,0.8340133844206868,0
29,mixed_satellite_with_false_news,3,2,1,1,1,31.00459418333333,1.3988660711320333,0
30,multi_confidence_persistent_real_fire,4,0,2,1,1,13.773504050000001,3.364307450844106,1
31,news_only_before_satellite,0,2,0,0,0,4.075517633333333,1.047859451547672,1
32,satellite_only_before_news,2,0,0,1,1,14.586151533333332,0.478596658756647,1
33,multi_satellite_plus_multi_news,2,3,0,1,1,40.40845975,3.0576962100517298,1
34,multi_satellite_real_fire,4,0,0,3,1,15.642715516666668,2.0104369958601467,1
35,correlated_satellite_news_false_alarm,1,1,0,1,0,7.0913482,0.3179871889941813,0
36,multiple_news_same_false_alarm,0,3,0,0,0,18.318717966666668,1.1743208677904595,0
37,satellite_only_before_news,2,0,0,0,2,8.382725116666666,1.5784179719622546,1
38,low_confidence_satellite_noise,1,0,1,0,0,0.0,0.0,0
39,mixed_confidence_non_fire_heat_source,2,0,1,1,0,3.5992188833333336,0.40768634694576517,0
40,multi_satellite_plus_multi_news,2,2,0,1,1,9.378549066666666,3.5548723850131982,1
41,multiple_news_same_false_alarm,0,2,0,0,0,4.300918333333333,0.5962726188507652,0
42,multi_satellite_real_fire,4,0,0,3,1,13.332688899999999,0.5362369912439255,1
43,low_confidence_satellite_noise,1,0,1,0,0,0.0,0.0,0
44,high_low_satellite_with_news_real_fire,3,2,1,0,2,10.717830133333333,2.665396761211361,1
45,nominal_low_satellite_with_news_real_fire,2,2,2,0,0,17.00743015,3.2453679556494275,1
46,mixed_confidence_non_fire_heat_source,2,0,0,1,1,9.42833935,0.37796509361801617,0
47,correlated_satellite_news_false_alarm,1,2,1,0,0,10.389859150000001,2.67139149094465,0
48,mixed_confidence_non_fire_heat_source,2,0,0,1,1,10.424983283333335,1.2922147795832906,0
49,high_confidence_satellite_false_positive,1,0,0,0,1,0.0,0.0,0
50,nominal_satellite_with_news,2,2,0,2,0,25.845587683333335,2.847718941743139,1
51,satellite_only_before_news,2,0,0,1,1,2.690513866666667,1.270766737193583,1
52,mixed_satellite_with_false_news,3,1,2,1,0,17.353086266666665,3.497739620846931,0
53,nominal_satellite_false_heat_source,1,0,0,1,0,0.0,0.0,0
54,high_low_satellite_with_news_real_fire,3,1,2,0,1,27.597539349999998,0.961846518883381,1
55,high_confidence_satellite_with_news,2,1,0,0,2,26.354474966666665,2.6369788480221725,1
56,persistent_non_wildfire_heat_source,3,0,0,3,0,27.325565116666667,2.5664901830636966,0
57,high_low_satellite_with_news_real_fire,3,1,1,0,2,17.84608035,1.4180441180783752,1
58,mixed_satellite_with_false_news,3,2,0,0,3,31.689452916666667,3.438425803232481,0
59,satellite_only_before_news,2,0,0,1,1,0.5352889666666666,1.1416914011746546,1
60,mixed_confidence_satellite_real_fire,4,1,2,1,1,38.87285498333333,3.997578556429611,1
61,multiple_news_same_false_alarm,0,2,0,0,0,12.641352750000001,0.504651942160368,0
62,correlated_satellite_news_false_alarm,2,2,1,1,0,11.453912216666668,3.2045262837988893,0
63,nominal_satellite_false_heat_source,2,0,0,2,0,9.323159816666667,0.5366496312309862,0
64,multi_satellite_real_fire,2,0,0,2,0,13.846125050000001,1.79367302799246,1
65,low_confidence_satellite_noise,2,0,2,0,0,3.8301008666666667,1.3667717873857481,0
66,satellite_only_before_news,2,0,0,1,1,1.6211556166666665,2.246254712947513,1
67,satellite_only_before_news,2,0,0,1,1,7.30625605,1.196212409537457,1
68,multi_confidence_persistent_real_fire,4,2,2,1,1,24.449556916666666,3.632362155061139,1
69,high_low_satellite_with_news_real_fire,3,1,2,0,1,22.220759516666664,3.2220697421986957,1
70,nominal_satellite_with_news,1,2,0,1,0,10.156038333333333,1.9530616048514484,1
71,high_confidence_satellite_with_news,1,2,0,0,1,15.845377833333334,2.0776970242836126,1
72,multi_confidence_persistent_real_fire,5,0,2,3,0,41.79609411666667,3.1930650489951384,1
73,low_confidence_satellite_noise,1,0,1,0,0,0.0,0.0,0
74,news_rumor_no_fire,0,1,0,0,0,0.0,0.0,0
75,nominal_low_satellite_with_news_real_fire,3,2,3,0,0,22.475133983333333,2.6774820554818466,1
76,nominal_satellite_with_news,2,1,0,2,0,13.448033533333334,2.2192965306839225,1
77,high_confidence_satellite_with_news,2,1,0,0,2,14.261419766666668,1.026646467203284,1
78,multi_satellite_plus_multi_news,3,2,0,2,1,39.25759848333333,3.8472228503793873,1
79,multi_satellite_real_fire,4,0,0,3,1,30.076941616666666,1.4611801539317435,1
80,mixed_confidence_satellite_real_fire,3,1,1,0,2,32.9081981,2.3754030926782477,1
81,mixed_satellite_with_false_news,1,2,1,0,0,25.594225983333335,3.4375131959203333,0
82,mixed_satellite_with_false_news,3,1,1,0,2,28.958585383333332,2.083208636502655,0
83,high_confidence_satellite_false_positive,1,0,0,0,1,0.0,0.0,0
84,high_low_satellite_false_alarm,3,1,1,0,2,12.1812071,2.580036713623736,0
85,news_only_before_satellite,0,2,0,0,0,11.90519565,0.8167105363312264,1
86,high_low_satellite_with_news_real_fire,2,1,1,0,1,22.266603149999998,2.0501952181830942,1
87,mixed_confidence_satellite_real_fire,3,0,1,0,2,11.982749283333334,2.2579707362861052,1
88,multi_confidence_persistent_real_fire,5,2,1,3,1,42.1054934,2.7457049667012163,1
89,nominal_low_satellite_with_news_real_fire,2,1,1,1,0,13.86161845,1.5838211494534336,1
90,mixed_satellite_with_false_news,3,2,2,0,1,33.97666575,2.2012544917286943,0
91,high_low_satellite_with_news_real_fire,2,2,2,0,0,19.16182183333333,1.7961709119124651,1
92,multi_confidence_persistent_real_fire,3,2,2,0,1,31.7876947,3.7107536072232135,1
93,high_confidence_satellite_false_positive,1,0,0,0,1,0.0,0.0,0
94,correlated_satellite_news_false_alarm,2,2,1,1,0,13.431764750000001,2.5204602607765962,0
95,multi_satellite_plus_multi_news,3,2,0,2,1,12.322841633333333,2.2480768027521423,1
96,nominal_satellite_with_news,1,1,0,1,0,24.622941566666668,2.052468966498153,1
97,mixed_confidence_satellite_real_fire,2,0,2,0,0,0.76854625,0.6921518975458048,1
98,multiple_news_same_false_alarm,0,2,0,0,0,33.30234466666666,0.37725485560249455,0
99,high_confidence_satellite_with_news,1,2,0,0,1,21.47804281666667,2.3295744850448137,1
100,high_low_satellite_false_alarm,3,0,1,0,2,23.409336516666666,1.430942331781627,0
101,satellite_only_before_news,1,0,0,1,0,0.0,0.0,1
102,mixed_satellite_with_false_news,3,2,0,3,0,15.300334016666666,2.168732876449849,0
103,multi_confidence_persistent_real_fire,4,0,0,1,3,17.700786983333334,3.12079500963389,1
104,multi_confidence_persistent_real_fire,5,0,2,1,2,46.113289816666665,2.759607511440169,1
105,multiple_news_same_false_alarm,0,4,0,0,0,36.801054683333334,1.1194762252700785,0
106,high_low_satellite_with_news_real_fire,2,1,1,0,1,7.4538233499999995,2.6388078813266858,1
107,high_low_satellite_false_alarm,2,1,1,0,1,12.611425916666667,1.8097365789318867,0
108,high_low_satellite_with_news_real_fire,3,1,0,0,3,17.730956516666666,0.9866057282730777,1
109,multi_satellite_real_fire,2,0,0,2,0,31.98420593333333,0.3236651624514911,1
110,mixed_satellite_with_false_news,3,2,0,1,2,8.391865433333333,2.0931626402785475,0
111,news_rumor_no_fire,0,1,0,0,0,0.0,0.0,0
112,mixed_satellite_with_false_news,1,1,0,0,1,4.44900165,1.6491088927362545,0
113,mixed_confidence_satellite_real_fire,4,1,1,1,2,29.400338183333336,2.8914564816789787,1
114,high_confidence_satellite_with_news,3,1,0,0,3,21.914873383333333,2.01096527728918,1
115,mixed_confidence_non_fire_heat_source,3,0,1,0,2,19.440378133333336,1.0836116305361685,0
116,mixed_satellite_with_false_news,3,1,1,1,1,24.812016116666666,2.314684240366946,0
117,multi_confidence_persistent_real_fire,4,1,0,2,2,38.66568531666667,2.3854499367925275,1
118,mixed_satellite_with_false_news,1,2,0,1,0,1.1009840166666665,2.635230854359058,0
119,multiple_news_same_false_alarm,0,3,0,0,0,17.709333566666665,0.8333840774641776,0
120,news_rumor_no_fire,0,1,0,0,0,0.0,0.0,0
121,mixed_confidence_non_fire_heat_source,2,0,1,0,1,3.145159683333333,1.2117761749355154,0
122,mixed_confidence_satellite_real_fire,2,1,1,1,0,30.05419235,3.6532221899092243,1
123,multiple_news_same_false_alarm,0,2,0,0,0,3.233875333333333,1.5977701522543497,0
124,nominal_low_satellite_with_news_real_fire,3,2,3,0,0,27.571630783333333,2.444101373014253,1
125,nominal_satellite_with_news,1,1,0,1,0,3.68776385,0.6458265729430195,1
126,multi_confidence_persistent_real_fire,4,2,1,1,2,35.177309,3.095402325309111,1
127,nominal_low_satellite_with_news_real_fire,3,1,3,0,0,17.410928866666666,1.141585319074632,1
128,mixed_satellite_with_false_news,1,2,0,0,1,13.326736716666666,1.5327332006719954,0
129,correlated_satellite_news_false_alarm,1,1,0,1,0,2.3573125,1.666539476279385,0
130,mixed_confidence_non_fire_heat_source,4,0,1,1,2,21.623227583333335,1.667552279407732,0
131,high_low_satellite_false_alarm,2,0,0,0,2,5.488768383333333,2.462645782665864,0
132,high_confidence_satellite_with_news,2,2,0,0,2,8.747101766666667,2.1786809715340576,1
133,multi_satellite_plus_multi_news,3,3,0,1,2,43.69224788333334,2.841027213628295,1
134,persistent_non_wildfire_heat_source,4,0,1,3,0,33.6092308,1.7975836356771437,0
135,satellite_only_before_news,1,0,0,0,1,0.0,0.0,1
136,low_confidence_satellite_noise,2,0,2,0,0,36.709613966666666,1.6065973729226628,0
137,low_confidence_satellite_noise,1,0,1,0,0,0.0,0.0,0
138,nominal_satellite_false_heat_source,2,0,0,2,0,0.17986363333333333,0.29387562437798914,0
139,correlated_satellite_news_false_alarm,1,2,1,0,0,7.4249459,1.0757647137600401,0
140,multiple_news_same_false_alarm,0,4,0,0,0,39.19831438333333,1.360034654917437,0
141,high_confidence_satellite_false_positive,1,0,0,0,1,0.0,0.0,0
142,high_low_satellite_with_news_real_fire,2,2,2,0,0,24.756145083333333,2.7740221803845118,1
143,high_low_satellite_false_alarm,3,1,1,0,2,18.0926388,2.137689547480171,0
144,multi_satellite_real_fire,2,0,0,2,0,32.76621851666667,0.7717196720612296,1
145,nominal_satellite_false_heat_source,2,0,0,2,0,3.3965954000000003,0.8803169030732042,0
146,high_low_satellite_with_news_real_fire,3,2,1,0,2,23.494064416666667,2.506060098497338,1
147,persistent_non_wildfire_heat_source,4,0,1,3,0,27.671474216666663,3.9061704537724973,0
148,mixed_satellite_with_false_news,3,2,2,0,1,33.363946066666664,2.4338903494948263,0
149,high_low_satellite_false_alarm,2,1,1,0,1,8.696439816666667,1.3911800434178778,0
150,correlated_satellite_news_false_alarm,1,2,1,0,0,22.77755923333333,2.6034150011824484,0
151,satellite_only_before_news,2,0,0,1,1,7.734644933333333,0.8342485816571583,1
152,high_low_satellite_with_news_real_fire,3,2,1,0,2,23.131870616666667,2.614594562529855,1
153,high_low_satellite_false_alarm,3,0,2,0,1,23.921316683333334,0.6420912697513737,0
154,mixed_satellite_with_false_news,1,2,0,0,1,31.954874083333333,1.6621703926462248,0
155,nominal_satellite_with_news,1,1,0,1,0,6.8877353999999995,0.6946876118642769,1
156,nominal_low_satellite_with_news_real_fire,3,1,1,2,0,22.508185216666668,3.1404088647514428,1
157,multi_satellite_plus_multi_news,2,3,0,0,2,17.370909316666665,3.4291337705961147,1
158,low_confidence_satellite_noise,2,0,2,0,0,1.7703150166666668,2.3582303352747305,0
159,mixed_satellite_with_false_news,1,1,0,0,1,7.135299766666666,1.3172602928690507,0
160,high_confidence_satellite_false_positive,1,0,0,0,1,0.0,0.0,0
161,multi_satellite_plus_multi_news,3,3,0,2,1,35.97626186666666,3.133723306150938,1
162,multi_satellite_real_fire,2,0,0,2,0,29.5346172,2.156508792480378,1
163,news_rumor_no_fire,0,1,0,0,0,0.0,0.0,0
164,mixed_confidence_non_fire_heat_source,4,0,2,0,2,12.0380997,1.7184076614485408,0
165,high_confidence_satellite_with_news,1,1,0,0,1,9.25740395,0.35796779084592983,1
166,high_confidence_satellite_with_news,3,2,0,0,3,21.25050655,2.570587898735385,1
167,nominal_satellite_with_news,2,1,0,2,0,24.726823566666667,1.4688948479660746,1
168,multiple_news_same_false_alarm,0,2,0,0,0,22.2342619,0.2993638722166612,0
169,mixed_confidence_non_fire_heat_source,2,0,1,1,0,14.160494983333333,1.7746514999381053,0
170,multi_confidence_persistent_real_fire,3,0,2,0,1,7.653356516666666,1.5864188201798004,1
171,multiple_news_same_false_alarm,0,3,0,0,0,38.77603801666667,1.5547034300997506,0
172,nominal_satellite_false_heat_source,2,0,0,2,0,1.0027634833333334,0.5069937723341187,0
173,high_low_satellite_with_news_real_fire,3,2,3,0,0,28.842904683333334,3.572357288374415,1
174,multi_confidence_persistent_real_fire,5,2,1,4,0,44.65811918333333,3.747767264462297,1
175,high_low_satellite_false_alarm,2,1,1,0,1,8.566858349999999,1.133117724800641,0
176,correlated_satellite_news_false_alarm,2,1,1,1,0,19.942272716666665,2.497240001132588,0
177,high_low_satellite_false_alarm,2,0,1,0,1,7.493336266666666,0.561041519083224,0
178,correlated_satellite_news_false_alarm,1,1,1,0,0,0.7987518,1.455606308444712,0
179,multi_confidence_persistent_real_fire,3,2,1,2,0,20.931768083333335,3.142520677389375,1
180,nominal_low_satellite_with_news_real_fire,3,1,1,2,0,16.688933183333333,1.715598224229963,1
181,mixed_confidence_non_fire_heat_source,4,0,2,1,1,16.99482655,1.3742125763025501,0
182,news_only_before_satellite,0,2,0,0,0,9.135984516666667,0.7852591271296199,1
183,multi_satellite_plus_multi_news,4,2,0,2,2,33.90540396666667,3.665171960811187,1
184,multi_confidence_persistent_real_fire,3,1,0,0,3,24.70554035,3.9966175779413384,1
185,multi_satellite_real_fire,4,0,0,2,2,30.316119266666664,2.244162551448417,1
186,news_only_before_satellite,0,2,0,0,0,17.820886833333336,0.4812702652677751,1
187,mixed_confidence_satellite_real_fire,2,1,0,1,1,15.708006016666667,2.1019135419244948,1
188,multi_satellite_real_fire,2,0,0,0,2,30.615992333333335,1.5620941767095775,1
189,persistent_non_wildfire_heat_source,2,0,1,1,0,3.98802825,2.390293893770158,0
190,high_confidence_satellite_with_news,1,2,0,0,1,4.7919002666666675,2.062138990670089,1
191,nominal_satellite_with_news,1,2,0,1,0,11.46106435,2.416350746549456,1
192,multi_confidence_persistent_real_fire,3,2,1,2,0,40.311924966666666,2.791515844432634,1
193,mixed_satellite_with_false_news,1,2,0,0,1,3.374270383333333,1.9720031025405147,0
194,mixed_confidence_non_fire_heat_source,4,0,1,1,2,17.576090933333333,1.7609275734846235,0
195,persistent_non_wildfire_heat_source,2,0,1,1,0,16.233265533333334,1.8547459079917976,0
196,mixed_satellite_with_false_news,2,1,1,0,1,18.623718883333332,1.2662634587764292,0
197,correlated_satellite_news_false_alarm,1,2,1,0,0,16.802904583333333,1.554309967472326,0
198,news_rumor_no_fire,0,1,0,0,0,0.0,0.0,0
199,mixed_satellite_with_false_news,3,1,0,3,0,14.4985212,2.8964638638210203,0
200,low_confidence_satellite_noise,2,0,2,0,0,31.388547916666667,0.576035101073548,0
201,news_rumor_no_fire,0,1,0,0,0,0.0,0.0,0
202,low_confidence_satellite_noise,2,0,2,0,0,2.3887972,1.326656328374156,0
203,multi_confidence_persistent_real_fire,4,1,1,2,1,17.966442683333334,2.5487666019489406,1
204,nominal_satellite_false_heat_source,1,0,0,1,0,0.0,0.0,0
205,persistent_non_wildfire_heat_source,2,0,1,1,0,17.372966416666667,0.8310033581318182,0
206,mixed_confidence_non_fire_heat_source,2,0,0,2,0,1.6108671166666668,0.6829809713240754,0
207,high_low_satellite_false_alarm,2,0,0,0,2,26.7844102,1.2203612334691576,0
208,multiple_news_same_false_alarm,0,2,0,0,0,12.522843766666666,0.1678729349059989,0
209,persistent_non_wildfire_heat_source,2,0,1,1,0,31.14955398333333,2.278562382135192,0
210,high_confidence_satellite_false_positive,1,0,0,0,1,0.0,0.0,0
211,mixed_satellite_with_false_news,1,1,0,0,1,3.5234694166666665,1.7863242089255489,0
212,mixed_confidence_non_fire_heat_source,4,0,4,0,0,19.16249875,1.7235681806137737,0
213,multi_confidence_persistent_real_fire,3,1,2,1,0,32.31232276666667,2.8725493259040205,1
214,multi_satellite_plus_multi_news,2,2,0,0,2,29.337031116666665,1.895957624771755,1
215,correlated_satellite_news_false_alarm,1,2,1,0,0,23.744475066666666,2.2935853171145677,0
216,news_rumor_no_fire,0,1,0,0,0,0.0,0.0,0
217,mixed_satellite_with_false_news,2,2,1,0,1,25.307024683333335,1.1810417006642557,0
218,news_rumor_no_fire,0,1,0,0,0,0.0,0.0,0
219,news_rumor_no_fire,0,1,0,0,0,0.0,0.0,0
220,persistent_non_wildfire_heat_source,4,0,2,2,0,35.949350816666666,1.6222317826398676,0
221,news_only_before_satellite,0,2,0,0,0,2.289718,0.5167628343204846,1
222,high_confidence_satellite_with_news,2,1,0,0,2,15.505701766666666,1.9250270334951978,1
223,low_confidence_satellite_noise,2,0,2,0,0,18.905116483333334,0.4501243566913003,0
224,mixed_satellite_with_false_news,1,2,0,1,0,7.973563133333333,1.6749414517335728,0
225,nominal_low_satellite_with_news_real_fire,3,1,1,2,0,30.4261363,2.361969902390961,1
226,multiple_news_same_false_alarm,0,3,0,0,0,35.12280618333333,1.0228737536757695,0
227,multi_confidence_persistent_real_fire,5,2,2,2,1,45.753119950000006,2.364253446018203,1
228,correlated_satellite_news_false_alarm,1,1,0,1,0,4.608466633333333,1.3360168463215485,0
229,high_confidence_satellite_with_news,2,2,0,0,2,13.29932605,2.827381681523407,1
230,low_confidence_satellite_noise,2,0,2,0,0,35.22525761666667,0.9381032508400278,0
231,news_rumor_no_fire,0,1,0,0,0,0.0,0.0,0
232,satellite_only_before_news,1,0,0,0,1,0.0,0.0,1
233,multi_satellite_plus_multi_news,3,2,0,1,2,12.342737566666667,2.1688281091383224,1
234,mixed_satellite_with_false_news,2,2,1,1,0,19.079271216666665,0.7724341027463606,0
235,high_confidence_satellite_with_news,3,2,0,0,3,21.776251950000002,1.5096333758408418,1
236,nominal_satellite_with_news,2,1,0,2,0,11.1113231,1.1053400733530523,1
237,nominal_satellite_with_news,1,1,0,1,0,18.571972766666665,0.9672896951900617,1
238,nominal_low_satellite_with_news_real_fire,3,2,0,3,0,28.151960433333333,2.389424616582364,1
239,correlated_satellite_news_false_alarm,2,1,1,1,0,22.07907438333333,1.564215387653806,0
240,nominal_satellite_false_heat_source,1,0,0,1,0,0.0,0.0,0
241,high_low_satellite_with_news_real_fire,2,1,1,0,1,4.011765583333333,3.370512115639536,1
242,high_low_satellite_false_alarm,2,0,0,0,2,6.755373916666667,3.0764801443458856,0
243,nominal_satellite_with_news,2,2,0,2,0,15.271775600000002,1.635881881540175,1
244,mixed_confidence_non_fire_heat_source,2,0,1,0,1,16.724362,1.5607401817928461,0
245,high_low_satellite_false_alarm,2,1,1,0,1,20.46753815,1.4776944689581204,0
246,nominal_satellite_with_news,2,1,0,2,0,19.662048266666666,1.871171254405292,1
247,correlated_satellite_news_false_alarm,2,2,1,1,0,14.471815916666666,1.6956636670311012,0
248,correlated_satellite_news_false_alarm,1,2,0,1,0,4.421650916666667,2.290261398909374,0
249,persistent_non_wildfire_heat_source,3,0,0,3,0,22.364227866666667,2.995279421239483,0
250,high_low_satellite_false_alarm,2,0,1,0,1,27.28340358333333,1.3839039612780872,0
251,high_confidence_satellite_false_positive,1,0,0,0,1,0.0,0.0,0
252,nominal_satellite_false_heat_source,1,0,0,1,0,0.0,0.0,0
253,multiple_news_same_false_alarm,0,3,0,0,0,4.529413783333334,1.0296127973333855,0
254,correlated_satellite_news_false_alarm,1,2,1,0,0,10.5347543,2.2182811346553826,0
255,nominal_low_satellite_with_news_real_fire,3,1,2,1,0,22.4365838,2.033124461841043,1
256,correlated_satellite_news_false_alarm,2,1,1,1,0,13.376788783333334,2.8133284106080394,0
257,persistent_non_wildfire_heat_source,2,0,1,1,0,5.687621666666667,1.6295022262698344,0
258,news_rumor_no_fire,0,1,0,0,0,0.0,0.0,0
259,mixed_satellite_with_false_news,1,1,0,1,0,9.918714533333334,2.3378502824069023,0
260,multiple_news_same_false_alarm,0,4,0,0,0,36.74904046666666,1.2040767328799427,0
261,nominal_satellite_false_heat_source,1,0,0,1,0,0.0,0.0,0
262,high_low_satellite_with_news_real_fire,3,2,0,0,3,29.466390666666666,3.525196984257557,1
263,news_only_before_satellite,0,2,0,0,0,10.051006316666667,0.8478589395707936,1
264,news_rumor_no_fire,0,1,0,0,0,0.0,0.0,0
265,nominal_low_satellite_with_news_real_fire,3,2,2,1,0,18.207294133333335,2.032693651772284,1
266,correlated_satellite_news_false_alarm,1,2,0,1,0,22.16761485,2.0776080256098917,0
267,multi_satellite_real_fire,4,0,0,3,1,29.970848966666665,1.8815807340881676,1
268,nominal_satellite_false_heat_source,1,0,0,1,0,0.0,0.0,0
269,nominal_satellite_false_heat_source,1,0,0,1,0,0.0,0.0,0
270,correlated_satellite_news_false_alarm,2,2,1,1,0,17.988148149999997,1.9298487428341309,0
271,satellite_only_before_news,2,0,0,0,2,12.4625103,0.2255801372074058,1
272,satellite_only_before_news,2,0,0,2,0,5.470238466666667,0.7583981666576934,1
273,high_confidence_satellite_with_news,2,2,0,0,2,26.676058566666665,0.7575442340597429,1
274,high_confidence_satellite_false_positive,1,0,0,0,1,0.0,0.0,0
275,news_only_before_satellite,0,2,0,0,0,4.24594215,0.8241394518632764,1
276,mixed_confidence_non_fire_heat_source,2,0,0,2,0,8.177978266666667,0.42858226005144484,0
277,high_low_satellite_with_news_real_fire,2,2,0,0,2,17.02441741666667,2.52676732431918,1
278,mixed_confidence_non_fire_heat_source,4,0,0,2,2,20.457042416666663,0.9417403336899725,0
279,multi_satellite_plus_multi_news,4,2,0,0,4,24.556180733333335,1.9603039496886745,1
280,multiple_news_same_false_alarm,0,3,0,0,0,20.805410616666666,1.0810612883590638,0
281,mixed_confidence_satellite_real_fire,3,2,1,2,0,21.805451283333333,2.252751408482267,1
282,nominal_low_satellite_with_news_real_fire,3,2,1,2,0,20.6183102,2.3780623340117377,1
283,mixed_confidence_non_fire_heat_source,2,0,1,0,1,17.94617411666667,0.2859168329701092,0
284,low_confidence_satellite_noise,3,0,3,0,0,33.41625666666667,1.982399617776354,0
285,news_rumor_no_fire,0,1,0,0,0,0.0,0.0,0
286,news_only_before_satellite,0,1,0,0,0,0.0,0.0,1
287,high_low_satellite_with_news_real_fire,2,2,1,0,1,19.072107966666668,2.764682471835874,1
288,high_low_satellite_with_news_real_fire,3,1,3,0,0,12.61013265,2.819618621214968,1
289,satellite_only_before_news,2,0,0,0,2,0.4639889333333333,1.3978461830666478,1
290,high_confidence_satellite_false_positive,1,0,0,0,1,0.0,0.0,0
291,news_rumor_no_fire,0,1,0,0,0,0.0,0.0,0
292,satellite_only_before_news,2,0,0,2,0,14.909847566666667,1.1024807412416906,1
293,nominal_satellite_with_news,2,1,0,2,0,21.473322,2.7061477096879445,1
294,mixed_satellite_with_false_news,3,1,2,1,0,26.335167650000002,2.939067696728769,0
295,news_rumor_no_fire,0,1,0,0,0,0.0,0.0,0
296,correlated_satellite_news_false_alarm,2,2,0,2,0,9.731502316666667,2.4536843577538945,0
297,low_confidence_satellite_noise,2,0,2,0,0,8.295739033333334,1.1486614556957093,0
298,high_low_satellite_false_alarm,3,1,2,0,1,20.9184651,2.840576610255028,0
299,high_low_satellite_false_alarm,2,1,2,0,0,20.95854063333333,1.7120967200598254,0
300,high_low_satellite_false_alarm,3,0,1,0,2,13.225422633333332,1.4949880010917922,0
301,multi_satellite_plus_multi_news,4,2,0,2,2,34.918715399999996,2.326367943105143,1
302,news_only_before_satellite,0,2,0,0,0,17.322021216666666,0.13356052156607734,1
303,nominal_low_satellite_with_news_real_fire,2,2,0,2,0,28.421247983333334,2.0734440070055995,1
304,multi_confidence_persistent_real_fire,4,0,1,1,2,30.181197833333332,1.3992641663688865,1
305,nominal_low_satellite_with_news_real_fire,2,2,2,0,0,11.373569283333334,1.5434960410557483,1
306,multiple_news_same_false_alarm,0,4,0,0,0,33.8169514,1.500468350931462,0
307,multi_confidence_persistent_real_fire,4,2,2,2,0,37.252072150000004,1.5230886143654137,1
308,low_confidence_satellite_noise,2,0,2,0,0,4.620994166666667,0.9236848750901494,0
309,nominal_satellite_with_news,1,2,0,1,0,9.545506766666668,0.9878117389972539,1
310,multiple_news_same_false_alarm,0,2,0,0,0,5.826108116666666,0.8933920335634803,0
311,mixed_confidence_non_fire_heat_source,4,0,0,4,0,23.4152749,1.3294996581532101,0
312,nominal_satellite_with_news,2,2,0,2,0,31.447277483333334,2.0382163118827794,1
313,multi_satellite_real_fire,2,0,0,2,0,2.43910795,0.742124402545437,1
314,high_low_satellite_false_alarm,2,1,1,0,1,15.1211783,2.005298501746635,0
315,low_confidence_satellite_noise,3,0,3,0,0,10.489495183333334,1.0780625428019595,0
316,satellite_only_before_news,2,0,0,1,1,13.475310116666666,0.17032251590244687,1
317,multi_confidence_persistent_real_fire,4,0,0,2,2,26.863129,2.070997337122513,1
318,news_only_before_satellite,0,1,0,0,0,0.0,0.0,1
319,multi_satellite_plus_multi_news,4,2,0,3,1,31.478901216666667,3.8260292085181318,1
320,satellite_only_before_news,1,0,0,1,0,0.0,0.0,1
321,mixed_confidence_satellite_real_fire,2,0,1,0,1,11.055650166666668,2.6524810257229157,1
322,news_only_before_satellite,0,1,0,0,0,0.0,0.0,1
323,mixed_confidence_non_fire_heat_source,4,0,2,2,0,20.442295016666666,2.115858304610692,0
324,mixed_confidence_satellite_real_fire,2,0,1,0,1,20.22182018333333,1.5248635381425717,1
325,multi_satellite_real_fire,2,0,0,2,0,28.566136183333334,0.9820969315345928,1
326,nominal_satellite_with_news,2,2,0,2,0,17.025141716666667,2.437176757569465,1
327,mixed_confidence_non_fire_heat_source,4,0,2,2,0,23.76159146666667,0.42786424395320455,0
328,satellite_only_before_news,1,0,0,1,0,0.0,0.0,1
329,low_confidence_satellite_noise,1,0,1,0,0,0.0,0.0,0
330,high_confidence_satellite_false_positive,1,0,0,0,1,0.0,0.0,0
331,high_confidence_satellite_false_positive,1,0,0,0,1,0.0,0.0,0
332,multi_confidence_persistent_real_fire,5,2,2,1,2,30.288049049999998,3.3696462061294943,1
333,mixed_confidence_non_fire_heat_source,3,0,2,0,1,19.025390633333334,0.8720905576216476,0
334,high_confidence_satellite_false_positive,1,0,0,0,1,0.0,0.0,0
335,nominal_low_satellite_with_news_real_fire,3,2,0,3,0,16.476720633333333,2.990650565700315,1
336,satellite_only_before_news,2,0,0,0,2,3.5219248333333337,1.0614383559004277,1
337,persistent_non_wildfire_heat_source,4,0,1,3,0,10.929694383333333,2.3766180086048565,0
338,news_rumor_no_fire,0,1,0,0,0,0.0,0.0,0
339,news_only_before_satellite,0,2,0,0,0,13.589669266666668,0.8143728697314316,1
340,multi_confidence_persistent_real_fire,3,1,0,2,1,35.47737883333333,3.1444486093570343,1
341,nominal_satellite_with_news,2,1,0,2,0,31.646753566666668,0.503942540513957,1
342,mixed_confidence_satellite_real_fire,3,1,1,1,1,21.212407250000002,2.428085659809548,1
343,news_only_before_satellite,0,1,0,0,0,0.0,0.0,1
344,high_low_satellite_with_news_real_fire,3,2,1,0,2,15.56236095,3.079448236558261,1
345,news_only_before_satellite,0,2,0,0,0,11.494926533333334,0.0453637751718279,1
346,correlated_satellite_news_false_alarm,1,2,0,1,0,22.23271285,1.1487457516285058,0
347,high_confidence_satellite_false_positive,1,0,0,0,1,0.0,0.0,0
348,mixed_confidence_non_fire_heat_source,2,0,0,0,2,19.18312993333333,0.5540261488693669,0
349,multiple_news_same_false_alarm,0,4,0,0,0,28.916581049999998,1.2527949345143494,0
350,persistent_non_wildfire_heat_source,2,0,1,1,0,46.30595698333333,1.824723792732954,0
351,multi_satellite_real_fire,3,0,0,2,1,8.775907833333333,1.456807168085505,1
352,low_confidence_satellite_noise,2,0,2,0,0,5.003387783333333,2.142132239772668,0
353,multiple_news_same_false_alarm,0,4,0,0,0,27.90502265,0.9766570105164785,0
354,high_low_satellite_false_alarm,2,0,0,0,2,14.871301966666666,1.2885794460723934,0
355,high_confidence_satellite_false_positive,1,0,0,0,1,0.0,0.0,0
356,multi_confidence_persistent_real_fire,3,1,0,1,2,33.6292358,3.593160423679921,1
357,news_rumor_no_fire,0,1,0,0,0,0.0,0.0,0
358,nominal_satellite_false_heat_source,1,0,0,1,0,0.0,0.0,0
359,news_rumor_no_fire,0,1,0,0,0,0.0,0.0,0
360,news_rumor_no_fire,0,1,0,0,0,0.0,0.0,0
361,news_only_before_satellite,0,2,0,0,0,8.004563683333334,0.25701873269769754,1
362,high_low_satellite_with_news_real_fire,3,1,1,0,2,18.712851250000003,1.7575363482229922,1
363,correlated_satellite_news_false_alarm,2,2,1,1,0,13.914944916666666,2.696389506965765,0
364,high_low_satellite_with_news_real_fire,3,2,2,0,1,23.203734766666667,2.6722219293690403,1
365,mixed_confidence_satellite_real_fire,4,0,0,2,2,14.651585066666666,3.1425089093681087,1
366,multi_satellite_real_fire,4,0,0,3,1,15.685231116666667,1.7005820146412518,1
367,high_low_satellite_with_news_real_fire,2,1,1,0,1,13.269401266666668,1.853088232964218,1
368,news_rumor_no_fire,0,1,0,0,0,0.0,0.0,0
369,low_confidence_satellite_noise,1,0,1,0,0,0.0,0.0,0
370,high_low_satellite_with_news_real_fire,3,2,3,0,0,28.074480683333334,2.091784434468143,1
371,satellite_only_before_news,2,0,0,0,2,11.846379483333333,1.004868592828068,1
372,mixed_confidence_non_fire_heat_source,2,0,0,1,1,5.897002850000001,0.660227236714893,0
373,mixed_satellite_with_false_news,3,1,1,1,1,12.543887916666668,3.8978098162596586,0
374,nominal_satellite_with_news,2,2,0,2,0,24.572482583333333,3.3904877340262223,1
375,multi_satellite_plus_multi_news,3,3,0,2,1,42.27200526666666,3.705155911153063,1
376,multi_satellite_real_fire,3,0,0,1,2,31.69920075,1.9321412090530377,1
377,low_confidence_satellite_noise,1,0,1,0,0,0.0,0.0,0
378,high_low_satellite_with_news_real_fire,3,1,0,0,3,19.82155415,3.3788788895616215,1
379,high_low_satellite_with_news_real_fire,3,2,1,0,2,13.9551902,3.490056918067337,1
380,news_rumor_no_fire,0,1,0,0,0,0.0,0.0,0
381,mixed_confidence_satellite_real_fire,2,0,2,0,0,15.825186283333332,1.9355280217496125,1
382,mixed_confidence_satellite_real_fire,3,2,0,1,2,36.84902856666667,3.488153072466643,1
383,satellite_only_before_news,2,0,0,1,1,3.17925005,0.7855031446336164,1
384,persistent_non_wildfire_heat_source,4,0,3,1,0,26.488319516666664,2.1525127723728494,0
385,high_confidence_satellite_false_positive,1,0,0,0,1,0.0,0.0,0
386,multi_satellite_plus_multi_news,4,2,0,2,2,45.05295205,3.0575365652952025,1
387,multi_satellite_plus_multi_news,4,3,0,3,1,44.12294295,2.747082400664471,1
388,nominal_low_satellite_with_news_real_fire,3,2,1,2,0,15.082729066666667,2.30775865516611,1
389,news_only_before_satellite,0,1,0,0,0,0.0,0.0,1
390,high_low_satellite_false_alarm,2,1,1,0,1,13.59635125,1.3986388405538306,0
391,mixed_confidence_non_fire_heat_source,4,0,3,1,0,23.470245683333335,1.527276495572847,0
392,nominal_satellite_with_news,1,2,0,1,0,30.066086066666667,2.736847613187551,1
393,low_confidence_satellite_noise,1,0,1,0,0,0.0,0.0,0
394,multi_satellite_real_fire,2,0,0,2,0,19.377395149999998,1.1736706221381106,1
395,multiple_news_same_false_alarm,0,2,0,0,0,1.0674250333333333,0.43530453623185306,0
396,multi_confidence_persistent_real_fire,4,1,0,2,2,39.858608966666665,1.097110543196655,1
397,correlated_satellite_news_false_alarm,1,2,0,1,0,17.2661731,1.3220272890394633,0
398,persistent_non_wildfire_heat_source,2,0,0,2,0,29.776432633333332,1.95666052210307,0
399,mixed_confidence_satellite_real_fire,3,0,2,0,1,42.9878844,1.9650507697195834,1
400,high_confidence_satellite_with_news,2,1,0,0,2,24.22190475,2.8037085292941546,1
401,nominal_satellite_false_heat_source,1,0,0,1,0,0.0,0.0,0
402,high_confidence_satellite_false_positive,1,0,0,0,1,0.0,0.0,0
403,high_low_satellite_false_alarm,3,1,2,0,1,22.837413700000003,1.2304797500370583,0
404,mixed_confidence_non_fire_heat_source,3,0,1,1,1,20.4576326,2.047729468807078,0
405,mixed_satellite_with_false_news,2,1,2,0,0,27.489138733333334,1.9582486705595021,0
406,high_low_satellite_false_alarm,2,0,2,0,0,8.867770616666666,1.6750959161136614,0
407,correlated_satellite_news_false_alarm,1,2,1,0,0,27.200806516666667,1.0579741305171027,0
408,satellite_only_before_news,1,0,0,0,1,0.0,0.0,1
409,persistent_non_wildfire_heat_source,4,0,3,1,0,44.4768314,1.8987708199249818,0
410,news_only_before_satellite,0,1,0,0,0,0.0,0.0,1
411,multi_confidence_persistent_real_fire,5,1,1,2,2,38.38889006666667,3.0267101414010074,1
412,satellite_only_before_news,2,0,0,2,0,5.047800366666666,1.8598163440479487,1
413,multi_satellite_real_fire,4,0,0,4,0,37.208839733333335,1.6923116675206058,1
414,multi_confidence_persistent_real_fire,3,2,1,2,0,40.09840093333333,2.562075104787035,1
415,multiple_news_same_false_alarm,0,4,0,0,0,37.88689591666667,0.712614376266807,0
416,multiple_news_same_false_alarm,0,3,0,0,0,36.81618068333333,1.064062694945793,0
417,high_confidence_satellite_with_news,3,1,0,0,3,9.323281083333335,3.185679618156992,1
418,multi_satellite_real_fire,3,0,0,3,0,24.517592666666665,0.9735771997704303,1
419,mixed_satellite_with_false_news,3,1,0,1,2,14.520909433333333,2.0022738663564197,0
420,satellite_only_before_news,1,0,0,1,0,0.0,0.0,1
421,multiple_news_same_false_alarm,0,2,0,0,0,27.176345166666668,0.32642057498979976,0
422,high_confidence_satellite_with_news,1,1,0,0,1,2.433236983333333,1.680430578362623,1
423,mixed_satellite_with_false_news,2,1,1,1,0,20.357730616666668,2.1076566123447016,0
424,low_confidence_satellite_noise,2,0,2,0,0,6.207875766666667,3.2489965621131236,0
425,multi_satellite_real_fire,2,0,0,0,2,14.178677316666667,2.9951495272362036,1
426,high_low_satellite_with_news_real_fire,3,1,2,0,1,16.99127938333333,0.5003019309851597,1
427,news_rumor_no_fire,0,1,0,0,0,0.0,0.0,0
428,mixed_satellite_with_false_news,1,1,0,1,0,17.21080733333333,0.8781375001408885,0
429,multi_satellite_plus_multi_news,4,2,0,4,0,37.401008133333335,3.2282397101142912,1
430,multi_satellite_plus_multi_news,4,3,0,4,0,31.78283715,2.3240448036773533,1
431,mixed_confidence_non_fire_heat_source,3,0,0,2,1,11.0622589,2.629036317909997,0
432,multi_satellite_plus_multi_news,4,2,0,3,1,37.27821408333333,2.5516578119290214,1
433,persistent_non_wildfire_heat_source,3,0,0,3,0,7.86048085,2.2577216134732105,0
434,low_confidence_satellite_noise,2,0,2,0,0,34.76214905,0.5918074547531843,0
435,multiple_news_same_false_alarm,0,4,0,0,0,15.81426005,1.144735019676782,0
436,high_confidence_satellite_false_positive,1,0,0,0,1,0.0,0.0,0
437,nominal_satellite_with_news,2,1,0,2,0,28.391219266666667,2.273672311125058,1
438,high_low_satellite_with_news_real_fire,2,2,0,0,2,29.644970366666666,2.0554452877999476,1
439,high_low_satellite_with_news_real_fire,3,2,1,0,2,29.7598473,2.9221908719235747,1
440,nominal_satellite_false_heat_source,1,0,0,1,0,0.0,0.0,0
441,high_low_satellite_false_alarm,3,0,2,0,1,10.5966382,1.940383736324152,0
442,high_confidence_satellite_with_news,2,2,0,0,2,26.299892983333333,1.9275392573390824,1
443,mixed_satellite_with_false_news,1,2,1,0,0,19.93841678333333,3.395125582290671,0
444,news_rumor_no_fire,0,1,0,0,0,0.0,0.0,0
445,nominal_low_satellite_with_news_real_fire,2,2,1,1,0,20.3392193,2.531550210820445,1
446,satellite_only_before_news,2,0,0,2,0,10.095073716666667,0.2460843088311486,1
447,multiple_news_same_false_alarm,0,2,0,0,0,2.44600725,0.4625774161722367,0
448,mixed_confidence_satellite_real_fire,2,0,0,1,1,14.231226633333334,0.9963245708639008,1
449,high_low_satellite_with_news_real_fire,3,1,0,0,3,32.5566915,0.9097332976039737,1
450,correlated_satellite_news_false_alarm,2,2,1,1,0,15.870183316666667,1.4032113817271827,0
451,persistent_non_wildfire_heat_source,3,0,1,2,0,7.866688466666667,3.990489721444449,0
452,persistent_non_wildfire_heat_source,2,0,2,0,0,2.6535577,1.297529765912074,0
453,multi_satellite_plus_multi_news,2,2,0,2,0,37.40603241666667,1.14253231391626,1
454,high_confidence_satellite_with_news,2,1,0,0,2,24.714196916666666,1.9186885041623423,1
455,mixed_confidence_satellite_real_fire,3,2,1,2,0,31.8796772,2.846070166579365,1
456,multi_satellite_plus_multi_news,2,2,0,0,2,43.91889938333334,3.302335013937344,1
457,low_confidence_satellite_noise,2,0,2,0,0,0.40952628333333335,0.48578280639419374,0
458,mixed_confidence_non_fire_heat_source,3,0,1,1,1,2.1415140833333335,2.272566529859392,0
459,news_rumor_no_fire,0,1,0,0,0,0.0,0.0,0
460,news_rumor_no_fire,0,1,0,0,0,0.0,0.0,0
461,multi_confidence_persistent_real_fire,4,2,1,1,2,39.35556053333333,2.7449928221997184,1
462,high_confidence_satellite_false_positive,1,0,0,0,1,0.0,0.0,0
463,high_low_satellite_false_alarm,3,1,3,0,0,15.2890631,1.459725999254374,0
464,nominal_satellite_with_news,2,1,0,2,0,21.213955716666664,0.8720472965365713,1
465,multiple_news_same_false_alarm,0,4,0,0,0,25.598617933333333,1.572184917792213,0
466,mixed_confidence_satellite_real_fire,2,0,1,1,0,15.592262666666667,2.5290324158674475,1
467,high_confidence_satellite_with_news,1,1,0,0,1,26.694019633333333,0.6726747085555866,1
468,news_only_before_satellite,0,2,0,0,0,5.36348265,0.1558959401253165,1
469,nominal_satellite_false_heat_source,1,0,0,1,0,0.0,0.0,0
470,high_confidence_satellite_with_news,2,1,0,0,2,23.395864766666666,2.919398067988875,1
471,correlated_satellite_news_false_alarm,2,2,1,1,0,24.537758516666667,1.945594861950712,0
472,multiple_news_same_false_alarm,0,2,0,0,0,0.5508084666666666,1.0570585781967987,0
473,news_only_before_satellite,0,2,0,0,0,6.735425533333333,0.38647469942195767,1
474,nominal_satellite_false_heat_source,2,0,0,2,0,7.655572133333334,1.0555578561481462,0
475,multiple_news_same_false_alarm,0,4,0,0,0,12.471117516666668,1.6179792458976738,0
476,mixed_confidence_satellite_real_fire,4,2,1,2,1,23.395453616666668,3.73816945892923,1
477,persistent_non_wildfire_heat_source,4,0,2,2,0,22.0303286,3.30872952808955,0
478,high_confidence_satellite_false_positive,1,0,0,0,1,0.0,0.0,0
479,mixed_confidence_non_fire_heat_source,2,0,2,0,0,1.4386158999999998,1.2343268980408433,0
480,multiple_news_same_false_alarm,0,4,0,0,0,20.087236183333335,1.182662819117632,0
481,news_only_before_satellite,0,2,0,0,0,2.3809554,0.6104509819277587,1
482,mixed_confidence_non_fire_heat_source,2,0,1,1,0,28.6102939,1.3829085846906684,0
483,correlated_satellite_news_false_alarm,2,1,0,2,0,20.97858585,1.8422746434470851,0
484,high_low_satellite_with_news_real_fire,3,1,2,0,1,12.372821666666665,1.8672645961100398,1
485,satellite_only_before_news,2,0,0,2,0,10.257362016666667,0.14534439834820165,1
486,multi_satellite_real_fire,4,0,0,4,0,12.644249266666666,0.7950871515843202,1
487,mixed_confidence_satellite_real_fire,4,2,2,1,1,25.90874635,2.3637968905130164,1
488,multi_satellite_plus_multi_news,3,3,0,1,2,46.27709803333333,1.7096151096888275,1
489,satellite_only_before_news,1,0,0,1,0,0.0,0.0,1
490,multi_satellite_plus_multi_news,4,2,0,3,1,39.884654233333336,2.9239528033360065,1
491,mixed_confidence_satellite_real_fire,2,0,1,1,0,2.9009686,1.7108584011107615,1
492,news_rumor_no_fire,0,1,0,0,0,0.0,0.0,0
493,news_rumor_no_fire,0,1,0,0,0,0.0,0.0,0
494,high_confidence_satellite_with_news,2,1,0,0,2,9.634964416666666,2.8016277176255278,1
495,news_only_before_satellite,0,2,0,0,0,25.38555858333333,0.26639922613669803,1
496,mixed_confidence_non_fire_heat_source,4,0,1,1,2,25.654849533333334,1.7584909574256213,0
497,news_only_before_satellite,0,2,0,0,0,6.4771788,0.20539470691033643,1
498,nominal_low_satellite_with_news_real_fire,3,1,2,1,0,21.568935383333333,2.0337992308168236,1
499,news_only_before_satellite,0,1,0,0,0,0.0,0.0,1
500,news_rumor_no_fire,0,1,0,0,0,0.0,0.0,0
501,news_rumor_no_fire,0,1,0,0,0,0.0,0.0,0
502,correlated_satellite_news_false_alarm,1,1,1,0,0,24.813872816666667,1.3550665277457061,0
503,low_confidence_satellite_noise,1,0,1,0,0,0.0,0.0,0
504,nominal_satellite_false_heat_source,2,0,0,2,0,0.5603056166666666,0.10859917408344477,0
505,mixed_satellite_with_false_news,3,2,2,1,0,21.35819143333333,2.3364391479980395,0
506,news_only_before_satellite,0,2,0,0,0,17.225329116666668,1.087074741326734,1
507,multiple_news_same_false_alarm,0,3,0,0,0,23.012596900000002,1.1785434682657419,0
508,mixed_confidence_satellite_real_fire,2,2,1,1,0,16.116462266666666,2.5006363069234583,1
509,satellite_only_before_news,1,0,0,0,1,0.0,0.0,1
510,persistent_non_wildfire_heat_source,3,0,3,0,0,28.38469673333333,3.3238498628623816,0
511,nominal_satellite_false_heat_source,2,0,0,2,0,10.43804435,0.6373842225116183,0
512,nominal_satellite_false_heat_source,1,0,0,1,0,0.0,0.0,0
513,correlated_satellite_news_false_alarm,2,1,1,1,0,12.063238250000001,1.9760426361620633,0
514,persistent_non_wildfire_heat_source,2,0,0,2,0,4.2190543,1.1458889030032566,0
515,nominal_satellite_with_news,2,2,0,2,0,28.671665150000003,0.9048392276071291,1
516,news_only_before_satellite,0,2,0,0,0,21.530182216666667,1.555222115740675,1
517,nominal_low_satellite_with_news_real_fire,2,1,1,1,0,21.786608966666666,2.7059715030708564,1
518,nominal_satellite_false_heat_source,1,0,0,1,0,0.0,0.0,0
519,news_rumor_no_fire,0,1,0,0,0,0.0,0.0,0
520,nominal_low_satellite_with_news_real_fire,2,2,0,2,0,23.00773931666667,2.1962895088494157,1
521,news_rumor_no_fire,0,1,0,0,0,0.0,0.0,0
522,high_confidence_satellite_false_positive,1,0,0,0,1,0.0,0.0,0
523,nominal_satellite_with_news,1,2,0,1,0,17.001905166666667,1.5497006394535993,1
524,news_only_before_satellite,0,2,0,0,0,16.299747733333334,1.182057448273792,1
525,high_low_satellite_with_news_real_fire,3,2,2,0,1,27.151556683333336,2.4537283295721446,1
526,multi_satellite_plus_multi_news,3,2,0,2,1,41.99814713333333,1.7141247425466277,1
527,correlated_satellite_news_false_alarm,1,1,0,1,0,19.328774516666666,1.0172705536884785,0
528,correlated_satellite_news_false_alarm,1,1,0,1,0,7.3039698,2.5666036956283276,0
529,high_confidence_satellite_with_news,2,1,0,0,2,4.228410533333333,2.7158535022481782,1
530,high_confidence_satellite_false_positive,1,0,0,0,1,0.0,0.0,0
531,high_low_satellite_false_alarm,2,1,2,0,0,5.532466016666667,1.875045993561125,0
532,persistent_non_wildfire_heat_source,3,0,2,1,0,47.54627781666667,1.4875954253343144,0
533,nominal_low_satellite_with_news_real_fire,2,1,1,1,0,9.6998656,1.919046975816177,1
534,multi_confidence_persistent_real_fire,5,1,1,1,3,31.91920521666667,3.0645434113834025,1
535,nominal_low_satellite_with_news_real_fire,3,1,2,1,0,9.044641366666667,1.8939196688475435,1
536,correlated_satellite_news_false_alarm,1,1,0,1,0,29.504673933333333,1.3037766026155113,0
537,high_confidence_satellite_with_news,3,2,0,0,3,18.262877083333333,2.247780563068405,1
538,satellite_only_before_news,2,0,0,0,2,4.0942901166666665,0.7670463304499835,1
539,mixed_satellite_with_false_news,1,1,1,0,0,2.4046479499999998,0.9065914865207754,0
540,high_confidence_satellite_with_news,2,2,0,0,2,11.8883502,2.2515975522000224,1
541,news_only_before_satellite,0,2,0,0,0,2.091785916666667,1.0275271517663185,1
542,high_low_satellite_with_news_real_fire,2,2,1,0,1,34.643835833333334,1.8860492558828639,1
543,news_only_before_satellite,0,2,0,0,0,5.21717605,0.31075419653367026,1
544,high_low_satellite_with_news_real_fire,2,1,0,0,2,22.784474266666667,2.4744654968950988,1
545,nominal_satellite_false_heat_source,1,0,0,1,0,0.0,0.0,0
546,multi_confidence_persistent_real_fire,5,1,3,1,1,34.267251116666664,2.535660456730869,1
547,mixed_confidence_non_fire_heat_source,2,0,2,0,0,10.632665616666666,1.602750729636059,0
548,satellite_only_before_news,1,0,0,0,1,0.0,0.0,1
549,high_confidence_satellite_false_positive,1,0,0,0,1,0.0,0.0,0
550,news_only_before_satellite,0,2,0,0,0,12.388261533333333,0.5972800998930891,1
551,multi_confidence_persistent_real_fire,5,1,1,1,3,39.10520475,2.447951802409918,1
552,low_confidence_satellite_noise,1,0,1,0,0,0.0,0.0,0
553,high_confidence_satellite_false_positive,1,0,0,0,1,0.0,0.0,0
554,multi_confidence_persistent_real_fire,4,1,1,2,1,44.111231466666666,3.136570919515991,1
555,mixed_satellite_with_false_news,3,1,2,1,0,30.783831000000003,2.3705044993956617,0
556,news_rumor_no_fire,0,1,0,0,0,0.0,0.0,0
557,high_confidence_satellite_with_news,3,2,0,0,3,19.76145935,2.580227610756733,1
558,high_low_satellite_with_news_real_fire,2,1,1,0,1,25.563572633333333,2.192594916421051,1
559,mixed_confidence_satellite_real_fire,3,2,2,1,0,20.31940416666667,2.9811723655278484,1
560,high_low_satellite_with_news_real_fire,3,1,3,0,0,24.677336166666667,2.255130286837856,1
561,mixed_satellite_with_false_news,2,2,0,2,0,16.722187283333334,2.5553506197519287,0
562,multi_satellite_plus_multi_news,2,2,0,2,0,30.631283916666668,2.6660333923876594,1
563,high_low_satellite_false_alarm,2,0,1,0,1,22.011348366666667,1.316383614566888,0
564,mixed_confidence_satellite_real_fire,4,2,2,1,1,36.414222116666664,3.3749803731033694,1
565,multi_satellite_real_fire,2,0,0,1,1,19.996573583333333,0.8172550611143589,1
566,satellite_only_before_news,2,0,0,2,0,8.671783799999998,0.4391018775192929,1
567,high_low_satellite_with_news_real_fire,2,2,0,0,2,19.18906315,2.005090224168526,1
568,multi_satellite_real_fire,3,0,0,1,2,26.913272966666668,2.44295426374474,1
569,mixed_confidence_satellite_real_fire,2,0,0,0,2,25.232242783333334,1.8235117526610398,1
570,multiple_news_same_false_alarm,0,4,0,0,0,30.664348183333335,0.9790578669042216,0
571,mixed_confidence_non_fire_heat_source,4,0,1,1,2,13.263832933333333,2.0204619300043123,0
572,nominal_satellite_with_news,2,1,0,2,0,35.61983705,1.6781600907220198,1
573,mixed_satellite_with_false_news,1,1,0,0,1,27.92024651666667,3.3298105236745283,0
574,satellite_only_before_news,1,0,0,1,0,0.0,0.0,1
575,persistent_non_wildfire_heat_source,4,0,1,3,0,40.358196166666666,3.295018916048574,0
576,multi_satellite_real_fire,2,0,0,2,0,4.971010566666666,1.3914966172023775,1
577,correlated_satellite_news_false_alarm,2,2,0,2,0,15.757642183333333,1.1499546810705652,0
578,multi_satellite_real_fire,3,0,0,1,2,26.61740905,1.5362614999518869,1
579,mixed_satellite_with_false_news,3,2,0,2,1,26.2743231,1.836560437471037,0
580,mixed_confidence_non_fire_heat_source,4,0,2,0,2,16.015848916666666,2.54814450236244,0
581,news_rumor_no_fire,0,1,0,0,0,0.0,0.0,0
582,mixed_confidence_non_fire_heat_source,3,0,2,0,1,24.575898016666667,1.8606045761568328,0
583,correlated_satellite_news_false_alarm,2,1,1,1,0,6.386151083333333,2.1163239386994745,0
584,mixed_satellite_with_false_news,1,2,1,0,0,8.695201283333335,2.440949076646765,0
585,multi_satellite_plus_multi_news,3,2,0,1,2,29.53774406666667,4.028503781948929,1
586,news_only_before_satellite,0,2,0,0,0,8.26941745,0.6064763462408969,1
587,high_confidence_satellite_false_positive,1,0,0,0,1,0.0,0.0,0
588,satellite_only_before_news,2,0,0,0,2,0.7921726833333333,0.5056276212929718,1
589,high_confidence_satellite_with_news,2,1,0,0,2,10.887801316666666,1.9733788018964549,1
590,nominal_low_satellite_with_news_real_fire,3,2,2,1,0,22.198703366666667,2.294201223265916,1
591,nominal_low_satellite_with_news_real_fire,2,1,0,2,0,5.610875916666667,2.0112641460247103,1
592,multiple_news_same_false_alarm,0,2,0,0,0,1.5140134833333332,1.5951407058980116,0
593,news_rumor_no_fire,0,1,0,0,0,0.0,0.0,0
594,multiple_news_same_false_alarm,0,4,0,0,0,21.4098879,0.8581773564126512,0
595,nominal_low_satellite_with_news_real_fire,2,1,0,2,0,7.672954483333333,2.6079171627870203,1
596,multiple_news_same_false_alarm,0,4,0,0,0,15.728000183333334,1.0820155452164477,0
597,low_confidence_satellite_noise,1,0,1,0,0,0.0,0.0,0
598,multi_confidence_persistent_real_fire,3,0,2,1,0,32.14984451666667,2.6393508837666295,1
599,persistent_non_wildfire_heat_source,3,0,2,1,0,22.750495566666665,1.1276776296920177,0
600,mixed_confidence_satellite_real_fire,4,2,1,2,1,29.96169205,3.779097584279319,1
601,news_only_before_satellite,0,1,0,0,0,0.0,0.0,1
602,persistent_non_wildfire_heat_source,4,0,3,1,0,35.44311833333334,0.9232475341845889,0
603,high_confidence_satellite_false_positive,1,0,0,0,1,0.0,0.0,0
604,multi_satellite_real_fire,3,0,0,2,1,38.07891731666667,2.011378617389148,1
605,high_confidence_satellite_false_positive,1,0,0,0,1,0.0,0.0,0
606,nominal_satellite_with_news,2,1,0,2,0,5.099079316666666,2.045573594189522,1
607,mixed_confidence_non_fire_heat_source,2,0,1,0,1,6.8312398000000005,1.2250735536698605,0
608,news_rumor_no_fire,0,1,0,0,0,0.0,0.0,0
609,mixed_satellite_with_false_news,1,2,1,0,0,21.61454728333333,2.0836681033013402,0
610,low_confidence_satellite_noise,1,0,1,0,0,0.0,0.0,0
611,high_low_satellite_with_news_real_fire,3,1,3,0,0,23.990779999999997,2.843304931103228,1
612,mixed_confidence_satellite_real_fire,2,1,2,0,0,23.85373398333333,3.515078464723433,1
613,nominal_low_satellite_with_news_real_fire,2,1,1,1,0,33.256286949999996,2.235395506055491,1
614,high_confidence_satellite_false_positive,1,0,0,0,1,0.0,0.0,0
615,satellite_only_before_news,2,0,0,1,1,11.875025716666666,1.4348037580659647,1
616,multiple_news_same_false_alarm,0,2,0,0,0,22.29853363333333,0.6898626569862524,0
617,news_rumor_no_fire,0,1,0,0,0,0.0,0.0,0
618,multi_satellite_plus_multi_news,3,2,0,2,1,33.42818805,1.3526113434965468,1
619,correlated_satellite_news_false_alarm,2,1,0,2,0,11.744449083333334,1.8865146488291105,0
620,persistent_non_wildfire_heat_source,3,0,0,3,0,24.4976728,4.0818190453077,0
621,nominal_satellite_false_heat_source,2,0,0,2,0,1.1126246166666667,0.5329972576367089,0
622,mixed_satellite_with_false_news,2,1,0,0,2,17.828599866666664,3.0383077422128304,0
623,satellite_only_before_news,1,0,0,0,1,0.0,0.0,1
624,correlated_satellite_news_false_alarm,1,2,0,1,0,8.475005933333334,3.2581455338583996,0
625,correlated_satellite_news_false_alarm,1,2,1,0,0,8.771147633333333,0.8920002724969632,0
626,high_confidence_satellite_false_positive,1,0,0,0,1,0.0,0.0,0
627,mixed_confidence_non_fire_heat_source,3,0,2,0,1,21.306321416666666,1.4859964322289738,0
628,multi_confidence_persistent_real_fire,3,2,1,2,0,34.0770401,2.294011361627825,1
629,satellite_only_before_news,1,0,0,0,1,0.0,0.0,1
630,mixed_confidence_non_fire_heat_source,3,0,1,2,0,10.639832483333333,1.5689820845347764,0
631,multi_satellite_plus_multi_news,3,2,0,2,1,38.654615033333336,2.9154971352735313,1
632,multi_satellite_real_fire,3,0,0,2,1,19.34977213333333,2.1251896969899637,1
633,mixed_confidence_satellite_real_fire,4,1,1,3,0,37.034899966666664,2.5220490397425497,1
634,news_rumor_no_fire,0,1,0,0,0,0.0,0.0,0
635,mixed_confidence_non_fire_heat_source,3,0,0,3,0,8.909898349999999,1.240032397168137,0
636,satellite_only_before_news,2,0,0,2,0,7.0549244,2.582183656285045,1
637,low_confidence_satellite_noise,2,0,2,0,0,2.3003078,2.1136228804544923,0
638,high_low_satellite_false_alarm,2,1,0,0,2,10.456230833333333,0.9573923264133819,0
639,nominal_satellite_false_heat_source,2,0,0,2,0,12.30416355,0.6071435724455667,0
640,nominal_low_satellite_with_news_real_fire,2,2,2,0,0,21.072298049999997,1.9960404664235927,1
641,correlated_satellite_news_false_alarm,2,1,1,1,0,13.260243383333334,2.101849767442981,0
642,high_low_satellite_with_news_real_fire,3,1,1,0,2,20.825498583333335,3.375432208418978,1
643,nominal_low_satellite_with_news_real_fire,2,2,1,1,0,17.427109533333333,3.155573464769909,1
644,nominal_satellite_false_heat_source,2,0,0,2,0,1.8841592166666667,1.004627518674354,0
645,persistent_non_wildfire_heat_source,3,0,0,3,0,25.0048164,3.8929019125436346,0
646,multi_confidence_persistent_real_fire,4,0,1,1,2,28.554837000000003,3.016560628627674,1
647,news_only_before_satellite,0,1,0,0,0,0.0,0.0,1
648,multi_satellite_real_fire,2,0,0,1,1,23.927075866666666,1.7227655002073585,1
649,multi_satellite_real_fire,4,0,0,4,0,40.79954255,3.5268228262524572,1
650,high_confidence_satellite_false_positive,1,0,0,0,1,0.0,0.0,0
651,news_rumor_no_fire,0,1,0,0,0,0.0,0.0,0
652,nominal_satellite_with_news,1,2,0,1,0,31.9434188,1.4704939243826052,1
653,high_confidence_satellite_with_news,2,2,0,0,2,5.0207906,2.935660718608861,1
654,high_confidence_satellite_false_positive,1,0,0,0,1,0.0,0.0,0
655,mixed_confidence_satellite_real_fire,4,2,0,2,2,37.2307464,2.867653254625592,1
656,mixed_satellite_with_false_news,2,2,1,0,1,27.852667016666665,3.0218871342656173,0
657,mixed_confidence_satellite_real_fire,3,2,1,0,2,22.51229485,3.0890074478585734,1
658,high_confidence_satellite_with_news,1,1,0,0,1,21.556523733333332,0.3232687222474356,1
659,nominal_satellite_with_news,2,2,0,2,0,24.016445316666665,3.7372193642641007,1
660,nominal_satellite_with_news,1,1,0,1,0,4.579832616666667,2.926455670508808,1
661,mixed_confidence_non_fire_heat_source,3,0,3,0,0,8.491237216666667,1.5144235113744648,0
662,multi_satellite_plus_multi_news,3,3,0,3,0,47.207143083333335,2.82595182269076,1
663,high_confidence_satellite_with_news,3,1,0,0,3,15.705962866666665,1.1154428905206628,1
664,multiple_news_same_false_alarm,0,4,0,0,0,33.1353205,0.88482710079406,0
665,nominal_satellite_with_news,2,1,0,2,0,10.122564016666667,1.381008173014849,1
666,nominal_satellite_false_heat_source,2,0,0,2,0,9.01542945,0.6844021059736817,0
667,high_low_satellite_with_news_real_fire,2,2,0,0,2,32.06702285,1.6922066069098365,1
668,multi_satellite_real_fire,3,0,0,3,0,40.79337613333333,1.784065052571196,1
669,correlated_satellite_news_false_alarm,2,1,2,0,0,17.862380566666666,1.286882881096767,0
670,correlated_satellite_news_false_alarm,2,2,1,1,0,21.513045299999998,1.1583371610097384,0
671,multi_satellite_real_fire,2,0,0,1,1,3.5493929499999997,2.412026085400183,1
672,high_confidence_satellite_false_positive,1,0,0,0,1,0.0,0.0,0
673,high_confidence_satellite_false_positive,1,0,0,0,1,0.0,0.0,0
674,news_rumor_no_fire,0,1,0,0,0,0.0,0.0,0
675,high_low_satellite_with_news_real_fire,2,2,2,0,0,20.5151879,2.002728780969467,1
676,high_low_satellite_false_alarm,2,1,1,0,1,18.4848492,2.590805662674322,0
677,mixed_confidence_non_fire_heat_source,3,0,2,0,1,6.548913083333333,2.0674615313482048,0
678,multi_satellite_plus_multi_news,4,3,0,0,4,38.42362848333333,2.7123363591977103,1
679,mixed_satellite_with_false_news,1,2,1,0,0,14.158995216666666,0.6496128284128575,0
680,correlated_satellite_news_false_alarm,2,1,0,2,0,25.450820633333333,2.0598299115650365,0
681,nominal_satellite_with_news,1,2,0,1,0,12.045808133333333,2.9223507429478506,1
682,mixed_satellite_with_false_news,3,1,2,1,0,13.466876733333333,2.848955749302874,0
683,mixed_confidence_satellite_real_fire,2,1,2,0,0,17.548732083333334,1.1014088996712226,1
684,high_confidence_satellite_with_news,1,2,0,0,1,19.402496016666664,1.858164928581797,1
685,satellite_only_before_news,1,0,0,1,0,0.0,0.0,1
686,persistent_non_wildfire_heat_source,4,0,1,3,0,15.801633683333334,2.824894042068948,0
687,satellite_only_before_news,1,0,0,1,0,0.0,0.0,1
688,mixed_satellite_with_false_news,3,1,0,2,1,20.20391155,2.0466975108482686,0
689,mixed_confidence_non_fire_heat_source,4,0,3,1,0,28.395491250000003,1.3789517039141734,0
690,multi_satellite_plus_multi_news,2,2,0,2,0,38.8921852,2.330089748018522,1
691,multi_confidence_persistent_real_fire,5,1,2,2,1,34.415300583333334,2.0915815632044534,1
692,high_low_satellite_with_news_real_fire,3,2,2,0,1,20.177890100000003,2.4247512125764783,1
693,multiple_news_same_false_alarm,0,3,0,0,0,19.221181283333333,1.3971712146535875,0
694,low_confidence_satellite_noise,1,0,1,0,0,0.0,0.0,0
695,news_rumor_no_fire,0,1,0,0,0,0.0,0.0,0
696,nominal_low_satellite_with_news_real_fire,2,1,2,0,0,11.528275,0.451844818165347,1
697,correlated_satellite_news_false_alarm,1,2,1,0,0,3.1499344500000004,1.8591920218439524,0
698,multiple_news_same_false_alarm,0,2,0,0,0,2.238272283333333,0.1876932035207297,0
699,news_only_before_satellite,0,1,0,0,0,0.0,0.0,1
700,news_rumor_no_fire,0,1,0,0,0,0.0,0.0,0
701,high_confidence_satellite_with_news,2,2,0,0,2,27.350209016666668,1.872520774021656,1
702,nominal_satellite_with_news,2,1,0,2,0,27.749845433333334,1.298876512798975,1
703,nominal_low_satellite_with_news_real_fire,3,1,1,2,0,23.839020033333334,1.703958279909958,1
704,multi_satellite_real_fire,3,0,0,1,2,16.815633716666667,1.3214061586174222,1
705,persistent_non_wildfire_heat_source,4,0,2,2,0,31.727453333333337,1.9562318141118529,0
706,mixed_confidence_non_fire_heat_source,3,0,2,0,1,13.0419984,2.232938990508434,0
707,low_confidence_satellite_noise,1,0,1,0,0,0.0,0.0,0
708,satellite_only_before_news,1,0,0,1,0,0.0,0.0,1
709,high_confidence_satellite_false_positive,1,0,0,0,1,0.0,0.0,0
710,mixed_satellite_with_false_news,3,2,1,1,1,18.085608433333334,3.359540390103449,0
711,mixed_confidence_satellite_real_fire,4,2,2,2,0,28.887181166666668,3.4921947652086165,1
712,multi_confidence_persistent_real_fire,5,2,1,2,2,35.26898413333333,1.8100428461119453,1
713,high_confidence_satellite_false_positive,1,0,0,0,1,0.0,0.0,0
714,high_low_satellite_with_news_real_fire,3,1,2,0,1,20.224874933333336,2.721463158188845,1
715,persistent_non_wildfire_heat_source,2,0,0,2,0,36.257627416666665,0.9717596975444737,0
716,mixed_confidence_non_fire_heat_source,2,0,1,0,1,20.8151448,0.2931321939897358,0
717,news_only_before_satellite,0,1,0,0,0,0.0,0.0,1
718,nominal_satellite_false_heat_source,2,0,0,2,0,5.013821516666667,0.9754711145723147,0
719,high_low_satellite_false_alarm,3,0,2,0,1,2.573915216666667,1.6925075413237947,0
720,satellite_only_before_news,2,0,0,0,2,2.1623564,1.1110213705996923,1
721,mixed_satellite_with_false_news,1,2,1,0,0,17.357557633333332,2.084011146297814,0
722,multi_confidence_persistent_real_fire,4,0,0,2,2,26.297943583333332,2.7308849685430423,1
723,multi_confidence_persistent_real_fire,5,1,3,1,1,30.435782116666665,2.4805563795913153,1
724,nominal_satellite_false_heat_source,1,0,0,1,0,0.0,0.0,0
725,high_confidence_satellite_false_positive,1,0,0,0,1,0.0,0.0,0
726,high_low_satellite_false_alarm,2,0,2,0,0,19.460970983333333,0.8814659582748585,0
727,nominal_low_satellite_with_news_real_fire,2,1,1,1,0,11.645031983333332,2.1470340521230704,1
728,high_confidence_satellite_false_positive,1,0,0,0,1,0.0,0.0,0
729,high_low_satellite_with_news_real_fire,2,1,2,0,0,12.605276533333333,3.2240603589463968,1
730,nominal_low_satellite_with_news_real_fire,3,2,3,0,0,29.07618461666667,2.2008374619288427,1
731,high_confidence_satellite_false_positive,1,0,0,0,1,0.0,0.0,0
732,news_rumor_no_fire,0,1,0,0,0,0.0,0.0,0
733,persistent_non_wildfire_heat_source,3,0,1,2,0,43.48009771666667,1.7769144699828883,0
734,correlated_satellite_news_false_alarm,2,1,1,1,0,8.739323383333334,0.7603355313037247,0
735,correlated_satellite_news_false_alarm,2,2,2,0,0,20.940629116666667,2.997163814039637,0
736,persistent_non_wildfire_heat_source,4,0,1,3,0,26.2640729,3.2004955714955545,0
737,news_rumor_no_fire,0,1,0,0,0,0.0,0.0,0
738,nominal_satellite_with_news,2,1,0,2,0,29.752279416666667,2.7259588651435895,1
739,multi_confidence_persistent_real_fire,3,0,2,0,1,35.9562185,2.471560382393427,1
740,multi_satellite_real_fire,2,0,0,1,1,12.514058716666666,1.81816010793664,1
741,multiple_news_same_false_alarm,0,3,0,0,0,30.165804266666665,1.2413675777201427,0
742,mixed_confidence_non_fire_heat_source,4,0,1,0,3,15.476618983333333,1.811382489036662,0
743,high_confidence_satellite_false_positive,1,0,0,0,1,0.0,0.0,0
744,correlated_satellite_news_false_alarm,2,2,2,0,0,22.6351211,2.3174020624469094,0
745,nominal_satellite_false_heat_source,2,0,0,2,0,11.34054365,1.1503564328858817,0
746,high_low_satellite_with_news_real_fire,3,2,1,0,2,25.403518266666666,1.698713386087836,1
747,multi_confidence_persistent_real_fire,5,2,1,3,1,41.7148867,3.146691044626454,1
748,high_confidence_satellite_false_positive,1,0,0,0,1,0.0,0.0,0
749,multi_satellite_plus_multi_news,4,3,0,1,3,44.34245318333333,3.8393995435589945,1
750,mixed_confidence_satellite_real_fire,4,2,3,0,1,15.287766549999999,2.29856807994016,1
751,multiple_news_same_false_alarm,0,3,0,0,0,23.351140466666667,0.8508072841686828,0
752,news_only_before_satellite,0,2,0,0,0,22.451773083333332,0.5846748225263305,1
753,news_rumor_no_fire,0,1,0,0,0,0.0,0.0,0
754,high_confidence_satellite_with_news,1,2,0,0,1,6.431911483333334,1.8854294606117965,1
755,nominal_satellite_false_heat_source,1,0,0,1,0,0.0,0.0,0
756,multi_satellite_real_fire,4,0,0,3,1,26.8262306,2.9398369511446383,1
757,high_confidence_satellite_false_positive,1,0,0,0,1,0.0,0.0,0
758,low_confidence_satellite_noise,1,0,1,0,0,0.0,0.0,0
759,news_rumor_no_fire,0,1,0,0,0,0.0,0.0,0
760,multi_satellite_plus_multi_news,3,2,0,1,2,43.39546748333333,3.008966273061557,1
761,high_confidence_satellite_with_news,3,2,0,0,3,24.707676483333334,2.998398528470974,1
762,multiple_news_same_false_alarm,0,3,0,0,0,32.351403383333334,0.49655737037130926,0
763,news_only_before_satellite,0,2,0,0,0,6.3436943333333335,1.042481960517147,1
764,persistent_non_wildfire_heat_source,2,0,1,1,0,20.09896205,0.16151935387924155,0
765,multiple_news_same_false_alarm,0,2,0,0,0,4.76617195,0.44007916146859427,0
766,mixed_confidence_non_fire_heat_source,4,0,1,2,1,18.924980066666667,1.8311020829746625,0
767,persistent_non_wildfire_heat_source,3,0,1,2,0,14.325794199999999,2.620550161427714,0
768,multi_confidence_persistent_real_fire,3,0,1,0,2,22.7351707,2.2041241742937334,1
769,low_confidence_satellite_noise,1,0,1,0,0,0.0,0.0,0
770,mixed_confidence_non_fire_heat_source,3,0,2,1,0,26.560816816666666,0.8390608956755434,0
771,mixed_confidence_non_fire_heat_source,3,0,0,3,0,17.043886699999998,1.4719395334565917,0
772,mixed_confidence_non_fire_heat_source,3,0,2,0,1,4.679578,1.4888613586048074,0
773,nominal_satellite_false_heat_source,2,0,0,2,0,12.758397166666667,0.27324931739266717,0
774,high_low_satellite_with_news_real_fire,3,2,2,0,1,16.674600033333334,2.123628780528302,1
775,high_low_satellite_with_news_real_fire,3,1,0,0,3,18.376691316666665,1.2301709288130132,1
776,high_confidence_satellite_with_news,2,2,0,0,2,27.516316766666666,2.942149467710265,1
777,high_low_satellite_with_news_real_fire,3,1,2,0,1,6.851394466666666,1.4742123272997167,1
778,satellite_only_before_news,1,0,0,1,0,0.0,0.0,1
779,multi_confidence_persistent_real_fire,3,1,1,0,2,26.701301366666666,1.6799594546367842,1
780,nominal_satellite_with_news,1,2,0,1,0,29.243102333333333,2.7296313352002373,1
781,persistent_non_wildfire_heat_source,3,0,2,1,0,34.14772971666666,2.4253313996824675,0
782,low_confidence_satellite_noise,1,0,1,0,0,0.0,0.0,0
783,low_confidence_satellite_noise,1,0,1,0,0,0.0,0.0,0
784,satellite_only_before_news,1,0,0,1,0,0.0,0.0,1
785,persistent_non_wildfire_heat_source,2,0,1,1,0,4.6599702,2.2651278137319166,0
786,correlated_satellite_news_false_alarm,1,1,1,0,0,6.3267184,0.02668161669603789,0
787,nominal_satellite_with_news,1,1,0,1,0,0.9192891833333333,3.020744931125704,1
788,news_only_before_satellite,0,2,0,0,0,12.744346366666667,0.40948162344853717,1
789,low_confidence_satellite_noise,2,0,2,0,0,22.93394235,0.9145283268134276,0
790,nominal_low_satellite_with_news_real_fire,3,1,3,0,0,33.295204033333334,1.631782055671588,1
791,multi_confidence_persistent_real_fire,3,2,1,0,2,30.1670615,2.1542336132273587,1
792,high_confidence_satellite_false_positive,1,0,0,0,1,0.0,0.0,0
793,news_rumor_no_fire,0,1,0,0,0,0.0,0.0,0
794,multi_satellite_real_fire,2,0,0,1,1,21.578996416666666,0.7961183057951443,1
795,persistent_non_wildfire_heat_source,2,0,0,2,0,4.101981883333333,1.691939954349863,0
796,high_confidence_satellite_with_news,2,2,0,0,2,28.124391366666668,2.6636974550420427,1
797,satellite_only_before_news,1,0,0,1,0,0.0,0.0,1
798,correlated_satellite_news_false_alarm,2,1,1,1,0,24.8494745,0.988718032655398,0
799,nominal_satellite_with_news,2,1,0,2,0,7.102844483333333,2.2520332045715477,1
800,persistent_non_wildfire_heat_source,4,0,3,1,0,21.550409466666668,3.760229025607767,0
801,mixed_satellite_with_false_news,2,2,1,0,1,17.29428865,2.600354960960593,0
802,nominal_satellite_with_news,2,1,0,2,0,10.308339233333333,1.4219204429580492,1
803,satellite_only_before_news,2,0,0,1,1,4.034472833333333,1.5194185167799605,1
804,low_confidence_satellite_noise,2,0,2,0,0,12.43886655,1.7969585729299682,0
805,high_confidence_satellite_with_news,1,1,0,0,1,16.0424398,1.1721967506698123,1
806,news_rumor_no_fire,0,1,0,0,0,0.0,0.0,0
807,low_confidence_satellite_noise,3,0,3,0,0,23.571656916666665,1.617907302754314,0
808,nominal_low_satellite_with_news_real_fire,2,2,0,2,0,24.1208399,2.5632005660200345,1
809,multi_satellite_plus_multi_news,3,3,0,0,3,29.77416798333333,4.055949004826523,1
810,multi_satellite_real_fire,4,0,0,3,1,38.733982983333334,3.4231746308515256,1
811,mixed_satellite_with_false_news,3,1,1,0,2,20.373700783333334,2.2948184168921553,0
812,multi_confidence_persistent_real_fire,5,0,2,1,2,47.12606316666667,2.846738470450962,1
813,mixed_confidence_satellite_real_fire,4,1,2,0,2,29.555052033333332,2.4942016211389086,1
814,high_low_satellite_false_alarm,3,0,1,0,2,25.025940966666667,3.117872156499867,0
815,persistent_non_wildfire_heat_source,4,0,3,1,0,41.61757443333333,1.9136377782401675,0
816,mixed_satellite_with_false_news,1,2,0,1,0,30.40161638333333,1.1380023405176811,0
817,mixed_confidence_satellite_real_fire,2,1,1,1,0,8.397996666666666,2.7661715468523873,1
818,nominal_satellite_false_heat_source,2,0,0,2,0,2.0949943166666665,1.3228344116429467,0
819,news_rumor_no_fire,0,1,0,0,0,0.0,0.0,0
820,high_confidence_satellite_with_news,3,1,0,0,3,5.808183,1.5347664861875847,1
821,nominal_low_satellite_with_news_real_fire,2,2,0,2,0,6.5006861166666665,2.0932063554857128,1
822,multi_satellite_real_fire,4,0,0,1,3,28.825760933333335,3.5828609025312868,1
823,high_low_satellite_with_news_real_fire,3,1,1,0,2,19.296977583333334,2.808386900824704,1
824,persistent_non_wildfire_heat_source,3,0,2,1,0,31.207556983333333,1.1479272522943835,0
825,multi_satellite_real_fire,2,0,0,2,0,9.552276833333334,1.7064900641191707,1
826,multiple_news_same_false_alarm,0,2,0,0,0,17.416087933333333,1.820020578903995,0
827,nominal_low_satellite_with_news_real_fire,3,2,1,2,0,28.80845565,3.663259120421899,1
828,mixed_satellite_with_false_news,3,1,2,0,1,13.798278183333334,2.3978093869652053,0
829,high_low_satellite_with_news_real_fire,2,2,1,0,1,17.57411826666667,2.380706301699169,1
830,multi_satellite_real_fire,2,0,0,1,1,0.010971116666666668,0.8080143080318399,1
831,news_rumor_no_fire,0,1,0,0,0,0.0,0.0,0
832,mixed_confidence_satellite_real_fire,2,0,1,1,0,23.63568528333333,1.6756477518022497,1
833,multi_satellite_real_fire,2,0,0,0,2,17.521277033333334,0.5874624093303928,1
834,multi_confidence_persistent_real_fire,3,0,1,0,2,34.094563,2.5589501807200667,1
835,high_low_satellite_with_news_real_fire,2,2,1,0,1,23.412844283333335,3.062957947988696,1
836,mixed_confidence_non_fire_heat_source,4,0,0,2,2,24.743843733333332,1.2346419795571388,0
837,multi_confidence_persistent_real_fire,5,1,2,3,0,42.42041711666666,2.6692764253004553,1
838,low_confidence_satellite_noise,3,0,3,0,0,18.973942700000002,1.6372594415443278,0
839,mixed_confidence_non_fire_heat_source,4,0,1,2,1,15.210666266666667,2.5252305094598464,0
840,high_confidence_satellite_false_positive,1,0,0,0,1,0.0,0.0,0
841,correlated_satellite_news_false_alarm,2,1,1,1,0,18.24374915,2.9351481525049454,0
842,low_confidence_satellite_noise,1,0,1,0,0,0.0,0.0,0
843,multi_satellite_plus_multi_news,3,3,0,2,1,35.305003850000006,2.541547429413004,1
844,high_confidence_satellite_false_positive,1,0,0,0,1,0.0,0.0,0
845,news_rumor_no_fire,0,1,0,0,0,0.0,0.0,0
846,high_confidence_satellite_false_positive,1,0,0,0,1,0.0,0.0,0
847,multi_confidence_persistent_real_fire,3,2,1,1,1,25.25032545,2.9016896981592746,1
848,news_only_before_satellite,0,2,0,0,0,13.027656583333334,0.9434441303164417,1
849,high_low_satellite_false_alarm,2,1,1,0,1,23.7321369,2.9231578796969875,0
850,high_confidence_satellite_with_news,3,1,0,0,3,21.830903366666668,2.1268856940378837,1
851,mixed_satellite_with_false_news,2,2,0,1,1,22.722062083333334,2.043264411863478,0
852,mixed_confidence_non_fire_heat_source,3,0,2,1,0,13.827926866666667,1.18309262910958,0
853,mixed_confidence_non_fire_heat_source,4,0,2,0,2,16.678102783333333,1.4875477393083107,0
854,mixed_confidence_non_fire_heat_source,3,0,1,1,1,8.553608633333333,2.030053245170296,0
855,satellite_only_before_news,2,0,0,2,0,5.959458166666667,1.9095748773914447,1
856,multi_confidence_persistent_real_fire,3,2,2,0,1,41.450331283333334,2.506874965871261,1
857,mixed_satellite_with_false_news,2,1,1,1,0,20.469484150000003,1.0406626281189286,0
858,nominal_satellite_with_news,1,2,0,1,0,15.7267377,1.5506922493999231,1
859,high_low_satellite_with_news_real_fire,2,1,1,0,1,13.442676516666667,2.582465588122597,1
860,multiple_news_same_false_alarm,0,4,0,0,0,37.92280246666667,1.1080672964307376,0
861,correlated_satellite_news_false_alarm,1,1,0,1,0,3.4912661166666665,1.8733682607510025,0
862,mixed_confidence_non_fire_heat_source,3,0,2,0,1,6.82583605,1.797906424095465,0
863,mixed_confidence_satellite_real_fire,4,1,0,3,1,32.432758283333335,1.5848295005297262,1
864,low_confidence_satellite_noise,1,0,1,0,0,0.0,0.0,0
865,high_low_satellite_with_news_real_fire,3,2,2,0,1,25.8816953,1.9878645383906544,1
866,nominal_satellite_false_heat_source,2,0,0,2,0,10.812312033333335,0.38966380566698805,0
867,nominal_low_satellite_with_news_real_fire,2,1,1,1,0,4.95609355,2.4774878054913105,1
868,news_rumor_no_fire,0,1,0,0,0,0.0,0.0,0
869,high_low_satellite_false_alarm,3,0,3,0,0,17.361920333333334,1.0085767172185403,0
870,low_confidence_satellite_noise,3,0,3,0,0,12.179572683333333,2.8513398363489464,0
871,high_confidence_satellite_false_positive,1,0,0,0,1,0.0,0.0,0
872,persistent_non_wildfire_heat_source,2,0,0,2,0,28.44332148333333,1.6860260865108556,0
873,multi_confidence_persistent_real_fire,5,2,0,2,3,44.34820511666667,3.0852358097725023,1
874,high_low_satellite_with_news_real_fire,3,1,2,0,1,30.3612437,1.7462065779915845,1
875,multi_confidence_persistent_real_fire,5,1,1,2,2,46.853217650000005,3.5626259538164664,1
876,nominal_satellite_false_heat_source,1,0,0,1,0,0.0,0.0,0
877,multi_satellite_real_fire,2,0,0,2,0,3.5480124833333333,4.040129063809029,1
878,nominal_low_satellite_with_news_real_fire,3,1,2,1,0,15.57967265,2.543376219049929,1
879,news_rumor_no_fire,0,1,0,0,0,0.0,0.0,0
880,high_confidence_satellite_false_positive,1,0,0,0,1,0.0,0.0,0
881,nominal_low_satellite_with_news_real_fire,3,2,1,2,0,30.155538633333332,2.6814052265074415,1
882,nominal_low_satellite_with_news_real_fire,2,2,2,0,0,21.697763466666668,2.491125013382075,1
883,multi_confidence_persistent_real_fire,3,0,2,1,0,10.230087283333335,2.097919839467988,1
884,low_confidence_satellite_noise,1,0,1,0,0,0.0,0.0,0
885,persistent_non_wildfire_heat_source,4,0,3,1,0,48.83279808333334,2.1667136061773875,0
886,satellite_only_before_news,2,0,0,1,1,7.136348683333334,0.9889074887587503,1
887,high_confidence_satellite_false_positive,1,0,0,0,1,0.0,0.0,0
888,nominal_satellite_false_heat_source,1,0,0,1,0,0.0,0.0,0
889,mixed_confidence_non_fire_heat_source,4,0,0,2,2,24.734035533333333,2.5890816271060837,0
890,news_only_before_satellite,0,2,0,0,0,0.30365796666666667,1.4506983299797416,1
891,nominal_low_satellite_with_news_real_fire,3,2,0,3,0,20.90921975,0.7610972575875244,1
892,low_confidence_satellite_noise,3,0,3,0,0,17.00209956666667,0.7388411521354471,0
893,mixed_confidence_satellite_real_fire,4,2,0,2,2,40.77690165,1.8668955779872602,1
894,correlated_satellite_news_false_alarm,1,2,1,0,0,13.898948816666666,1.485122444655165,0
895,multiple_news_same_false_alarm,0,3,0,0,0,37.058252450000005,1.490653129206907,0
896,persistent_non_wildfire_heat_source,3,0,1,2,0,16.226284166666666,3.3282127623417423,0
897,multiple_news_same_false_alarm,0,4,0,0,0,20.54353775,0.7966742476150546,0
898,news_rumor_no_fire,0,1,0,0,0,0.0,0.0,0
899,low_confidence_satellite_noise,3,0,3,0,0,11.237107933333334,2.118326749394851,0
900,multi_satellite_plus_multi_news,3,2,0,2,1,38.59259545,2.544812550628699,1
901,persistent_non_wildfire_heat_source,3,0,1,2,0,34.5673058,2.0119498622000975,0
902,multi_confidence_persistent_real_fire,4,0,1,1,2,31.4009794,1.693400587990752,1
903,mixed_satellite_with_false_news,2,2,1,1,0,16.49289155,2.398955264923862,0
904,nominal_satellite_with_news,2,2,0,2,0,18.568803316666667,1.4412282142221184,1
905,nominal_satellite_false_heat_source,1,0,0,1,0,0.0,0.0,0
906,satellite_only_before_news,2,0,0,1,1,3.46530945,1.4675682572065716,1
907,multi_satellite_plus_multi_news,2,3,0,1,1,29.834910883333336,3.406038270046788,1
908,nominal_satellite_with_news,2,1,0,2,0,29.264413333333334,2.3280978680423323,1
909,multi_satellite_real_fire,2,0,0,2,0,29.0859911,2.7254344413390097,1
910,high_low_satellite_false_alarm,3,1,0,0,3,15.871979266666667,2.2836536482748206,0
911,low_confidence_satellite_noise,3,0,3,0,0,33.259414416666665,2.2544306282957227,0
912,high_confidence_satellite_false_positive,1,0,0,0,1,0.0,0.0,0
913,nominal_satellite_with_news,2,2,0,2,0,37.18216935,3.102853182129845,1
914,multi_satellite_plus_multi_news,4,3,0,2,2,32.204246383333334,2.887786886571254,1
915,nominal_satellite_false_heat_source,1,0,0,1,0,0.0,0.0,0
916,low_confidence_satellite_noise,1,0,1,0,0,0.0,0.0,0
917,nominal_low_satellite_with_news_real_fire,2,2,2,0,0,33.30223926666667,3.5841166233126533,1
918,multi_satellite_real_fire,2,0,0,2,0,2.374218716666667,1.116146300643523,1
919,mixed_confidence_satellite_real_fire,3,1,0,0,3,19.472039833333334,2.547126891304216,1
920,low_confidence_satellite_noise,3,0,3,0,0,9.494894816666665,1.7505519241925456,0
921,persistent_non_wildfire_heat_source,2,0,1,1,0,35.48994183333333,1.6711933557713095,0
922,high_confidence_satellite_with_news,3,1,0,0,3,17.557154833333335,0.42628238839625665,1
923,multi_confidence_persistent_real_fire,5,0,2,1,2,30.866544616666665,2.567529895448795,1
924,nominal_satellite_with_news,2,2,0,2,0,24.919753033333333,1.7374679625979952,1
925,nominal_satellite_with_news,1,2,0,1,0,18.707862816666665,2.158378219102658,1
926,high_low_satellite_false_alarm,2,1,1,0,1,13.829153683333335,2.0333085019471295,0
927,low_confidence_satellite_noise,1,0,1,0,0,0.0,0.0,0
928,multiple_news_same_false_alarm,0,3,0,0,0,30.75668906666667,1.7754678025426744,0
929,high_confidence_satellite_with_news,1,2,0,0,1,15.916702299999999,2.622921118379798,1
930,multi_satellite_plus_multi_news,4,3,0,1,3,45.653546266666666,1.9348229465089404,1
931,nominal_satellite_false_heat_source,1,0,0,1,0,0.0,0.0,0
932,high_confidence_satellite_with_news,3,1,0,0,3,17.5004654,2.6682021037477575,1
933,high_low_satellite_with_news_real_fire,2,2,0,0,2,20.693230116666665,2.523499881802949,1
934,low_confidence_satellite_noise,2,0,2,0,0,21.832164766666665,1.2735036633256687,0
935,nominal_satellite_false_heat_source,1,0,0,1,0,0.0,0.0,0
936,correlated_satellite_news_false_alarm,2,1,1,1,0,26.422485216666665,1.8890671303544313,0
937,high_low_satellite_false_alarm,3,1,2,0,1,8.019723533333332,2.707392133929089,0
938,high_low_satellite_with_news_real_fire,3,1,1,0,2,25.293604133333336,2.213318588512715,1
939,mixed_satellite_with_false_news,2,2,1,0,1,16.741986816666667,3.6225639048314004,0
940,multiple_news_same_false_alarm,0,3,0,0,0,24.401574116666666,1.6989430555156582,0
941,mixed_satellite_with_false_news,3,1,2,1,0,14.5045514,2.316968343297486,0
942,nominal_low_satellite_with_news_real_fire,2,1,1,1,0,30.331038666666664,1.6814252607113027,1
943,nominal_satellite_with_news,1,2,0,1,0,17.642018083333333,2.0002334391877783,1
944,news_rumor_no_fire,0,1,0,0,0,0.0,0.0,0
945,mixed_confidence_non_fire_heat_source,4,0,3,0,1,8.71674595,1.0533041758722543,0
946,news_only_before_satellite,0,1,0,0,0,0.0,0.0,1
947,low_confidence_satellite_noise,1,0,1,0,0,0.0,0.0,0
948,multiple_news_same_false_alarm,0,4,0,0,0,27.318927016666667,1.223763720491392,0
949,satellite_only_before_news,1,0,0,0,1,0.0,0.0,1
950,high_confidence_satellite_false_positive,1,0,0,0,1,0.0,0.0,0
951,nominal_low_satellite_with_news_real_fire,3,2,2,1,0,7.79671225,2.520277740112483,1
952,nominal_satellite_with_news,1,2,0,1,0,8.282594083333333,1.6599103064780192,1
953,nominal_low_satellite_with_news_real_fire,2,1,1,1,0,27.487651683333336,2.1970013999960014,1
954,mixed_confidence_satellite_real_fire,3,0,0,0,3,8.743102166666667,3.2319530989348926,1
955,high_confidence_satellite_with_news,3,2,0,0,3,20.921124383333332,2.729806636627047,1
956,high_confidence_satellite_false_positive,1,0,0,0,1,0.0,0.0,0
957,nominal_satellite_with_news,1,2,0,1,0,26.925668133333332,2.9444687475518694,1
958,nominal_satellite_false_heat_source,1,0,0,1,0,0.0,0.0,0
959,mixed_confidence_non_fire_heat_source,2,0,2,0,0,12.863468600000001,1.3513309922304861,0
960,nominal_satellite_false_heat_source,2,0,0,2,0,6.3412916500000005,0.80126735501622,0
961,mixed_confidence_non_fire_heat_source,4,0,1,3,0,20.287723449999998,2.4188549898349545,0
962,persistent_non_wildfire_heat_source,3,0,0,3,0,36.585012883333334,2.736210843754641,0
963,mixed_satellite_with_false_news,2,2,2,0,0,30.60601105,1.0996401904224513,0
964,news_only_before_satellite,0,1,0,0,0,0.0,0.0,1
965,nominal_satellite_false_heat_source,1,0,0,1,0,0.0,0.0,0
966,nominal_satellite_with_news,1,2,0,1,0,14.510846416666668,2.7054439544291626,1
967,correlated_satellite_news_false_alarm,2,1,0,2,0,7.424331233333334,0.947956434421861,0
968,multi_satellite_real_fire,4,0,0,4,0,34.12846723333333,3.599499591034177,1
969,multi_satellite_plus_multi_news,2,2,0,2,0,23.138428933333334,3.0503492394705027,1
970,mixed_confidence_satellite_real_fire,4,0,1,1,2,20.608017866666668,2.6324686577231593,1
971,low_confidence_satellite_noise,2,0,2,0,0,11.338987766666666,1.4605578072727832,0
972,multi_satellite_real_fire,3,0,0,1,2,14.879323466666667,2.451473478045374,1
973,news_rumor_no_fire,0,1,0,0,0,0.0,0.0,0
974,high_low_satellite_with_news_real_fire,3,1,0,0,3,12.387535233333333,2.4679788864371313,1
975,nominal_low_satellite_with_news_real_fire,2,1,2,0,0,16.430539033333336,2.8204932522591584,1
976,news_only_before_satellite,0,1,0,0,0,0.0,0.0,1
977,low_confidence_satellite_noise,1,0,1,0,0,0.0,0.0,0
978,high_confidence_satellite_false_positive,1,0,0,0,1,0.0,0.0,0
979,satellite_only_before_news,2,0,0,1,1,5.1158586,0.5392409515033697,1
980,high_confidence_satellite_with_news,2,1,0,0,2,11.632217416666666,0.913301843802452,1
981,mixed_satellite_with_false_news,1,2,0,1,0,4.523643933333333,2.0736865509520928,0
982,news_only_before_satellite,0,2,0,0,0,10.227604433333333,0.4621581908014824,1
983,satellite_only_before_news,1,0,0,0,1,0.0,0.0,1
984,multi_satellite_real_fire,4,0,0,1,3,16.523909533333335,2.1892765436069213,1
985,high_low_satellite_with_news_real_fire,3,1,2,0,1,25.43111565,2.476266572585435,1
986,satellite_only_before_news,2,0,0,0,2,5.149384100000001,0.3091614166221014,1
987,high_confidence_satellite_false_positive,1,0,0,0,1,0.0,0.0,0
988,correlated_satellite_news_false_alarm,2,2,0,2,0,28.194174383333333,2.1409338300217033,0
989,persistent_non_wildfire_heat_source,4,0,3,1,0,22.36030913333333,2.5721601845029882,0
990,mixed_satellite_with_false_news,1,2,0,0,1,19.75047161666667,1.0900497881856401,0
991,persistent_non_wildfire_heat_source,4,0,1,3,0,24.816069183333333,3.0488078805028525,0
992,multiple_news_same_false_alarm,0,4,0,0,0,28.40894525,1.1329735769660485,0
993,high_low_satellite_false_alarm,3,0,3,0,0,25.56583936666667,1.1754597308844668,0
994,low_confidence_satellite_noise,2,0,2,0,0,17.853798383333334,0.7383103853355913,0
995,high_confidence_satellite_with_news,2,2,0,0,2,17.462980616666666,2.8561246679313133,1
996,multi_satellite_plus_multi_news,4,3,0,2,2,40.31355161666667,3.355066439138856,1
997,high_confidence_satellite_false_positive,1,0,0,0,1,0.0,0.0,0
998,persistent_non_wildfire_heat_source,4,0,1,3,0,35.671555483333336,3.1261035382348217,0
999,high_low_satellite_with_news_real_fire,2,1,0,0,2,19.286980983333333,0.7507149872103315,1
1000,news_only_before_satellite,0,1,0,0,0,0.0,0.0,1
1001,mixed_satellite_with_false_news,2,2,1,1,0,8.482052833333334,2.5323136594963906,0
1002,high_confidence_satellite_with_news,3,2,0,0,3,26.088048566666664,2.221966836090111,1
1003,low_confidence_satellite_noise,3,0,3,0,0,35.96488588333333,2.5163097160726053,0
1004,nominal_satellite_with_news,2,2,0,2,0,18.728497016666665,3.1833062129076124,1
1005,nominal_satellite_with_news,2,2,0,2,0,14.085014716666667,3.0092658268049024,1
1006,nominal_satellite_with_news,2,2,0,2,0,35.301431283333336,2.6466453964867878,1
1007,mixed_satellite_with_false_news,2,1,0,1,1,7.6514054,2.8023797816000955,0
1008,news_only_before_satellite,0,2,0,0,0,3.4217043,0.7757103710304852,1
1009,high_low_satellite_false_alarm,3,1,3,0,0,14.914873349999999,2.656116770835073,0
1010,correlated_satellite_news_false_alarm,2,2,0,2,0,23.313968783333333,1.7816945803026019,0
1011,multi_satellite_plus_multi_news,3,3,0,2,1,30.485016783333332,2.8651190368081996,1
1012,multi_satellite_real_fire,3,0,0,2,1,25.28343166666667,1.4273427079546028,1
1013,nominal_low_satellite_with_news_real_fire,2,1,1,1,0,25.722070483333333,1.5835182093764513,1
1014,nominal_satellite_false_heat_source,2,0,0,2,0,7.9319645,0.4879772054340169,0
1015,news_only_before_satellite,0,1,0,0,0,0.0,0.0,1
1016,mixed_confidence_non_fire_heat_source,3,0,0,2,1,15.255141149999998,2.5336135621855993,0
1017,high_confidence_satellite_false_positive,1,0,0,0,1,0.0,0.0,0
1018,satellite_only_before_news,2,0,0,2,0,5.695155716666666,0.5267484494156848,1
1019,nominal_satellite_false_heat_source,2,0,0,2,0,8.920119366666666,0.46534464787307317,0
1020,mixed_confidence_satellite_real_fire,4,0,3,0,1,31.609619483333333,1.5000672637593058,1
1021,low_confidence_satellite_noise,2,0,2,0,0,7.170766266666666,0.5134583207542797,0
1022,persistent_non_wildfire_heat_source,4,0,2,2,0,32.61480678333333,1.5699936932594571,0
1023,nominal_satellite_false_heat_source,1,0,0,1,0,0.0,0.0,0
1024,correlated_satellite_news_false_alarm,1,2,1,0,0,7.875279533333333,0.7138828524850114,0
1025,multi_satellite_plus_multi_news,4,2,0,2,2,37.16567343333334,3.794691109178818,1
1026,multi_satellite_real_fire,3,0,0,2,1,8.61273985,2.306776164512828,1
1027,satellite_only_before_news,1,0,0,1,0,0.0,0.0,1
1028,high_low_satellite_with_news_real_fire,3,2,2,0,1,20.867463616666665,2.22494725889911,1
1029,nominal_low_satellite_with_news_real_fire,3,1,1,2,0,10.586130933333333,2.380370511519846,1
1030,high_confidence_satellite_false_positive,1,0,0,0,1,0.0,0.0,0
1031,nominal_satellite_with_news,1,2,0,1,0,17.940091733333336,1.6514987720983756,1
1032,satellite_only_before_news,1,0,0,1,0,0.0,0.0,1
1033,mixed_satellite_with_false_news,3,1,2,0,1,26.728491799999997,1.4033416144054665,0
1034,multi_confidence_persistent_real_fire,4,1,1,2,1,13.230025316666666,3.0459317040983347,1
1035,high_confidence_satellite_with_news,2,1,0,0,2,11.360208199999999,0.6112008740606785,1
1036,persistent_non_wildfire_heat_source,2,0,0,2,0,18.042882083333332,1.5358189467495509,0
1037,persistent_non_wildfire_heat_source,2,0,0,2,0,6.81491655,0.9559680821706,0
1038,persistent_non_wildfire_heat_source,3,0,3,0,0,31.613262566666666,0.9880505671115105,0
1039,nominal_satellite_false_heat_source,1,0,0,1,0,0.0,0.0,0
1040,nominal_satellite_false_heat_source,1,0,0,1,0,0.0,0.0,0
1041,multi_confidence_persistent_real_fire,5,1,2,1,2,40.22391065,3.0121494313930155,1
1042,mixed_confidence_non_fire_heat_source,2,0,1,0,1,3.0226366833333334,0.9070674587560862,0
1043,correlated_satellite_news_false_alarm,2,1,2,0,0,5.4524785499999995,1.0729611465051476,0
1044,nominal_satellite_with_news,1,2,0,1,0,12.389133733333333,1.5305085128409366,1
1045,multiple_news_same_false_alarm,0,3,0,0,0,27.938367500000002,0.655396935424268,0
1046,high_low_satellite_false_alarm,3,1,2,0,1,16.032489216666665,3.1606853266496757,0
1047,high_confidence_satellite_false_positive,1,0,0,0,1,0.0,0.0,0
1048,low_confidence_satellite_noise,3,0,3,0,0,14.624730533333333,0.7464511367910065,0
1049,high_low_satellite_false_alarm,3,1,3,0,0,6.973397716666667,2.5928771001154547,0
1050,nominal_satellite_with_news,2,2,0,2,0,15.431294183333334,2.5648423458299536,1
1051,news_only_before_satellite,0,2,0,0,0,13.2021633,0.7920324734536939,1
1052,news_rumor_no_fire,0,1,0,0,0,0.0,0.0,0
1053,nominal_satellite_false_heat_source,1,0,0,1,0,0.0,0.0,0
1054,mixed_satellite_with_false_news,3,1,1,2,0,12.743261833333333,2.374923896895566,0
1055,high_low_satellite_false_alarm,2,1,0,0,2,16.935535066666667,0.627256967343108,0
1056,mixed_satellite_with_false_news,2,2,2,0,0,17.246213416666667,2.9046906451330172,0
1057,high_low_satellite_with_news_real_fire,3,1,1,0,2,23.555634100000002,2.4589053619376706,1
1058,persistent_non_wildfire_heat_source,4,0,2,2,0,17.16233275,2.5538565861219023,0
1059,high_low_satellite_false_alarm,2,0,1,0,1,15.490059566666668,0.48143891788832893,0
1060,nominal_low_satellite_with_news_real_fire,3,1,3,0,0,21.90548503333333,2.9849010237745977,1
1061,nominal_satellite_false_heat_source,1,0,0,1,0,0.0,0.0,0
1062,news_rumor_no_fire,0,1,0,0,0,0.0,0.0,0
1063,multiple_news_same_false_alarm,0,4,0,0,0,42.46120305,0.9296543566339787,0
1064,low_confidence_satellite_noise,2,0,2,0,0,3.0703741,1.5697929506013109,0
1065,high_low_satellite_false_alarm,2,1,1,0,1,10.299474333333334,1.7021455735571003,0
1066,low_confidence_satellite_noise,3,0,3,0,0,18.2387488,2.2129432302760494,0
1067,nominal_satellite_false_heat_source,1,0,0,1,0,0.0,0.0,0
1068,multi_satellite_real_fire,2,0,0,2,0,5.544955016666666,3.958658275913098,1
1069,mixed_confidence_non_fire_heat_source,2,0,0,1,1,15.897180433333334,0.3529523014740557,0
1070,news_rumor_no_fire,0,1,0,0,0,0.0,0.0,0
1071,nominal_satellite_false_heat_source,2,0,0,2,0,4.612938216666667,0.7445685624326955,0
1072,satellite_only_before_news,2,0,0,2,0,5.9762466,0.1438452803868123,1
1073,high_confidence_satellite_with_news,3,2,0,0,3,19.960534616666667,2.2906149345399216,1
1074,high_low_satellite_false_alarm,3,0,0,0,3,15.533610083333334,0.3783352587012532,0
1075,multi_satellite_real_fire,4,0,0,2,2,33.68350148333334,2.3119489239085262,1
1076,high_confidence_satellite_false_positive,1,0,0,0,1,0.0,0.0,0
1077,multiple_news_same_false_alarm,0,3,0,0,0,30.94729381666667,0.4320124605288692,0
1078,mixed_satellite_with_false_news,3,1,1,1,1,28.0241113,1.8369255417464214,0
1079,mixed_confidence_non_fire_heat_source,4,0,1,1,2,19.649592383333335,1.2762165461513417,0
1080,high_low_satellite_false_alarm,3,1,1,0,2,16.2882227,1.0350099024334192,0
1081,nominal_low_satellite_with_news_real_fire,2,2,1,1,0,29.715627183333332,1.8224739556099905,1
1082,news_only_before_satellite,0,1,0,0,0,0.0,0.0,1
1083,multi_satellite_plus_multi_news,2,2,0,0,2,42.402310850000006,2.55826250164887,1
1084,nominal_low_satellite_with_news_real_fire,3,2,0,3,0,27.772218833333334,3.322211131145028,1
1085,high_low_satellite_false_alarm,2,1,1,0,1,15.209481283333334,3.4847923101811444,0
1086,high_confidence_satellite_with_news,3,2,0,0,3,10.596068583333333,2.543655464411051,1
1087,low_confidence_satellite_noise,1,0,1,0,0,0.0,0.0,0
1088,persistent_non_wildfire_heat_source,4,0,3,1,0,29.514695183333334,2.9380095941434736,0
1089,high_low_satellite_false_alarm,3,1,1,0,2,25.049875016666665,1.9475565544765303,0
1090,persistent_non_wildfire_heat_source,3,0,1,2,0,11.8674865,2.675201195945038,0
1091,multi_satellite_plus_multi_news,3,2,0,3,0,36.10529895,2.024098250701783,1
1092,mixed_confidence_satellite_real_fire,3,2,0,1,2,22.627807716666666,3.6429837854472424,1
1093,news_rumor_no_fire,0,1,0,0,0,0.0,0.0,0
1094,multi_confidence_persistent_real_fire,5,2,1,1,3,38.21473348333333,3.6935362803865086,1
1095,correlated_satellite_news_false_alarm,1,2,0,1,0,7.32987915,3.6890729941972027,0
1096,news_only_before_satellite,0,1,0,0,0,0.0,0.0,1
1097,nominal_satellite_with_news,2,1,0,2,0,10.738409983333334,1.5589892783806056,1
1098,multi_satellite_plus_multi_news,4,3,0,2,2,39.18461128333333,3.4575081594027415,1
1099,multi_satellite_real_fire,3,0,0,3,0,34.98327681666667,2.551209120368635,1
1100,news_rumor_no_fire,0,1,0,0,0,0.0,0.0,0
1101,high_confidence_satellite_with_news,3,2,0,0,3,23.357199483333332,3.3380504131722537,1
1102,nominal_satellite_with_news,2,2,0,2,0,29.16152085,2.825492856892502,1
1103,correlated_satellite_news_false_alarm,1,2,0,1,0,19.18103926666667,1.733492867592949,0
1104,high_low_satellite_with_news_real_fire,2,1,2,0,0,13.68089475,0.978014440265107,1
1105,nominal_satellite_with_news,1,2,0,1,0,30.9257125,2.2490777068036705,1
1106,high_low_satellite_with_news_real_fire,2,1,1,0,1,10.5402823,1.5714579643468578,1
1107,multiple_news_same_false_alarm,0,2,0,0,0,9.529278799999998,0.14743449478705017,0
1108,persistent_non_wildfire_heat_source,4,0,1,3,0,41.24638695,1.5990026458919058,0
1109,high_confidence_satellite_false_positive,1,0,0,0,1,0.0,0.0,0
1110,high_confidence_satellite_with_news,2,1,0,0,2,20.462975683333333,2.2607156470916854,1
1111,high_confidence_satellite_with_news,3,1,0,0,3,22.8158579,2.9914168005523054,1
1112,multi_confidence_persistent_real_fire,3,0,1,2,0,14.7628326,2.9446555965351835,1
1113,nominal_satellite_with_news,1,1,0,1,0,8.593195466666666,0.4481747096771598,1
1114,correlated_satellite_news_false_alarm,2,2,0,2,0,21.57854981666667,3.099831749558863,0
1115,high_low_satellite_with_news_real_fire,2,1,1,0,1,18.368649450000003,1.9201517992763815,1
1116,high_confidence_satellite_with_news,1,1,0,0,1,0.8343232166666666,3.0233605194588984,1
1117,high_low_satellite_with_news_real_fire,2,2,2,0,0,24.725102466666666,3.892898916619926,1
1118,satellite_only_before_news,1,0,0,0,1,0.0,0.0,1
1119,persistent_non_wildfire_heat_source,4,0,0,4,0,36.989836233333335,3.2440299144339133,0
1120,high_confidence_satellite_with_news,1,2,0,0,1,26.032101883333333,1.2574841421008671,1
1121,multi_satellite_plus_multi_news,4,3,0,3,1,40.1509357,2.6889035844997102,1
1122,correlated_satellite_news_false_alarm,2,1,1,1,0,13.467654783333334,0.8200244977430008,0
1123,persistent_non_wildfire_heat_source,2,0,1,1,0,7.353379883333333,0.20037001005345448,0
1124,multiple_news_same_false_alarm,0,2,0,0,0,30.558966416666667,0.5632352335449947,0
1125,news_rumor_no_fire,0,1,0,0,0,0.0,0.0,0
1126,multiple_news_same_false_alarm,0,2,0,0,0,6.165112433333333,1.0788526090892219,0
1127,mixed_satellite_with_false_news,3,1,0,3,0,33.394527833333335,2.3737696249485682,0
1128,news_rumor_no_fire,0,1,0,0,0,0.0,0.0,0
1129,high_low_satellite_false_alarm,3,0,2,0,1,24.09884206666667,1.0399306969340034,0
1130,high_low_satellite_false_alarm,3,1,3,0,0,15.73293535,2.749942502007454,0
1131,high_confidence_satellite_with_news,3,1,0,0,3,21.757177733333332,2.4279060757457303,1
1132,satellite_only_before_news,1,0,0,0,1,0.0,0.0,1
1133,multi_satellite_plus_multi_news,4,2,0,2,2,35.876959283333335,3.7240102701959454,1
1134,high_low_satellite_false_alarm,3,1,2,0,1,25.504239366666663,2.3391877830400922,0
1135,multi_confidence_persistent_real_fire,4,0,1,1,2,20.439905066666665,2.1643958442911666,1
1136,high_confidence_satellite_false_positive,1,0,0,0,1,0.0,0.0,0
1137,multiple_news_same_false_alarm,0,4,0,0,0,27.36510086666667,1.1892568172962354,0
1138,nominal_satellite_false_heat_source,2,0,0,2,0,6.304239766666667,0.3925861787010733,0
1139,high_low_satellite_false_alarm,2,1,1,0,1,21.13412085,1.6525462137286455,0
1140,correlated_satellite_news_false_alarm,1,1,0,1,0,2.458288183333333,0.8366695756282256,0
1141,satellite_only_before_news,2,0,0,1,1,5.544877166666667,0.4464994007274544,1
1142,multiple_news_same_false_alarm,0,4,0,0,0,21.27113225,0.9733846385348408,0
1143,high_low_satellite_with_news_real_fire,3,1,1,0,2,27.551704916666665,2.2143736819118125,1
1144,mixed_confidence_satellite_real_fire,2,2,2,0,0,31.221538316666667,2.679731304787895,1
1145,mixed_satellite_with_false_news,3,2,0,2,1,29.24975026666667,1.7049144834621637,0
1146,satellite_only_before_news,1,0,0,1,0,0.0,0.0,1
1147,mixed_confidence_satellite_real_fire,2,2,0,2,0,42.2255066,3.253698199585084,1
1148,high_low_satellite_false_alarm,3,0,2,0,1,19.774869033333335,2.30045629630717,0
1149,nominal_satellite_with_news,2,1,0,2,0,30.400564883333335,1.2049425194079464,1
1150,mixed_confidence_non_fire_heat_source,3,0,0,2,1,22.351086300000002,1.2135773678108093,0
1151,nominal_satellite_with_news,2,1,0,2,0,10.6590433,0.9158904208028229,1
1152,multi_satellite_plus_multi_news,3,3,0,2,1,29.2419926,2.2081206274975695,1
1153,news_rumor_no_fire,0,1,0,0,0,0.0,0.0,0
1154,high_confidence_satellite_false_positive,1,0,0,0,1,0.0,0.0,0
1155,high_low_satellite_with_news_real_fire,3,2,3,0,0,17.862248766666667,2.815920789483833,1
1156,persistent_non_wildfire_heat_source,2,0,1,1,0,13.5334431,2.022963219485483,0
1157,high_low_satellite_false_alarm,2,1,1,0,1,7.270295116666667,1.1770812442733656,0
1158,multiple_news_same_false_alarm,0,2,0,0,0,5.1186491499999995,0.3075488840567521,0
1159,news_rumor_no_fire,0,1,0,0,0,0.0,0.0,0
1160,persistent_non_wildfire_heat_source,4,0,2,2,0,22.330556950000002,2.393616477563662,0
1161,persistent_non_wildfire_heat_source,3,0,1,2,0,11.582866883333333,3.2040818543973675,0
1162,high_confidence_satellite_false_positive,1,0,0,0,1,0.0,0.0,0
1163,high_low_satellite_with_news_real_fire,2,1,0,0,2,12.2750586,2.4304652512173908,1
1164,mixed_satellite_with_false_news,3,1,1,1,1,27.75962893333333,2.298267429323118,0
1165,multi_satellite_real_fire,4,0,0,4,0,9.247586333333334,2.1846292542230876,1
1166,mixed_satellite_with_false_news,2,2,0,2,0,31.650027966666666,2.615410123143922,0
1167,nominal_satellite_false_heat_source,1,0,0,1,0,0.0,0.0,0
1168,nominal_satellite_with_news,1,1,0,1,0,31.573228966666665,1.7094594483109689,1
1169,low_confidence_satellite_noise,2,0,2,0,0,8.347168133333334,1.9832171973156278,0
1170,high_low_satellite_false_alarm,3,0,2,0,1,10.376643483333334,2.1529403515214147,0
1171,high_low_satellite_with_news_real_fire,3,1,0,0,3,23.150719833333333,2.628367303511305,1
1172,high_confidence_satellite_with_news,1,1,0,0,1,16.1970618,1.0257030978867567,1
1173,news_only_before_satellite,0,2,0,0,0,19.280326566666666,0.8166491944231916,1
1174,news_only_before_satellite,0,2,0,0,0,10.882139416666666,1.1402278003600421,1
1175,correlated_satellite_news_false_alarm,2,2,0,2,0,23.569886583333336,3.190463955194849,0
1176,news_rumor_no_fire,0,1,0,0,0,0.0,0.0,0
1177,multi_satellite_plus_multi_news,2,3,0,1,1,37.07423238333333,2.0325541545917307,1
1178,mixed_confidence_non_fire_heat_source,3,0,1,1,1,12.300144883333333,1.4913540152972191,0
1179,high_low_satellite_false_alarm,2,0,1,0,1,17.6862913,1.0081260115866923,0
1180,mixed_satellite_with_false_news,3,1,0,2,1,19.6748045,1.472370693617209,0
1181,nominal_low_satellite_with_news_real_fire,2,1,0,2,0,25.766724833333335,2.1328092901305533,1
1182,high_low_satellite_with_news_real_fire,2,2,1,0,1,22.231296933333333,1.8765596278863095,1
1183,mixed_confidence_non_fire_heat_source,4,0,0,1,3,22.71777145,2.2784644946802945,0
1184,mixed_confidence_non_fire_heat_source,2,0,1,0,1,12.602900183333333,1.4329433948399728,0
1185,correlated_satellite_news_false_alarm,2,2,0,2,0,10.218917666666666,3.7805916570102793,0
1186,low_confidence_satellite_noise,2,0,2,0,0,4.557796916666666,2.1446656325328775,0
1187,high_confidence_satellite_with_news,1,1,0,0,1,18.033930866666665,1.1325317118534923,1
1188,low_confidence_satellite_noise,3,0,3,0,0,26.511206516666668,1.9590302075355246,0
1189,nominal_low_satellite_with_news_real_fire,2,2,0,2,0,22.656475133333334,2.1668331457269323,1
1190,high_confidence_satellite_with_news,2,1,0,0,2,13.944728266666667,1.0320308067344988,1
1191,multi_satellite_plus_multi_news,2,2,0,0,2,21.02877505,2.1061028201793435,1
1192,high_confidence_satellite_with_news,3,2,0,0,3,23.899022533333333,2.9968513892770456,1
1193,low_confidence_satellite_noise,2,0,2,0,0,20.390805066666665,0.7303057727094553,0
1194,news_rumor_no_fire,0,1,0,0,0,0.0,0.0,0
1195,news_only_before_satellite,0,2,0,0,0,27.671832733333336,1.043719511776335,1
1196,multi_satellite_real_fire,4,0,0,3,1,29.056948050000003,2.9793193959799664,1
1197,mixed_confidence_satellite_real_fire,4,1,0,1,3,21.833142316666667,4.139135618494249,1
1198,high_confidence_satellite_false_positive,1,0,0,0,1,0.0,0.0,0
1199,nominal_satellite_with_news,2,2,0,2,0,29.12103435,1.5911773003615133,1
1200,multiple_news_same_false_alarm,0,2,0,0,0,0.35613191666666666,0.5314498390057145,0
1201,high_confidence_satellite_with_news,2,1,0,0,2,17.918079233333334,0.7877693263860474,1
1202,nominal_satellite_with_news,1,1,0,1,0,7.9110287,1.580453744079471,1
1203,multi_satellite_plus_multi_news,2,2,0,0,2,34.70148493333333,3.889968614476036,1
1204,high_confidence_satellite_with_news,2,2,0,0,2,20.145783616666666,3.365214842469154,1
1205,persistent_non_wildfire_heat_source,4,0,1,3,0,17.775089933333334,1.5834067615024086,0
1206,persistent_non_wildfire_heat_source,3,0,3,0,0,12.25135665,1.894829672084434,0
1207,correlated_satellite_news_false_alarm,1,2,0,1,0,10.328649833333333,2.8054723214586414,0
1208,nominal_satellite_false_heat_source,2,0,0,2,0,0.9683325,1.073194707657568,0
1209,persistent_non_wildfire_heat_source,3,0,2,1,0,24.210893716666664,1.4103039763388252,0
1210,correlated_satellite_news_false_alarm,1,2,0,1,0,16.610605616666668,2.5717062285332566,0
1211,mixed_confidence_satellite_real_fire,2,2,0,1,1,31.353541333333332,2.120602464081415,1
1212,persistent_non_wildfire_heat_source,4,0,4,0,0,42.659376116666664,1.1048631761620489,0
1213,satellite_only_before_news,1,0,0,1,0,0.0,0.0,1
1214,mixed_satellite_with_false_news,2,1,0,1,1,4.912494983333334,1.8504770824903816,0
1215,satellite_only_before_news,2,0,0,1,1,12.458179566666667,1.7822531505947738,1
1216,mixed_confidence_non_fire_heat_source,2,0,0,2,0,14.45844055,1.3059296433215146,0
1217,high_confidence_satellite_with_news,1,2,0,0,1,6.7350829333333335,1.2540575374416119,1
1218,high_confidence_satellite_with_news,3,2,0,0,3,20.611454566666666,2.288098622984923,1
1219,persistent_non_wildfire_heat_source,4,0,2,2,0,19.650309049999997,3.5729219190402075,0
1220,news_only_before_satellite,0,2,0,0,0,8.557629666666665,0.652082701285027,1
1221,persistent_non_wildfire_heat_source,4,0,3,1,0,17.47928608333333,2.621601170238525,0
1222,multi_satellite_real_fire,4,0,0,1,3,31.40743631666667,3.049074385421596,1
1223,high_low_satellite_false_alarm,3,0,2,0,1,3.6772217166666668,1.8044316031565206,0
1224,mixed_confidence_satellite_real_fire,4,1,3,0,1,37.73955356666667,1.830412958918536,1
1225,nominal_satellite_false_heat_source,2,0,0,2,0,4.605536516666667,1.242836308980732,0
1226,multi_satellite_plus_multi_news,3,3,0,1,2,36.8532755,2.7661145151103415,1
1227,multiple_news_same_false_alarm,0,4,0,0,0,16.302493733333332,0.8752518786633524,0
1228,multi_confidence_persistent_real_fire,3,2,0,1,2,36.58184598333333,1.6657918441982287,1
1229,mixed_satellite_with_false_news,3,2,0,2,1,21.43371361666667,1.7769894542981408,0
1230,low_confidence_satellite_noise,1,0,1,0,0,0.0,0.0,0
1231,high_confidence_satellite_false_positive,1,0,0,0,1,0.0,0.0,0
1232,high_confidence_satellite_with_news,3,1,0,0,3,20.6390049,1.568428115370152,1
1233,correlated_satellite_news_false_alarm,2,2,1,1,0,18.536627716666665,2.516301828405835,0
1234,mixed_confidence_satellite_real_fire,3,0,0,2,1,20.24906455,1.4614614281886056,1
1235,news_rumor_no_fire,0,1,0,0,0,0.0,0.0,0
1236,multi_satellite_plus_multi_news,2,3,0,0,2,37.77679138333333,3.230879843149349,1
1237,high_low_satellite_with_news_real_fire,2,1,1,0,1,14.1849733,1.5480015595735086,1
1238,high_low_satellite_with_news_real_fire,3,2,1,0,2,16.59156615,2.7675245748238964,1
1239,multi_confidence_persistent_real_fire,5,2,2,1,2,36.084474783333334,2.7890680473374845,1
1240,multi_satellite_real_fire,4,0,0,3,1,32.81527931666667,3.669646339601487,1
1241,news_rumor_no_fire,0,1,0,0,0,0.0,0.0,0
1242,satellite_only_before_news,2,0,0,0,2,8.280429883333333,0.8457181164323344,1
1243,nominal_low_satellite_with_news_real_fire,2,2,1,1,0,22.03451258333333,1.7863813809577456,1
1244,high_confidence_satellite_with_news,3,1,0,0,3,12.642120316666666,3.3668166374042996,1
1245,high_confidence_satellite_false_positive,1,0,0,0,1,0.0,0.0,0
1246,high_low_satellite_false_alarm,3,0,2,0,1,13.073992666666667,1.6808590476320342,0
1247,multi_satellite_plus_multi_news,3,3,0,1,2,39.114196799999995,2.3010678639772797,1
1248,mixed_satellite_with_false_news,1,1,1,0,0,1.9545109333333335,1.3183765030636718,0
1249,correlated_satellite_news_false_alarm,1,1,0,1,0,10.8885266,0.3233706978295191,0
1250,nominal_low_satellite_with_news_real_fire,3,1,3,0,0,20.42988125,1.3039366389600495,1
1251,nominal_satellite_false_heat_source,1,0,0,1,0,0.0,0.0,0
1252,news_only_before_satellite,0,2,0,0,0,9.807195033333333,0.5513949645130569,1
1253,high_low_satellite_with_news_real_fire,2,1,0,0,2,21.288754216666668,3.006404011227349,1
1254,high_confidence_satellite_with_news,1,1,0,0,1,18.385083,1.3472007744784824,1
1255,mixed_confidence_satellite_real_fire,3,2,1,0,2,21.857067949999998,1.752807846935515,1
1256,persistent_non_wildfire_heat_source,3,0,1,2,0,17.09495085,2.08267229963398,0
1257,multiple_news_same_false_alarm,0,2,0,0,0,31.45776205,0.6359520482399563,0
1258,mixed_confidence_satellite_real_fire,3,2,1,2,0,29.901004033333333,3.7252127563834296,1
1259,multi_satellite_plus_multi_news,3,2,0,1,2,33.46667271666667,2.751745163908317,1
1260,multiple_news_same_false_alarm,0,3,0,0,0,20.983562233333334,0.8264521044912225,0
1261,satellite_only_before_news,1,0,0,0,1,0.0,0.0,1
1262,nominal_satellite_false_heat_source,2,0,0,2,0,6.774087316666667,0.1452246831750844,0
1263,nominal_satellite_false_heat_source,1,0,0,1,0,0.0,0.0,0
1264,high_low_satellite_false_alarm,3,1,0,0,3,13.966945433333333,2.1093512326856088,0
1265,news_only_before_satellite,0,1,0,0,0,0.0,0.0,1
1266,persistent_non_wildfire_heat_source,3,0,2,1,0,34.25822736666667,2.3663646695539855,0
1267,news_only_before_satellite,0,2,0,0,0,0.12228043333333334,0.36100576438118276,1
1268,multiple_news_same_false_alarm,0,2,0,0,0,12.84633735,0.19989568104391886,0
1269,multi_confidence_persistent_real_fire,3,1,2,1,0,32.5434183,1.6407703633863469,1
1270,mixed_confidence_satellite_real_fire,2,2,0,1,1,34.959956749999996,1.7674024878190742,1
1271,news_rumor_no_fire,0,1,0,0,0,0.0,0.0,0
1272,multi_confidence_persistent_real_fire,4,0,1,2,1,44.67401696666666,2.4298045500521472,1
1273,nominal_low_satellite_with_news_real_fire,2,2,2,0,0,26.75924961666667,2.3069394166664687,1
1274,correlated_satellite_news_false_alarm,2,1,0,2,0,11.221162833333333,2.4362589929012897,0
1275,multi_satellite_plus_multi_news,4,3,0,3,1,33.1367743,3.306137343553209,1
1276,news_rumor_no_fire,0,1,0,0,0,0.0,0.0,0
1277,nominal_satellite_false_heat_source,2,0,0,2,0,6.712476233333334,0.8946315056070335,0
1278,high_low_satellite_false_alarm,3,1,2,0,1,21.03723055,1.8071111253351118,0
1279,mixed_confidence_satellite_real_fire,2,0,1,0,1,6.8052183500000005,1.3674947505310666,1
1280,news_rumor_no_fire,0,1,0,0,0,0.0,0.0,0
1281,multi_satellite_real_fire,3,0,0,3,0,39.81128501666667,1.0976651609027166,1
1282,nominal_satellite_false_heat_source,1,0,0,1,0,0.0,0.0,0
1283,nominal_satellite_false_heat_source,1,0,0,1,0,0.0,0.0,0
1284,news_only_before_satellite,0,1,0,0,0,0.0,0.0,1
1285,mixed_confidence_non_fire_heat_source,4,0,2,1,1,24.477615316666668,2.224905035379512,0
1286,persistent_non_wildfire_heat_source,2,0,1,1,0,2.2937808333333334,1.9330690603962033,0
1287,news_only_before_satellite,0,2,0,0,0,6.290864333333333,0.5933909540064596,1
1288,multi_confidence_persistent_real_fire,3,1,2,0,1,23.114619100000002,2.3777475570806064,1
1289,low_confidence_satellite_noise,3,0,3,0,0,31.70874795,2.5417025514624267,0
1290,persistent_non_wildfire_heat_source,3,0,2,1,0,24.03959705,1.636149840787524,0
1291,multi_satellite_real_fire,2,0,0,1,1,4.402216699999999,1.6727053283717244,1
1292,multi_satellite_real_fire,3,0,0,1,2,36.3019264,2.3327934904975907,1
1293,mixed_confidence_non_fire_heat_source,4,0,0,2,2,4.9785134499999995,1.7106216693646397,0
1294,multi_satellite_plus_multi_news,2,3,0,1,1,35.14795586666666,1.927442044051783,1
1295,high_confidence_satellite_with_news,2,1,0,0,2,4.810935216666667,2.4689369433093775,1
1296,nominal_satellite_false_heat_source,2,0,0,2,0,0.3955289166666667,0.32232468194469255,0
1297,nominal_low_satellite_with_news_real_fire,3,1,2,1,0,19.844368683333336,2.3862649916535696,1
1298,low_confidence_satellite_noise,2,0,2,0,0,11.454096700000001,1.9268210735806197,0
1299,nominal_satellite_false_heat_source,2,0,0,2,0,2.51214255,1.5037184122016662,0
1300,nominal_satellite_false_heat_source,2,0,0,2,0,0.52204665,0.5745863459296,0
1301,news_only_before_satellite,0,1,0,0,0,0.0,0.0,1
1302,multi_confidence_persistent_real_fire,4,2,2,0,2,39.42254058333333,2.274447039488158,1
1303,mixed_confidence_non_fire_heat_source,2,0,0,1,1,19.10910223333333,1.177485594928862,0
1304,multiple_news_same_false_alarm,0,2,0,0,0,2.8727911833333333,0.7961828877073812,0
1305,news_only_before_satellite,0,1,0,0,0,0.0,0.0,1
1306,nominal_low_satellite_with_news_real_fire,2,2,2,0,0,21.46000443333333,1.9632994213228718,1
1307,high_confidence_satellite_with_news,1,2,0,0,1,7.2549927499999995,0.4497913000576614,1
1308,persistent_non_wildfire_heat_source,3,0,3,0,0,17.50146845,1.8295292207517806,0
1309,satellite_only_before_news,2,0,0,2,0,3.9393450000000003,0.5156914543715538,1
1310,multi_confidence_persistent_real_fire,5,2,4,1,0,41.599753383333336,2.489981647961905,1
1311,satellite_only_before_news,2,0,0,1,1,2.9659795166666667,0.26805703968013367,1
1312,mixed_satellite_with_false_news,1,1,0,0,1,19.68778981666667,0.5824157490416431,0
1313,correlated_satellite_news_false_alarm,2,1,1,1,0,6.5359453,1.022875751763111,0
1314,news_rumor_no_fire,0,1,0,0,0,0.0,0.0,0
1315,nominal_low_satellite_with_news_real_fire,3,2,1,2,0,22.191876216666667,2.9023858169362087,1
1316,persistent_non_wildfire_heat_source,4,0,3,1,0,22.528541033333333,2.6350189154042636,0
1317,persistent_non_wildfire_heat_source,3,0,0,3,0,17.411744866666666,2.1733777159961623,0
1318,nominal_satellite_with_news,1,1,0,1,0,20.300010766666666,1.5737771176199933,1
1319,mixed_satellite_with_false_news,3,1,1,0,2,21.695175116666668,1.6298577382933677,0
1320,mixed_confidence_non_fire_heat_source,3,0,0,3,0,8.807630016666668,1.4557978373402383,0
1321,mixed_confidence_non_fire_heat_source,3,0,1,2,0,9.623459483333333,2.023946811416152,0
1322,mixed_confidence_satellite_real_fire,3,2,0,2,1,38.3820617,1.8995503670000047,1
1323,high_confidence_satellite_false_positive,1,0,0,0,1,0.0,0.0,0
1324,high_low_satellite_with_news_real_fire,2,2,2,0,0,17.112592716666665,2.1252464347157307,1
1325,mixed_confidence_non_fire_heat_source,4,0,1,1,2,10.763767716666667,1.1189879154606863,0
1326,high_low_satellite_with_news_real_fire,2,1,0,0,2,21.388665916666664,2.6925871213086223,1
1327,high_low_satellite_with_news_real_fire,2,2,1,0,1,32.88002053333334,1.266413055621249,1
1328,satellite_only_before_news,2,0,0,1,1,17.0542163,1.5209125775351935,1
1329,mixed_confidence_satellite_real_fire,4,1,2,0,2,20.1536605,4.00199618253699,1
1330,high_confidence_satellite_with_news,1,2,0,0,1,7.0879027,2.5366709707087383,1
1331,high_confidence_satellite_with_news,1,2,0,0,1,3.3156485166666667,1.2924782224950848,1
1332,news_rumor_no_fire,0,1,0,0,0,0.0,0.0,0
1333,low_confidence_satellite_noise,3,0,3,0,0,19.000333266666665,1.9681504282513478,0
1334,persistent_non_wildfire_heat_source,4,0,1,3,0,44.37718976666667,2.0211043488500606,0
1335,satellite_only_before_news,2,0,0,1,1,2.8081104,0.7684843632127994,1
1336,mixed_confidence_satellite_real_fire,2,1,0,1,1,13.329619733333335,3.776123479798559,1
1337,high_low_satellite_with_news_real_fire,3,2,2,0,1,30.189140666666667,2.914462854052161,1
1338,correlated_satellite_news_false_alarm,1,2,1,0,0,23.335121933333333,1.2448224092383904,0
1339,high_low_satellite_with_news_real_fire,3,1,2,0,1,26.35278205,1.91135907538519,1
1340,mixed_confidence_satellite_real_fire,3,0,1,1,1,9.325922733333334,2.1202067889947016,1
1341,high_low_satellite_with_news_real_fire,3,1,3,0,0,11.495550116666667,2.984835429867847,1
1342,multiple_news_same_false_alarm,0,2,0,0,0,41.341667799999996,0.5301341456023603,0
1343,news_only_before_satellite,0,1,0,0,0,0.0,0.0,1
1344,high_confidence_satellite_false_positive,1,0,0,0,1,0.0,0.0,0
1345,high_low_satellite_with_news_real_fire,2,2,0,0,2,27.708176816666665,0.3735685575157502,1
1346,multi_satellite_real_fire,4,0,0,2,2,12.5652987,3.0894015550906,1
1347,mixed_satellite_with_false_news,3,2,1,2,0,23.845608316666667,3.2732597006567006,0
1348,multi_satellite_real_fire,2,0,0,1,1,3.1754979833333334,1.6071893998795075,1
1349,news_only_before_satellite,0,1,0,0,0,0.0,0.0,1
1350,high_confidence_satellite_false_positive,1,0,0,0,1,0.0,0.0,0
1351,news_rumor_no_fire,0,1,0,0,0,0.0,0.0,0
1352,multi_confidence_persistent_real_fire,3,0,1,1,1,11.56223165,3.128679824273451,1
1353,nominal_low_satellite_with_news_real_fire,2,2,0,2,0,15.232403066666667,3.1595376658926764,1
1354,mixed_confidence_satellite_real_fire,2,0,1,1,0,14.937429566666667,2.5475949942830125,1
1355,mixed_confidence_non_fire_heat_source,2,0,2,0,0,13.350840866666665,1.3284499321665992,0
1356,news_rumor_no_fire,0,1,0,0,0,0.0,0.0,0
1357,multi_confidence_persistent_real_fire,5,0,1,2,2,38.2610369,2.5506429800034534,1
1358,nominal_low_satellite_with_news_real_fire,3,2,0,3,0,20.754938266666667,1.6926318000508545,1
1359,correlated_satellite_news_false_alarm,1,2,1,0,0,14.937308983333333,0.7518772927224496,0
1360,mixed_confidence_non_fire_heat_source,4,0,2,2,0,9.526816916666666,2.699612551792915,0
1361,mixed_satellite_with_false_news,2,1,0,2,0,9.434894066666667,2.564252082705062,0
1362,news_only_before_satellite,0,2,0,0,0,2.7451924,0.573947550927635,1
1363,satellite_only_before_news,2,0,0,2,0,1.6275570666666668,0.7928291978375527,1
1364,persistent_non_wildfire_heat_source,2,0,2,0,0,21.828995766666665,1.2433351092363503,0
1365,high_confidence_satellite_with_news,1,2,0,0,1,6.551619016666667,2.2543847272253186,1
1366,news_only_before_satellite,0,2,0,0,0,5.521748966666666,0.6670182851519909,1
1367,high_low_satellite_with_news_real_fire,3,1,2,0,1,25.939117099999997,2.226716037561665,1
1368,multiple_news_same_false_alarm,0,4,0,0,0,17.67488163333333,0.885202286618432,0
1369,high_low_satellite_with_news_real_fire,3,1,1,0,2,19.80140925,1.9040321705144818,1
1370,multi_satellite_plus_multi_news,4,2,0,2,2,25.088467033333334,3.140583233867328,1
1371,high_confidence_satellite_with_news,2,1,0,0,2,6.803541833333333,1.1526789041529661,1
1372,multi_satellite_real_fire,4,0,0,4,0,16.753076933333332,2.0564010434373365,1
1373,high_low_satellite_with_news_real_fire,3,1,3,0,0,26.02425495,3.5254966532907153,1
1374,nominal_satellite_false_heat_source,2,0,0,2,0,3.9957615499999997,1.4342380985120289,0
1375,high_confidence_satellite_false_positive,1,0,0,0,1,0.0,0.0,0
1376,mixed_confidence_satellite_real_fire,4,1,0,1,3,24.863779533333332,3.5206754631049257,1
1377,low_confidence_satellite_noise,2,0,2,0,0,17.155013283333336,2.1246037459211715,0
1378,multiple_news_same_false_alarm,0,2,0,0,0,23.7991426,0.741481172462098,0
1379,satellite_only_before_news,1,0,0,0,1,0.0,0.0,1
1380,high_confidence_satellite_false_positive,1,0,0,0,1,0.0,0.0,0
1381,low_confidence_satellite_noise,3,0,3,0,0,5.399915050000001,0.9417236538285361,0
1382,multiple_news_same_false_alarm,0,4,0,0,0,12.220271216666667,1.1690886238342937,0
1383,nominal_satellite_false_heat_source,1,0,0,1,0,0.0,0.0,0
1384,nominal_satellite_with_news,1,2,0,1,0,23.4763348,1.5390540024593515,1
1385,nominal_satellite_with_news,2,2,0,2,0,34.0513121,1.573183040337821,1
1386,high_confidence_satellite_with_news,3,1,0,0,3,10.966497333333333,1.8353893540379145,1
1387,low_confidence_satellite_noise,2,0,2,0,0,17.447248566666666,1.1845490828168397,0
1388,nominal_satellite_with_news,2,1,0,2,0,8.5208811,0.7464761483801602,1
1389,high_low_satellite_false_alarm,2,0,1,0,1,8.562385566666668,1.4332091515492789,0
1390,high_low_satellite_with_news_real_fire,3,2,1,0,2,25.519812066666667,2.8924557707583443,1
1391,high_low_satellite_false_alarm,3,0,2,0,1,10.8744528,2.6055872955710915,0
1392,correlated_satellite_news_false_alarm,2,2,2,0,0,12.31611,3.003052334346593,0
1393,persistent_non_wildfire_heat_source,2,0,1,1,0,2.5953654333333334,2.3013072139239488,0
1394,satellite_only_before_news,2,0,0,1,1,1.1987531500000002,1.2643867227729477,1
1395,news_only_before_satellite,0,1,0,0,0,0.0,0.0,1
1396,correlated_satellite_news_false_alarm,2,2,1,1,0,19.951223416666668,2.863882139461395,0
1397,satellite_only_before_news,1,0,0,0,1,0.0,0.0,1
1398,multi_confidence_persistent_real_fire,5,2,3,0,2,41.589377066666664,2.8099770685384007,1
1399,low_confidence_satellite_noise,3,0,3,0,0,4.9451818,3.1034928467738423,0
1400,correlated_satellite_news_false_alarm,1,1,0,1,0,10.839326,1.1831137817887043,0
1401,news_rumor_no_fire,0,1,0,0,0,0.0,0.0,0
1402,mixed_confidence_non_fire_heat_source,2,0,1,0,1,18.637848,1.6505698022968045,0
1403,nominal_low_satellite_with_news_real_fire,2,2,0,2,0,23.965596833333333,2.8787679923347484,1
1404,satellite_only_before_news,1,0,0,1,0,0.0,0.0,1
1405,low_confidence_satellite_noise,2,0,2,0,0,1.9810579333333334,2.328168643223463,0
1406,multi_confidence_persistent_real_fire,3,1,0,1,2,35.37279335,1.8921606045469963,1
1407,nominal_satellite_with_news,2,2,0,2,0,21.863845783333332,2.167381667773093,1
1408,nominal_satellite_with_news,2,1,0,2,0,12.227500216666666,1.1592524870159977,1
1409,multi_confidence_persistent_real_fire,4,1,0,1,3,25.7217861,3.5584711226273797,1
1410,high_low_satellite_false_alarm,3,0,0,0,3,17.22024916666667,2.2445321428773886,0
1411,multi_satellite_real_fire,4,0,0,3,1,20.164859316666664,1.9874698748254624,1
1412,multiple_news_same_false_alarm,0,2,0,0,0,15.467148733333334,1.181526994901234,0
1413,nominal_satellite_with_news,1,2,0,1,0,28.193974366666666,1.8675164319619726,1
1414,mixed_confidence_non_fire_heat_source,3,0,1,0,2,24.987496383333333,2.8455292290299847,0
1415,correlated_satellite_news_false_alarm,1,1,0,1,0,15.560791583333334,2.130373432644875,0
1416,multi_confidence_persistent_real_fire,3,2,1,1,1,38.28982946666667,2.2834779980851385,1
1417,nominal_low_satellite_with_news_real_fire,3,1,2,1,0,18.44348555,3.7711839301710444,1
1418,high_low_satellite_false_alarm,3,1,1,0,2,19.021661950000002,2.122463817743324,0
1419,persistent_non_wildfire_heat_source,3,0,2,1,0,41.246957566666666,1.0527178592252797,0
1420,news_only_before_satellite,0,2,0,0,0,0.2103380333333333,0.466349977172678,1
1421,persistent_non_wildfire_heat_source,4,0,2,2,0,35.87246841666667,2.0669033180236176,0
1422,nominal_satellite_with_news,2,2,0,2,0,23.4118916,1.8853657897997957,1
1423,multi_satellite_plus_multi_news,4,3,0,1,3,40.0990024,3.0418612641360876,1
1424,high_confidence_satellite_with_news,3,1,0,0,3,22.634944333333333,2.5085771562389767,1
1425,mixed_confidence_satellite_real_fire,2,1,1,1,0,19.379865066666664,1.2220117818035783,1
1426,mixed_satellite_with_false_news,3,2,2,1,0,22.977763916666667,1.9949242949725474,0
1427,high_low_satellite_false_alarm,2,0,1,0,1,16.23975121666667,0.5451154284471176,0
1428,low_confidence_satellite_noise,2,0,2,0,0,13.025838,0.2897677101245984,0
1429,persistent_non_wildfire_heat_source,4,0,0,4,0,25.586295366666665,3.5841257515001415,0
1430,low_confidence_satellite_noise,2,0,2,0,0,6.244480183333334,1.2681656173516809,0
1431,nominal_satellite_with_news,1,1,0,1,0,23.242768166666668,0.5513262325656394,1
1432,high_confidence_satellite_with_news,2,2,0,0,2,21.44712175,3.2685805534752213,1
1433,multi_satellite_real_fire,4,0,0,2,2,18.1669563,2.5000443801669907,1
1434,mixed_satellite_with_false_news,1,1,1,0,0,21.38036088333333,1.768635030845972,0
1435,mixed_confidence_satellite_real_fire,3,1,0,3,0,21.755279616666666,2.9594562837767704,1
1436,correlated_satellite_news_false_alarm,2,1,2,0,0,12.5761253,2.5479899043816485,0
1437,news_only_before_satellite,0,2,0,0,0,4.954122433333334,0.20282786085731264,1
1438,persistent_non_wildfire_heat_source,2,0,1,1,0,30.570677983333333,1.5059698518723472,0
1439,high_confidence_satellite_with_news,1,1,0,0,1,0.98166735,2.3521246628997563,1
1440,mixed_confidence_satellite_real_fire,3,1,0,3,0,40.14176906666667,2.4882268275672432,1
1441,news_rumor_no_fire,0,1,0,0,0,0.0,0.0,0
1442,nominal_satellite_false_heat_source,1,0,0,1,0,0.0,0.0,0
1443,nominal_low_satellite_with_news_real_fire,2,2,0,2,0,17.21360125,2.7850343028757547,1
1444,news_only_before_satellite,0,2,0,0,0,6.987537883333333,1.1847713119836627,1
1445,low_confidence_satellite_noise,1,0,1,0,0,0.0,0.0,0
1446,news_only_before_satellite,0,2,0,0,0,26.801515433333336,0.3851154903239938,1
1447,multiple_news_same_false_alarm,0,2,0,0,0,16.23540578333333,1.1857332342534992,0
1448,multi_satellite_plus_multi_news,2,3,0,1,1,31.455051116666667,1.4922645392499931,1
1449,mixed_confidence_satellite_real_fire,2,0,1,0,1,8.35508895,2.24546239861201,1
1450,nominal_satellite_false_heat_source,1,0,0,1,0,0.0,0.0,0
1451,high_confidence_satellite_false_positive,1,0,0,0,1,0.0,0.0,0
1452,high_low_satellite_false_alarm,2,0,2,0,0,12.363477266666667,0.8781467721988375,0
1453,high_confidence_satellite_with_news,3,2,0,0,3,20.796282599999998,2.324050302710561,1
1454,low_confidence_satellite_noise,3,0,3,0,0,4.7402816,1.269874278163994,0
1455,multiple_news_same_false_alarm,0,2,0,0,0,12.87904555,0.2316266638739265,0
1456,correlated_satellite_news_false_alarm,1,1,0,1,0,8.464008916666666,1.1549818010330233,0
1457,nominal_low_satellite_with_news_real_fire,3,2,1,2,0,33.863357900000004,3.4317957127592584,1
1458,news_only_before_satellite,0,1,0,0,0,0.0,0.0,1
1459,low_confidence_satellite_noise,2,0,2,0,0,7.890112583333333,0.946145061785081,0
1460,mixed_confidence_non_fire_heat_source,2,0,2,0,0,11.204132816666666,1.182863257827173,0
1461,multi_confidence_persistent_real_fire,4,1,1,1,2,9.856974150000001,2.250171430706129,1
1462,nominal_low_satellite_with_news_real_fire,2,1,2,0,0,22.39208785,1.5335107439872224,1
1463,high_confidence_satellite_with_news,3,1,0,0,3,23.732069433333333,2.6620183142595533,1
1464,mixed_satellite_with_false_news,2,2,0,1,1,28.498476466666666,2.432356190574567,0
1465,nominal_satellite_false_heat_source,2,0,0,2,0,5.269501133333334,0.9722413103204306,0
1466,multi_confidence_persistent_real_fire,5,0,2,1,2,45.88871043333334,3.1225709146166847,1
1467,satellite_only_before_news,2,0,0,1,1,8.70035205,0.5958960742986649,1
1468,news_only_before_satellite,0,1,0,0,0,0.0,0.0,1
1469,news_rumor_no_fire,0,1,0,0,0,0.0,0.0,0
1470,correlated_satellite_news_false_alarm,2,1,0,2,0,21.205070433333333,1.9764926792246167,0
1471,multi_satellite_plus_multi_news,3,2,0,2,1,46.363811616666666,3.567038233523866,1
1472,satellite_only_before_news,2,0,0,1,1,2.564066216666667,1.0148630977083442,1
1473,mixed_confidence_satellite_real_fire,3,0,1,1,1,10.127054483333334,2.7945830497303334,1
1474,high_low_satellite_with_news_real_fire,3,2,2,0,1,23.55904866666667,1.642230741326038,1
1475,low_confidence_satellite_noise,3,0,3,0,0,10.546385066666666,1.3082367216769293,0
1476,multi_satellite_real_fire,4,0,0,4,0,19.875260583333333,2.8350326771304677,1
1477,news_rumor_no_fire,0,1,0,0,0,0.0,0.0,0
1478,nominal_low_satellite_with_news_real_fire,3,2,2,1,0,22.843253033333333,2.4722977143304927,1
1479,multi_confidence_persistent_real_fire,5,1,1,1,3,19.348382983333334,3.1708103521299082,1
1480,multi_confidence_persistent_real_fire,4,2,0,1,3,25.71154453333333,3.872460026182242,1
1481,multi_satellite_plus_multi_news,2,3,0,1,1,33.537576533333336,3.4316445978719243,1
1482,nominal_low_satellite_with_news_real_fire,3,1,1,2,0,10.512220466666667,1.4361160553100187,1
1483,correlated_satellite_news_false_alarm,1,2,0,1,0,9.0962574,0.5258202606925612,0
1484,satellite_only_before_news,2,0,0,1,1,4.942007516666666,0.8782138031423263,1
1485,low_confidence_satellite_noise,2,0,2,0,0,7.573499616666667,2.8796467319382413,0
1486,news_rumor_no_fire,0,1,0,0,0,0.0,0.0,0
1487,high_confidence_satellite_false_positive,1,0,0,0,1,0.0,0.0,0
1488,high_confidence_satellite_false_positive,1,0,0,0,1,0.0,0.0,0
1489,high_confidence_satellite_false_positive,1,0,0,0,1,0.0,0.0,0
1490,multi_satellite_plus_multi_news,3,3,0,1,2,30.055636766666666,3.6095548920235636,1
1491,high_confidence_satellite_with_news,3,1,0,0,3,17.319916916666667,2.382077440145789,1
1492,high_low_satellite_false_alarm,2,0,2,0,0,1.8005801666666665,0.2194177521865024,0
1493,multiple_news_same_false_alarm,0,3,0,0,0,16.864896266666666,1.223965530489618,0
1494,mixed_confidence_non_fire_heat_source,2,0,0,0,2,6.712447266666667,0.6082955004963657,0
1495,persistent_non_wildfire_heat_source,4,0,2,2,0,30.3848373,1.838632962033704,0
1496,multi_confidence_persistent_real_fire,4,2,0,1,3,31.22162205,3.250509629544463,1
1497,satellite_only_before_news,1,0,0,1,0,0.0,0.0,1
1498,nominal_satellite_false_heat_source,2,0,0,2,0,6.0550774,0.9891233908680216,0
1499,satellite_only_before_news,2,0,0,2,0,1.4510054,1.3760545686802004,1
1500,multi_satellite_plus_multi_news,3,2,0,1,2,16.7492502,2.3297482254655884,1
1501,persistent_non_wildfire_heat_source,3,0,3,0,0,22.263850950000002,2.1248109931596386,0
1502,news_rumor_no_fire,0,1,0,0,0,0.0,0.0,0
1503,mixed_confidence_non_fire_heat_source,2,0,0,1,1,4.2811270666666665,1.5929081549184596,0
1504,news_rumor_no_fire,0,1,0,0,0,0.0,0.0,0
1505,news_rumor_no_fire,0,1,0,0,0,0.0,0.0,0
1506,high_low_satellite_with_news_real_fire,2,1,0,0,2,16.012425916666665,1.8274819377295346,1
1507,persistent_non_wildfire_heat_source,3,0,0,3,0,23.80867891666667,2.5859635934131733,0
1508,mixed_satellite_with_false_news,2,2,0,2,0,34.24974243333334,1.0632390738906379,0
1509,high_low_satellite_false_alarm,3,1,2,0,1,14.6588609,1.7702033184880224,0
1510,high_low_satellite_with_news_real_fire,2,1,2,0,0,12.288281966666666,1.5472354088588745,1
1511,mixed_confidence_non_fire_heat_source,4,0,3,0,1,27.27476173333333,1.6879591058020509,0
1512,news_only_before_satellite,0,2,0,0,0,2.8723765,0.1576211349257725,1
1513,multi_satellite_real_fire,3,0,0,2,1,22.41253085,2.888311562861271,1
1514,correlated_satellite_news_false_alarm,1,1,1,0,0,6.289262833333334,0.515605992560936,0
1515,high_confidence_satellite_false_positive,1,0,0,0,1,0.0,0.0,0
1516,high_confidence_satellite_false_positive,1,0,0,0,1,0.0,0.0,0
1517,high_confidence_satellite_with_news,1,1,0,0,1,1.55356995,1.7499612658901977,1
1518,correlated_satellite_news_false_alarm,1,2,0,1,0,14.732858483333333,1.1962073337926014,0
1519,mixed_confidence_satellite_real_fire,4,2,4,0,0,30.48656235,2.4125568729878513,1
1520,high_low_satellite_with_news_real_fire,3,2,0,0,3,14.680606733333333,2.3055153204533605,1
1521,satellite_only_before_news,2,0,0,1,1,5.9464154,1.0815778865095442,1
1522,multi_satellite_real_fire,4,0,0,4,0,28.588888083333334,2.0777474339908855,1
1523,nominal_satellite_false_heat_source,2,0,0,2,0,10.78888795,0.12126203920299576,0
1524,nominal_low_satellite_with_news_real_fire,2,2,0,2,0,17.735895133333333,2.423940976575539,1
1525,mixed_confidence_satellite_real_fire,2,1,1,1,0,27.541636466666667,1.4675221719520357,1
1526,news_only_before_satellite,0,1,0,0,0,0.0,0.0,1
1527,nominal_low_satellite_with_news_real_fire,3,2,2,1,0,21.89105695,2.340483833707486,1
1528,nominal_satellite_with_news,2,1,0,2,0,29.765455183333334,2.4332437472712085,1
1529,multiple_news_same_false_alarm,0,4,0,0,0,22.145643633333336,0.6218850683026104,0
1530,multi_satellite_real_fire,2,0,0,2,0,34.97097878333333,2.1696202285370774,1
1531,nominal_satellite_false_heat_source,1,0,0,1,0,0.0,0.0,0
1532,news_only_before_satellite,0,1,0,0,0,0.0,0.0,1
1533,multi_confidence_persistent_real_fire,5,2,1,1,3,38.532767416666665,2.644449117467625,1
1534,high_confidence_satellite_with_news,1,1,0,0,1,6.377917533333333,1.5251265724493055,1
1535,multiple_news_same_false_alarm,0,3,0,0,0,26.962985016666668,0.7882788528289361,0
1536,low_confidence_satellite_noise,2,0,2,0,0,24.89895895,0.2502293969387302,0
1537,correlated_satellite_news_false_alarm,2,2,2,0,0,4.79294585,2.136194048214861,0
1538,mixed_confidence_satellite_real_fire,3,1,1,1,1,13.676559366666668,1.8403731484251784,1
1539,high_confidence_satellite_with_news,2,2,0,0,2,26.854557666666665,2.148240373045264,1
1540,nominal_satellite_false_heat_source,1,0,0,1,0,0.0,0.0,0
1541,correlated_satellite_news_false_alarm,2,2,0,2,0,21.613764816666666,1.9172936644135037,0
1542,high_low_satellite_false_alarm,2,0,1,0,1,2.2609713499999997,2.725909395194287,0
1543,mixed_confidence_satellite_real_fire,2,1,1,0,1,27.8097714,2.626176397068743,1
1544,high_low_satellite_with_news_real_fire,2,2,1,0,1,24.17263438333333,2.4254832399878605,1
1545,high_low_satellite_false_alarm,3,1,2,0,1,13.939456566666667,2.512878755195506,0
1546,high_confidence_satellite_with_news,3,1,0,0,3,12.714796633333332,2.640073777034838,1
1547,multi_satellite_plus_multi_news,4,2,0,1,3,35.83650883333333,3.3870367826937597,1
1548,nominal_satellite_false_heat_source,1,0,0,1,0,0.0,0.0,0
1549,persistent_non_wildfire_heat_source,2,0,1,1,0,6.9990448333333335,2.0388275223889156,0
1550,mixed_confidence_satellite_real_fire,3,2,2,1,0,29.086102333333333,2.624799501368284,1
1551,high_confidence_satellite_false_positive,1,0,0,0,1,0.0,0.0,0
1552,correlated_satellite_news_false_alarm,1,1,1,0,0,9.637231100000001,0.15347454164570787,0
1553,nominal_satellite_false_heat_source,2,0,0,2,0,3.801485583333333,1.1032432571613116,0
1554,multi_confidence_persistent_real_fire,5,1,1,3,1,22.168766766666668,1.6356424375856367,1
1555,high_confidence_satellite_false_positive,1,0,0,0,1,0.0,0.0,0
1556,nominal_satellite_false_heat_source,1,0,0,1,0,0.0,0.0,0
1557,correlated_satellite_news_false_alarm,1,1,0,1,0,2.6102088,1.8464799346461487,0
1558,mixed_satellite_with_false_news,2,1,0,2,0,23.953305666666665,2.3171654989098887,0
1559,persistent_non_wildfire_heat_source,2,0,2,0,0,34.35180173333333,2.009315816756698,0
1560,high_confidence_satellite_false_positive,1,0,0,0,1,0.0,0.0,0
1561,mixed_satellite_with_false_news,2,1,2,0,0,5.84054815,2.2819241108961372,0
1562,correlated_satellite_news_false_alarm,1,2,1,0,0,16.055221449999998,2.00030217089785,0
1563,nominal_low_satellite_with_news_real_fire,2,2,0,2,0,22.635877016666665,0.8437319017500777,1
1564,high_confidence_satellite_with_news,2,2,0,0,2,21.37477225,2.121285820423307,1
1565,news_only_before_satellite,0,1,0,0,0,0.0,0.0,1
1566,multi_confidence_persistent_real_fire,4,0,1,2,1,49.09787565,1.8282325297526039,1
1567,persistent_non_wildfire_heat_source,2,0,1,1,0,18.49076086666667,1.0421010659130132,0
1568,multi_satellite_plus_multi_news,2,3,0,0,2,31.17302833333333,2.829945896487662,1
1569,news_rumor_no_fire,0,1,0,0,0,0.0,0.0,0
1570,low_confidence_satellite_noise,1,0,1,0,0,0.0,0.0,0
1571,low_confidence_satellite_noise,1,0,1,0,0,0.0,0.0,0
1572,high_confidence_satellite_with_news,2,2,0,0,2,15.925129466666668,2.279128388002605,1
1573,correlated_satellite_news_false_alarm,1,2,1,0,0,19.95954533333333,2.388277202466012,0
1574,mixed_satellite_with_false_news,2,1,0,1,1,25.266038916666666,1.2328298006035665,0
1575,mixed_confidence_satellite_real_fire,4,2,1,2,1,24.717270250000002,3.738851694872964,1
1576,high_low_satellite_with_news_real_fire,3,1,0,0,3,10.217666533333333,1.7282858174850586,1
1577,multiple_news_same_false_alarm,0,2,0,0,0,43.75249746666667,0.553350171822602,0
1578,satellite_only_before_news,2,0,0,2,0,8.724364616666666,0.8513214367080958,1
1579,correlated_satellite_news_false_alarm,1,1,1,0,0,26.2576747,1.3817950084085995,0
1580,multi_satellite_plus_multi_news,3,2,0,3,0,41.579092550000006,2.561313625099473,1
1581,high_low_satellite_false_alarm,2,0,1,0,1,1.8906431333333333,1.2404098493483202,0
1582,persistent_non_wildfire_heat_source,4,0,4,0,0,38.72514751666667,1.8200100129891272,0
1583,high_confidence_satellite_with_news,3,2,0,0,3,22.408773566666664,2.4932533000995134,1
1584,mixed_confidence_satellite_real_fire,4,0,1,2,1,7.927280883333333,1.6369859356067964,1
1585,persistent_non_wildfire_heat_source,2,0,2,0,0,24.24847905,0.941533401984706,0
1586,correlated_satellite_news_false_alarm,2,2,0,2,0,27.19448865,2.8781078970540865,0
1587,news_only_before_satellite,0,2,0,0,0,6.197255116666667,0.9021878414912758,1
1588,nominal_low_satellite_with_news_real_fire,3,2,2,1,0,18.155631766666666,3.1504499262954604,1
1589,nominal_satellite_with_news,2,2,0,2,0,26.194037616666666,2.2433238047364417,1
1590,high_confidence_satellite_with_news,1,1,0,0,1,19.691000916666667,0.4095145346535387,1
1591,high_confidence_satellite_false_positive,1,0,0,0,1,0.0,0.0,0
1592,mixed_confidence_non_fire_heat_source,3,0,2,1,0,16.1905092,1.6697047141752999,0
1593,multi_satellite_real_fire,2,0,0,2,0,0.9897471,0.3113477035536773,1
1594,multi_satellite_plus_multi_news,3,3,0,2,1,41.94135666666667,2.1757313367694886,1
1595,mixed_satellite_with_false_news,3,1,0,2,1,16.9508206,2.270904925841193,0
1596,multiple_news_same_false_alarm,0,3,0,0,0,24.876699483333333,0.7905781165478528,0
1597,multi_satellite_plus_multi_news,2,3,0,2,0,20.2176247,3.0655372745943708,1
1598,multi_satellite_real_fire,4,0,0,4,0,29.597704,2.571094506681958,1
1599,mixed_confidence_non_fire_heat_source,4,0,2,2,0,21.316932650000002,1.9473552677276658,0
1600,news_rumor_no_fire,0,1,0,0,0,0.0,0.0,0
1601,high_confidence_satellite_with_news,3,1,0,0,3,21.769852516666667,1.8909678873532338,1
1602,correlated_satellite_news_false_alarm,2,2,2,0,0,16.280724583333335,1.3883900957906385,0
1603,correlated_satellite_news_false_alarm,2,1,0,2,0,20.020025116666666,0.8969315954906947,0
1604,news_rumor_no_fire,0,1,0,0,0,0.0,0.0,0
1605,low_confidence_satellite_noise,3,0,3,0,0,10.074360949999999,1.9830658793004854,0
1606,mixed_satellite_with_false_news,1,2,1,0,0,5.746897083333334,2.3012950848875597,0
1607,high_confidence_satellite_false_positive,1,0,0,0,1,0.0,0.0,0
1608,satellite_only_before_news,1,0,0,0,1,0.0,0.0,1
1609,multi_confidence_persistent_real_fire,5,2,1,2,2,41.316671416666665,4.110651376860993,1
1610,news_only_before_satellite,0,2,0,0,0,7.68744525,0.9025097748577003,1
1611,mixed_satellite_with_false_news,2,1,1,0,1,6.2781487,2.0543586196360484,0
1612,news_rumor_no_fire,0,1,0,0,0,0.0,0.0,0
1613,mixed_confidence_satellite_real_fire,2,1,1,0,1,14.351975650000002,1.88543177572699,1
1614,low_confidence_satellite_noise,3,0,3,0,0,14.895653933333334,3.6134636454145412,0
1615,multi_satellite_real_fire,3,0,0,1,2,13.316490016666668,1.5669320317652256,1
1616,correlated_satellite_news_false_alarm,2,2,2,0,0,21.694846933333334,2.1730365181294165,0
1617,high_low_satellite_with_news_real_fire,2,1,1,0,1,15.109644,1.9114173585547969,1
1618,nominal_low_satellite_with_news_real_fire,3,2,1,2,0,15.236551716666666,2.8272737862834973,1
1619,mixed_satellite_with_false_news,1,1,0,0,1,22.112803983333333,2.079983356690621,0
1620,high_confidence_satellite_with_news,1,2,0,0,1,23.978678966666667,2.4706928560599657,1
1621,low_confidence_satellite_noise,1,0,1,0,0,0.0,0.0,0
1622,high_confidence_satellite_with_news,1,1,0,0,1,12.357592649999999,0.5864319898927123,1
1623,high_low_satellite_with_news_real_fire,2,1,0,0,2,24.34367178333333,2.717593284336852,1
1624,mixed_confidence_non_fire_heat_source,2,0,0,2,0,3.8110811833333336,2.105035012887901,0
1625,multiple_news_same_false_alarm,0,2,0,0,0,26.914243183333333,0.8806180608899499,0
1626,high_confidence_satellite_with_news,3,1,0,0,3,11.488189966666665,2.855263081703924,1
1627,mixed_confidence_non_fire_heat_source,3,0,0,1,2,10.680837050000001,0.7101441604800678,0
1628,news_only_before_satellite,0,2,0,0,0,10.823877666666668,0.5243183207648241,1
1629,multiple_news_same_false_alarm,0,4,0,0,0,33.95608386666667,1.4869550190128686,0
1630,mixed_confidence_satellite_real_fire,4,2,0,1,3,35.861014950000005,2.3964021010138534,1
1631,persistent_non_wildfire_heat_source,4,0,3,1,0,38.8340696,2.1195325155103886,0
1632,high_low_satellite_with_news_real_fire,3,2,0,0,3,27.550774866666664,2.250874746281163,1
1633,high_confidence_satellite_false_positive,1,0,0,0,1,0.0,0.0,0
1634,news_rumor_no_fire,0,1,0,0,0,0.0,0.0,0
1635,multi_confidence_persistent_real_fire,5,1,0,2,3,35.19638213333334,2.2823592817645966,1
1636,nominal_satellite_false_heat_source,1,0,0,1,0,0.0,0.0,0
1637,nominal_satellite_false_heat_source,1,0,0,1,0,0.0,0.0,0
1638,persistent_non_wildfire_heat_source,2,0,0,2,0,0.4197971666666667,0.4859137651617217,0
1639,mixed_satellite_with_false_news,2,1,0,1,1,17.10752078333333,0.5330737721760009,0
1640,mixed_satellite_with_false_news,2,2,0,0,2,30.0108998,3.304828434845502,0
1641,multiple_news_same_false_alarm,0,4,0,0,0,20.26876975,1.0405008154962898,0
1642,high_low_satellite_false_alarm,2,1,2,0,0,18.985774900000003,1.4685005996503449,0
1643,nominal_low_satellite_with_news_real_fire,2,1,2,0,0,17.838729983333334,3.6916870171987206,1
1644,mixed_satellite_with_false_news,3,2,2,1,0,24.374612,1.771149973096073,0
1645,nominal_low_satellite_with_news_real_fire,3,2,1,2,0,34.714900183333334,2.008713456299603,1
1646,high_low_satellite_with_news_real_fire,2,2,1,0,1,25.726849116666664,2.1267832386137253,1
1647,nominal_satellite_with_news,1,1,0,1,0,11.318758383333334,1.377420913205841,1
1648,high_low_satellite_false_alarm,3,0,2,0,1,6.0399316,1.4237322564420718,0
1649,nominal_satellite_with_news,2,2,0,2,0,17.499612633333335,2.489846463642802,1
1650,high_confidence_satellite_with_news,2,2,0,0,2,16.302105683333334,1.7621843321460804,1
1651,high_confidence_satellite_false_positive,1,0,0,0,1,0.0,0.0,0
1652,correlated_satellite_news_false_alarm,2,1,1,1,0,25.18260725,1.156735274967522,0
1653,multi_confidence_persistent_real_fire,5,0,1,2,2,48.169608833333335,3.645176037391879,1
1654,mixed_confidence_satellite_real_fire,4,1,1,1,2,35.84845515,3.636978345030806,1
1655,mixed_confidence_satellite_real_fire,3,1,1,2,0,32.40065078333333,1.770197212995045,1
1656,high_low_satellite_false_alarm,2,1,0,0,2,25.99448955,2.343787890756929,0
1657,mixed_confidence_non_fire_heat_source,3,0,0,2,1,12.143554066666667,1.7298581310524423,0
1658,high_confidence_satellite_with_news,2,2,0,0,2,20.376485849999998,2.825525103527678,1
1659,mixed_confidence_satellite_real_fire,3,2,2,0,1,36.01339813333333,3.5982483263189162,1
1660,news_rumor_no_fire,0,1,0,0,0,0.0,0.0,0
1661,high_low_satellite_false_alarm,2,1,0,0,2,26.4373082,2.5629556050926423,0
1662,multi_satellite_plus_multi_news,3,3,0,0,3,29.8454057,3.017353183376832,1
1663,persistent_non_wildfire_heat_source,2,0,1,1,0,16.640187983333334,2.639331647067158,0
1664,correlated_satellite_news_false_alarm,1,1,1,0,0,3.705863616666667,1.8604067685683974,0
1665,nominal_satellite_false_heat_source,1,0,0,1,0,0.0,0.0,0
1666,multi_satellite_plus_multi_news,4,2,0,2,2,26.9010465,3.2278485207571657,1
1667,mixed_satellite_with_false_news,3,1,1,0,2,21.28309655,1.9410418545836343,0
1668,high_low_satellite_with_news_real_fire,2,1,1,0,1,5.14078405,2.410849445500092,1
1669,nominal_low_satellite_with_news_real_fire,3,1,0,3,0,20.29343191666667,2.7311999881468823,1
1670,news_only_before_satellite,0,1,0,0,0,0.0,0.0,1
1671,multi_satellite_plus_multi_news,4,2,0,1,3,40.264775533333335,3.019800410401015,1
1672,news_rumor_no_fire,0,1,0,0,0,0.0,0.0,0
1673,multiple_news_same_false_alarm,0,4,0,0,0,21.75301676666667,1.0414878823050513,0
1674,persistent_non_wildfire_heat_source,3,0,3,0,0,14.357791866666668,1.0271157263415915,0
1675,nominal_satellite_false_heat_source,1,0,0,1,0,0.0,0.0,0
1676,satellite_only_before_news,1,0,0,0,1,0.0,0.0,1
1677,multi_confidence_persistent_real_fire,4,1,3,0,1,39.4757012,2.8725729304487766,1
1678,satellite_only_before_news,2,0,0,1,1,0.99493515,0.9555950122267168,1
1679,multi_confidence_persistent_real_fire,3,2,1,0,2,36.53896615,2.332987237674091,1
1680,multiple_news_same_false_alarm,0,3,0,0,0,14.493224983333333,1.029767402668107,0
1681,high_confidence_satellite_with_news,2,2,0,0,2,25.142429683333333,1.7641607179622392,1
1682,multi_satellite_plus_multi_news,3,2,0,2,1,38.94463158333333,2.369551510471274,1
1683,multiple_news_same_false_alarm,0,2,0,0,0,2.608808166666667,0.7114562796927675,0
1684,multiple_news_same_false_alarm,0,4,0,0,0,39.665338,1.8841041724537455,0
1685,news_only_before_satellite,0,2,0,0,0,11.103189283333334,0.780652474914785,1
1686,persistent_non_wildfire_heat_source,2,0,0,2,0,3.229405133333333,3.0544723458578042,0
1687,news_rumor_no_fire,0,1,0,0,0,0.0,0.0,0
1688,mixed_confidence_non_fire_heat_source,2,0,0,1,1,13.284505533333334,0.652633646920915,0
1689,low_confidence_satellite_noise,3,0,3,0,0,19.521836283333336,2.405496868533464,0
1690,nominal_satellite_with_news,2,2,0,2,0,22.93290741666667,2.4239034862776028,1
1691,low_confidence_satellite_noise,3,0,3,0,0,17.0486222,2.5300048079577313,0
1692,satellite_only_before_news,2,0,0,2,0,18.395456966666664,1.1103651043161302,1
1693,multi_satellite_real_fire,3,0,0,2,1,3.5700802166666668,2.463907134297183,1
1694,multi_satellite_real_fire,2,0,0,0,2,27.818707266666667,1.9872110108373877,1
1695,mixed_confidence_non_fire_heat_source,4,0,1,2,1,26.575087283333335,1.9577741758927873,0
1696,high_low_satellite_with_news_real_fire,3,1,1,0,2,20.0749238,2.5061053285625823,1
1697,multi_confidence_persistent_real_fire,4,1,0,1,3,18.501308716666664,3.344534422680599,1
1698,high_low_satellite_false_alarm,2,1,1,0,1,17.54901705,2.6391089853244885,0
1699,mixed_confidence_satellite_real_fire,3,2,1,1,1,23.3991121,3.5023333684105005,1
1700,mixed_satellite_with_false_news,1,2,0,0,1,18.862104633333335,1.663118855705646,0
1701,low_confidence_satellite_noise,1,0,1,0,0,0.0,0.0,0
1702,high_low_satellite_with_news_real_fire,2,2,2,0,0,18.27933405,2.29943916619024,1
1703,high_low_satellite_with_news_real_fire,3,1,2,0,1,32.5739848,3.5168971278520926,1
1704,news_only_before_satellite,0,1,0,0,0,0.0,0.0,1
1705,low_confidence_satellite_noise,2,0,2,0,0,15.137717416666668,1.3346491087294046,0
1706,multi_satellite_plus_multi_news,3,2,0,2,1,30.500709866666668,1.2779085037481703,1
1707,news_rumor_no_fire,0,1,0,0,0,0.0,0.0,0
1708,multi_satellite_real_fire,2,0,0,0,2,36.79409306666666,1.6820927148633074,1
1709,mixed_satellite_with_false_news,1,1,1,0,0,2.5803449,1.8079895696914972,0
1710,nominal_low_satellite_with_news_real_fire,3,2,3,0,0,17.88932188333333,3.006762608435565,1
1711,high_confidence_satellite_with_news,2,2,0,0,2,16.370737000000002,0.9846434848185752,1
1712,mixed_confidence_non_fire_heat_source,3,0,1,1,1,4.762937716666666,1.5094180333065383,0
1713,nominal_low_satellite_with_news_real_fire,3,1,2,1,0,13.16367445,2.112815223985211,1
1714,high_low_satellite_with_news_real_fire,2,2,0,0,2,8.905969383333334,3.3374764285686243,1
1715,multi_satellite_real_fire,3,0,0,0,3,26.842264066666665,2.7232195087513205,1
1716,multi_confidence_persistent_real_fire,4,1,1,1,2,47.0831104,3.270898817725815,1
1717,multi_satellite_plus_multi_news,4,2,0,1,3,47.839158516666664,1.5701968368344326,1
1718,mixed_confidence_satellite_real_fire,4,2,0,3,1,22.837449283333335,3.4027492637899615,1
1719,high_confidence_satellite_with_news,3,2,0,0,3,26.651892216666667,2.295813563804389,1
1720,nominal_satellite_with_news,2,2,0,2,0,21.091668783333333,2.4612909079355423,1
1721,correlated_satellite_news_false_alarm,2,2,0,2,0,23.182273633333335,2.709159323661729,0
1722,multi_satellite_plus_multi_news,2,2,0,0,2,7.34109675,1.4999488216384216,1
1723,mixed_satellite_with_false_news,1,1,1,0,0,12.62732445,1.0981261092855048,0
1724,correlated_satellite_news_false_alarm,1,1,1,0,0,21.67407658333333,0.5112562152553568,0
1725,persistent_non_wildfire_heat_source,2,0,2,0,0,19.034326766666666,1.3226698936984913,0
1726,nominal_satellite_with_news,2,2,0,2,0,14.894149466666667,2.9021715435226563,1
1727,multi_satellite_plus_multi_news,2,2,0,1,1,16.412366083333335,2.0977942423233134,1
1728,high_confidence_satellite_false_positive,1,0,0,0,1,0.0,0.0,0
1729,nominal_satellite_false_heat_source,1,0,0,1,0,0.0,0.0,0
1730,multi_satellite_real_fire,3,0,0,2,1,24.460171183333333,2.712843387680875,1
1731,mixed_confidence_non_fire_heat_source,2,0,0,1,1,20.433326916666665,1.401977773746842,0
1732,mixed_satellite_with_false_news,2,2,1,1,0,19.658363899999998,1.4409858924552887,0
1733,mixed_satellite_with_false_news,2,2,1,1,0,26.4749275,2.5558267092567255,0
1734,low_confidence_satellite_noise,3,0,3,0,0,11.292859566666667,2.693443661291598,0
1735,mixed_confidence_satellite_real_fire,4,0,1,2,1,10.95075065,3.860666242022528,1
1736,multiple_news_same_false_alarm,0,4,0,0,0,8.7089547,1.4137434772700912,0
1737,multi_confidence_persistent_real_fire,5,0,2,2,1,34.75736223333333,2.5500786337677055,1
1738,mixed_confidence_satellite_real_fire,2,0,0,2,0,25.48518335,0.1163233392383384,1
1739,multiple_news_same_false_alarm,0,2,0,0,0,0.029878783333333332,1.5711958371957997,0
1740,nominal_satellite_with_news,2,2,0,2,0,19.211809083333332,1.0543775891775367,1
1741,news_only_before_satellite,0,1,0,0,0,0.0,0.0,1
1742,high_confidence_satellite_false_positive,1,0,0,0,1,0.0,0.0,0
1743,low_confidence_satellite_noise,3,0,3,0,0,15.7068706,1.3370013524939026,0
1744,correlated_satellite_news_false_alarm,2,2,2,0,0,13.972067316666665,2.5720020939324555,0
1745,news_rumor_no_fire,0,1,0,0,0,0.0,0.0,0
1746,low_confidence_satellite_noise,3,0,3,0,0,4.0717685333333336,2.4588288982450575,0
1747,nominal_satellite_false_heat_source,1,0,0,1,0,0.0,0.0,0
1748,nominal_low_satellite_with_news_real_fire,3,1,2,1,0,16.0454656,2.906639953290314,1
1749,persistent_non_wildfire_heat_source,4,0,2,2,0,39.961272900000004,1.61199591991834,0
1750,correlated_satellite_news_false_alarm,2,1,1,1,0,10.5734796,1.7656395968345944,0
1751,nominal_low_satellite_with_news_real_fire,3,2,2,1,0,29.324568333333332,2.3301333521198804,1
1752,nominal_satellite_with_news,2,2,0,2,0,16.492168583333335,1.4829768511224575,1
1753,correlated_satellite_news_false_alarm,2,1,1,1,0,11.808855166666666,1.6843236270112858,0
1754,multi_satellite_plus_multi_news,4,3,0,3,1,40.03934043333334,3.462189757837248,1
1755,news_only_before_satellite,0,2,0,0,0,17.727927216666668,1.1003213656759898,1
1756,satellite_only_before_news,2,0,0,0,2,10.822802333333334,0.9922310047853653,1
1757,high_confidence_satellite_with_news,3,1,0,0,3,19.199197883333333,3.110729805727974,1
1758,multiple_news_same_false_alarm,0,4,0,0,0,14.403637183333332,0.9589235306576273,0
1759,persistent_non_wildfire_heat_source,2,0,2,0,0,9.357081716666666,2.275793487267235,0
1760,nominal_satellite_false_heat_source,2,0,0,2,0,4.29550425,0.8574462575817534,0
1761,mixed_confidence_non_fire_heat_source,4,0,2,1,1,20.750445883333335,2.566982722955485,0
1762,mixed_satellite_with_false_news,1,1,0,1,0,14.725508166666666,1.0106139038754072,0
1763,mixed_confidence_non_fire_heat_source,4,0,2,1,1,27.71921515,1.5464587589922572,0
1764,persistent_non_wildfire_heat_source,4,0,2,2,0,22.534697083333334,3.3655774605242033,0
1765,high_low_satellite_with_news_real_fire,2,1,1,0,1,32.62744801666666,2.7401470022219763,1
1766,multi_confidence_persistent_real_fire,4,0,0,3,1,19.012755799999997,3.203104109297923,1
1767,high_confidence_satellite_false_positive,1,0,0,0,1,0.0,0.0,0
1768,multi_satellite_real_fire,3,0,0,2,1,18.188311966666667,2.397999787119232,1
1769,multi_confidence_persistent_real_fire,3,2,1,1,1,41.62751873333333,3.2246184972096925,1
1770,news_rumor_no_fire,0,1,0,0,0,0.0,0.0,0
1771,satellite_only_before_news,2,0,0,1,1,6.4915684166666665,0.2614506887698171,1
1772,multi_satellite_plus_multi_news,4,3,0,2,2,42.1369259,1.807040192053666,1
1773,multiple_news_same_false_alarm,0,2,0,0,0,23.76592345,0.8704879188791744,0
1774,nominal_low_satellite_with_news_real_fire,2,2,1,1,0,25.629577733333335,3.304041258241978,1
1775,low_confidence_satellite_noise,2,0,2,0,0,18.08428758333333,1.0149831421300748,0
1776,nominal_satellite_with_news,2,1,0,2,0,23.555260466666667,1.7082295244409185,1
1777,mixed_confidence_satellite_real_fire,2,1,0,1,1,8.947377983333332,2.0297397641327093,1
1778,nominal_satellite_false_heat_source,2,0,0,2,0,6.113599300000001,0.15966611717062817,0
1779,mixed_confidence_non_fire_heat_source,2,0,0,2,0,1.6388629833333332,1.2349450817253964,0
1780,high_low_satellite_false_alarm,3,0,2,0,1,12.402762283333335,1.8521717907755366,0
1781,multi_satellite_real_fire,2,0,0,2,0,1.3019863333333332,2.0494035150484264,1
1782,nominal_satellite_with_news,1,2,0,1,0,25.28793335,2.275610165010212,1
1783,nominal_satellite_with_news,2,1,0,2,0,9.962460566666666,2.8669856696412364,1
1784,multi_satellite_plus_multi_news,4,3,0,2,2,35.13966105,3.3493998710903337,1
1785,high_confidence_satellite_with_news,3,1,0,0,3,16.080119,1.8497074271451,1
1786,high_confidence_satellite_with_news,3,2,0,0,3,27.126162933333333,2.335010357414167,1
1787,high_confidence_satellite_false_positive,1,0,0,0,1,0.0,0.0,0
1788,news_rumor_no_fire,0,1,0,0,0,0.0,0.0,0
1789,multi_satellite_real_fire,4,0,0,2,2,13.192777416666667,3.249481950447466,1
1790,mixed_confidence_non_fire_heat_source,3,0,1,0,2,12.613717666666668,1.3367767584412893,0
1791,nominal_low_satellite_with_news_real_fire,2,2,1,1,0,19.002452183333332,2.5186180462519285,1
1792,mixed_satellite_with_false_news,3,2,0,2,1,12.311964033333334,2.7397572483505064,0
1793,nominal_low_satellite_with_news_real_fire,3,1,1,2,0,11.908210066666667,1.9680066040885964,1
1794,mixed_confidence_non_fire_heat_source,3,0,2,0,1,13.70855855,1.8635075022781211,0
1795,news_rumor_no_fire,0,1,0,0,0,0.0,0.0,0
1796,multiple_news_same_false_alarm,0,4,0,0,0,27.208789316666664,1.076716247033993,0
1797,mixed_confidence_non_fire_heat_source,3,0,1,2,0,18.30377695,1.0731575440235137,0
1798,high_confidence_satellite_false_positive,1,0,0,0,1,0.0,0.0,0
1799,nominal_satellite_false_heat_source,1,0,0,1,0,0.0,0.0,0
1800,news_only_before_satellite,0,2,0,0,0,6.278191616666667,0.24782287857637078,1
1801,correlated_satellite_news_false_alarm,2,2,1,1,0,21.442153833333336,1.8721566874853406,0
1802,multi_satellite_plus_multi_news,2,3,0,2,0,47.944013983333335,3.5453522333476863,1
1803,nominal_satellite_with_news,1,1,0,1,0,6.865237216666667,0.18809158489872585,1
1804,news_rumor_no_fire,0,1,0,0,0,0.0,0.0,0
1805,high_low_satellite_with_news_real_fire,2,2,1,0,1,31.323014399999998,2.9389254093993666,1
1806,satellite_only_before_news,1,0,0,1,0,0.0,0.0,1
1807,news_only_before_satellite,0,2,0,0,0,10.238701983333334,0.9874918390675586,1
1808,news_rumor_no_fire,0,1,0,0,0,0.0,0.0,0
1809,news_rumor_no_fire,0,1,0,0,0,0.0,0.0,0
1810,high_low_satellite_with_news_real_fire,2,2,2,0,0,31.3056091,1.371403912073873,1
1811,multi_confidence_persistent_real_fire,5,0,1,1,3,28.413197200000003,3.921491011112905,1
1812,high_confidence_satellite_false_positive,1,0,0,0,1,0.0,0.0,0
1813,news_rumor_no_fire,0,1,0,0,0,0.0,0.0,0
1814,nominal_satellite_with_news,2,2,0,2,0,28.61610131666667,2.9708627037938538,1
1815,mixed_confidence_non_fire_heat_source,3,0,1,1,1,21.209308,2.3772380961940986,0
1816,multi_satellite_real_fire,3,0,0,2,1,32.73707901666667,0.8416999058220237,1
1817,high_confidence_satellite_false_positive,1,0,0,0,1,0.0,0.0,0
1818,multi_satellite_plus_multi_news,3,3,0,2,1,47.7272996,3.862528449476726,1
1819,high_low_satellite_false_alarm,2,0,2,0,0,17.18376925,0.8381744205078198,0
1820,mixed_satellite_with_false_news,1,2,0,1,0,8.896575583333334,2.3845834876123457,0
1821,high_low_satellite_false_alarm,2,1,0,0,2,21.261150633333333,1.9942519033394255,0
1822,high_low_satellite_false_alarm,2,1,1,0,1,12.899216733333333,0.5817924648298307,0
1823,persistent_non_wildfire_heat_source,2,0,0,2,0,41.12380075,2.001941155118145,0
1824,correlated_satellite_news_false_alarm,1,1,1,0,0,23.367375533333334,1.491020724473041,0
1825,high_confidence_satellite_with_news,3,2,0,0,3,23.351823183333334,2.792309728896734,1
1826,multi_confidence_persistent_real_fire,3,2,0,1,2,39.405574183333336,2.818759885795547,1
1827,persistent_non_wildfire_heat_source,3,0,2,1,0,25.48805445,1.8787996681211943,0
1828,nominal_satellite_with_news,2,1,0,2,0,28.440710383333332,0.8636634119186997,1
1829,mixed_satellite_with_false_news,2,1,1,0,1,6.603339583333334,1.3559962062181636,0
1830,multi_satellite_plus_multi_news,4,2,0,1,3,39.48222878333333,3.053930191407805,1
1831,correlated_satellite_news_false_alarm,2,1,2,0,0,11.576494516666665,2.680320459140484,0
1832,multiple_news_same_false_alarm,0,3,0,0,0,29.538917700000002,0.7132414421423521,0
1833,multi_satellite_plus_multi_news,2,3,0,1,1,25.347168983333333,3.2799513594896035,1
1834,high_confidence_satellite_with_news,1,2,0,0,1,24.130622733333333,3.244882322131407,1
1835,multi_satellite_real_fire,2,0,0,1,1,8.287143333333333,1.0441330929012365,1
1836,nominal_satellite_false_heat_source,2,0,0,2,0,0.5509475833333333,1.3137735237102122,0
1837,news_only_before_satellite,0,2,0,0,0,16.096508966666665,0.6041425845193188,1
1838,correlated_satellite_news_false_alarm,1,2,0,1,0,22.011835766666664,2.613439654630201,0
1839,multi_satellite_plus_multi_news,4,3,0,2,2,39.19562543333333,2.709738406676325,1
1840,high_confidence_satellite_with_news,2,2,0,0,2,15.526240083333333,1.8305667825164702,1
1841,high_low_satellite_false_alarm,2,1,1,0,1,21.220536183333333,1.6552139790303393,0
1842,high_low_satellite_false_alarm,2,1,1,0,1,3.4385639833333332,2.3979854790289514,0
1843,high_confidence_satellite_with_news,3,2,0,0,3,10.766958366666668,1.6979203837817425,1
1844,nominal_low_satellite_with_news_real_fire,3,2,2,1,0,18.43700996666667,2.738950956393038,1
1845,persistent_non_wildfire_heat_source,4,0,2,2,0,9.9507843,3.4570009918259816,0
1846,multiple_news_same_false_alarm,0,2,0,0,0,1.1920803500000001,1.7184966404388664,0
1847,multi_confidence_persistent_real_fire,3,0,2,0,1,4.529188466666667,2.3728169881299235,1
1848,nominal_satellite_with_news,1,2,0,1,0,11.911271583333333,1.47733355106509,1
1849,correlated_satellite_news_false_alarm,1,1,0,1,0,3.1972327333333337,2.610613564871507,0
1850,satellite_only_before_news,1,0,0,0,1,0.0,0.0,1
1851,high_confidence_satellite_with_news,2,2,0,0,2,21.69462671666667,2.9470255674819446,1
1852,news_only_before_satellite,0,1,0,0,0,0.0,0.0,1
1853,mixed_confidence_satellite_real_fire,3,1,0,2,1,35.450603916666665,1.4439863053608344,1
1854,nominal_satellite_with_news,2,1,0,2,0,21.024335666666666,1.9681506337811558,1
1855,nominal_satellite_with_news,1,2,0,1,0,15.570505066666668,0.7415073735298455,1
1856,mixed_confidence_satellite_real_fire,3,0,2,1,0,20.499306366666666,2.0947883921439794,1
1857,multiple_news_same_false_alarm,0,3,0,0,0,38.942673199999994,0.7177803635654888,0
1858,multi_satellite_plus_multi_news,3,3,0,1,2,46.7253869,3.7045656032237573,1
1859,high_confidence_satellite_with_news,3,2,0,0,3,24.2828017,1.5684411470592017,1
1860,multiple_news_same_false_alarm,0,4,0,0,0,23.513389833333335,1.541519925622618,0
1861,correlated_satellite_news_false_alarm,1,1,0,1,0,6.2776646,2.8439563133278583,0
1862,mixed_satellite_with_false_news,2,2,0,1,1,8.032511366666666,3.546955030682898,0
1863,news_rumor_no_fire,0,1,0,0,0,0.0,0.0,0
1864,nominal_low_satellite_with_news_real_fire,2,2,1,1,0,17.490293116666667,2.4446599392897537,1
1865,nominal_satellite_false_heat_source,1,0,0,1,0,0.0,0.0,0
1866,correlated_satellite_news_false_alarm,1,2,0,1,0,6.709449466666666,2.408420026836204,0
1867,high_low_satellite_with_news_real_fire,2,1,2,0,0,22.419310633333335,1.7855323630434896,1
1868,multi_satellite_plus_multi_news,2,2,0,2,0,30.405434116666665,3.30162012706922,1
1869,nominal_satellite_with_news,2,1,0,2,0,18.589577016666667,2.863529624154969,1
1870,multiple_news_same_false_alarm,0,2,0,0,0,5.863844433333333,0.327306617455801,0
1871,nominal_satellite_with_news,1,2,0,1,0,12.924602516666665,3.5539683427057875,1
1872,multi_confidence_persistent_real_fire,3,0,1,1,1,46.891125366666664,2.3693757749053734,1
1873,multi_satellite_plus_multi_news,2,2,0,1,1,41.108524249999995,1.6920818438510379,1
1874,multiple_news_same_false_alarm,0,3,0,0,0,18.6760039,1.2031250109501468,0
1875,high_low_satellite_with_news_real_fire,2,1,1,0,1,19.78736328333333,0.9676577731756214,1
1876,high_confidence_satellite_with_news,3,2,0,0,3,20.851350516666667,3.3991892127164447,1
1877,nominal_satellite_with_news,2,2,0,2,0,7.0707886,2.5283204424840906,1
1878,multi_satellite_real_fire,3,0,0,1,2,21.935392433333334,1.5638639664545764,1
1879,nominal_satellite_with_news,2,2,0,2,0,20.813419183333334,3.2652246821139013,1
1880,persistent_non_wildfire_heat_source,3,0,1,2,0,21.981256433333332,2.954195532767905,0
1881,high_low_satellite_with_news_real_fire,3,2,3,0,0,22.321547766666665,1.5909596018546435,1
1882,multi_satellite_real_fire,2,0,0,0,2,28.313564,1.6180560176985577,1
1883,news_only_before_satellite,0,2,0,0,0,15.7633107,0.09008906599988355,1
1884,multiple_news_same_false_alarm,0,4,0,0,0,31.552551933333334,1.3538321362352055,0
1885,nominal_low_satellite_with_news_real_fire,2,2,2,0,0,14.602683266666666,1.1289316244772003,1
1886,high_low_satellite_false_alarm,3,0,1,0,2,12.209713200000001,2.2644761277645227,0
1887,high_confidence_satellite_with_news,3,1,0,0,3,22.0019342,1.8337095001454642,1
1888,mixed_confidence_non_fire_heat_source,3,0,0,1,2,9.772958883333333,1.4315379738447005,0
1889,multi_satellite_real_fire,2,0,0,1,1,18.54806841666667,0.5466999110962798,1
1890,persistent_non_wildfire_heat_source,3,0,2,1,0,36.36442568333334,1.9559947653983567,0
1891,multi_satellite_real_fire,3,0,0,2,1,22.015590633333332,2.5432801489129346,1
1892,correlated_satellite_news_false_alarm,2,1,0,2,0,19.800315383333334,1.8273150599791965,0
1893,satellite_only_before_news,2,0,0,0,2,4.378761633333334,1.5268823006739038,1
1894,high_confidence_satellite_with_news,2,1,0,0,2,15.235914383333332,2.9843077445332353,1
1895,mixed_confidence_non_fire_heat_source,3,0,0,3,0,26.70013745,1.0176054218964325,0
1896,news_only_before_satellite,0,2,0,0,0,9.562068333333334,0.22502549932908855,1
1897,nominal_low_satellite_with_news_real_fire,3,1,3,0,0,20.732494550000002,2.6078082722910265,1
1898,news_rumor_no_fire,0,1,0,0,0,0.0,0.0,0
1899,multi_confidence_persistent_real_fire,3,2,2,1,0,21.46577135,2.043354519095338,1
1900,high_low_satellite_with_news_real_fire,2,2,2,0,0,13.892293866666668,1.0683005761226276,1
1901,nominal_satellite_with_news,2,2,0,2,0,31.094067683333332,3.1149025359323472,1
1902,high_confidence_satellite_false_positive,1,0,0,0,1,0.0,0.0,0
1903,high_confidence_satellite_with_news,2,1,0,0,2,9.014721933333334,2.0510347764764005,1
1904,multi_confidence_persistent_real_fire,5,2,1,1,3,30.52905975,2.802470806304189,1
1905,multi_satellite_real_fire,2,0,0,1,1,5.84774905,1.339022544332193,1
1906,nominal_low_satellite_with_news_real_fire,3,2,2,1,0,18.96996323333333,1.528069340719345,1
1907,news_rumor_no_fire,0,1,0,0,0,0.0,0.0,0
1908,mixed_satellite_with_false_news,1,2,1,0,0,2.9254064833333335,2.2902070938188537,0
1909,low_confidence_satellite_noise,1,0,1,0,0,0.0,0.0,0
1910,nominal_satellite_with_news,2,2,0,2,0,23.607052633333335,1.6072686141442154,1
1911,correlated_satellite_news_false_alarm,1,1,1,0,0,1.4987171333333333,1.416464238413669,0
1912,news_only_before_satellite,0,1,0,0,0,0.0,0.0,1
1913,nominal_low_satellite_with_news_real_fire,3,2,1,2,0,29.83844518333333,2.49217931456573,1
1914,mixed_confidence_satellite_real_fire,3,2,3,0,0,31.8085193,2.8342629860373645,1
1915,mixed_satellite_with_false_news,3,2,0,1,2,10.5413584,2.72037906422657,0
1916,mixed_confidence_satellite_real_fire,2,2,1,0,1,12.870949366666668,2.040871825320384,1
1917,multi_satellite_plus_multi_news,3,2,0,1,2,30.683810750000003,2.823665567048777,1
1918,low_confidence_satellite_noise,1,0,1,0,0,0.0,0.0,0
1919,nominal_satellite_with_news,1,1,0,1,0,21.969732883333332,0.9776341784317432,1
1920,mixed_satellite_with_false_news,1,2,0,0,1,30.399407399999998,3.1057802324840846,0
1921,mixed_confidence_satellite_real_fire,2,0,2,0,0,7.5112975833333335,1.588486494518513,1
1922,multi_confidence_persistent_real_fire,4,2,1,2,1,48.39859103333333,4.018356088078779,1
1923,high_low_satellite_with_news_real_fire,3,2,2,0,1,15.176122083333333,2.2494050949343625,1
1924,mixed_confidence_satellite_real_fire,4,1,1,2,1,20.83790518333333,3.3289213525387726,1
1925,multi_confidence_persistent_real_fire,3,0,0,0,3,47.777039816666665,2.4434447415781957,1
1926,multiple_news_same_false_alarm,0,2,0,0,0,19.341514583333332,1.0081839228926175,0
1927,persistent_non_wildfire_heat_source,2,0,0,2,0,16.362127216666668,2.1275639977745464,0
1928,persistent_non_wildfire_heat_source,3,0,0,3,0,17.167152050000002,3.3008705266080423,0
1929,correlated_satellite_news_false_alarm,2,2,2,0,0,18.436116833333333,1.7565973516779063,0
1930,multi_satellite_real_fire,2,0,0,2,0,40.42751325,1.5466742693003508,1
1931,multi_confidence_persistent_real_fire,4,0,1,1,2,30.86317405,1.7346919016796005,1
1932,correlated_satellite_news_false_alarm,2,2,0,2,0,21.75845145,1.1984786366907318,0
1933,high_low_satellite_false_alarm,2,0,2,0,0,0.9530274833333333,1.944097885288128,0
1934,high_low_satellite_false_alarm,2,1,1,0,1,28.418272166666668,2.536771898020647,0
1935,multiple_news_same_false_alarm,0,3,0,0,0,7.86566995,0.8321010483608977,0
1936,mixed_confidence_satellite_real_fire,2,0,0,1,1,26.858281966666667,3.388142408451362,1
1937,correlated_satellite_news_false_alarm,1,1,1,0,0,6.194551766666667,1.0296176320905546,0
1938,nominal_satellite_with_news,2,1,0,2,0,27.925603650000003,2.6320503105065636,1
1939,mixed_satellite_with_false_news,1,2,1,0,0,6.497821650000001,1.7967355018200266,0
1940,mixed_satellite_with_false_news,2,1,1,1,0,3.9336412666666667,1.6236129579391816,0
1941,satellite_only_before_news,2,0,0,1,1,5.8051055,0.3089888365157454,1
1942,nominal_satellite_false_heat_source,1,0,0,1,0,0.0,0.0,0
1943,high_low_satellite_with_news_real_fire,2,2,2,0,0,29.409600366666666,2.375495393087504,1
1944,mixed_satellite_with_false_news,1,2,1,0,0,25.69163935,1.5311273078486787,0
1945,satellite_only_before_news,2,0,0,2,0,8.06567005,0.316728451337335,1
1946,mixed_satellite_with_false_news,1,1,0,0,1,4.812319283333333,1.1407528565147222,0
1947,nominal_satellite_false_heat_source,1,0,0,1,0,0.0,0.0,0
1948,multi_satellite_plus_multi_news,3,2,0,1,2,29.9251309,3.4086814858206056,1
1949,nominal_low_satellite_with_news_real_fire,3,2,1,2,0,31.407005566666665,2.350760531214832,1
1950,high_low_satellite_with_news_real_fire,3,1,3,0,0,17.027461199999998,1.993101656220611,1
1951,persistent_non_wildfire_heat_source,2,0,2,0,0,5.644307516666667,0.5660177390804993,0
1952,high_low_satellite_false_alarm,3,1,1,0,2,18.203134816666665,1.7163100124273722,0
1953,multi_satellite_real_fire,3,0,0,3,0,29.4825363,1.843282515652965,1
1954,high_low_satellite_with_news_real_fire,2,2,0,0,2,15.4348527,1.4473621039790974,1
1955,satellite_only_before_news,1,0,0,0,1,0.0,0.0,1
1956,multi_confidence_persistent_real_fire,4,1,2,2,0,37.98458218333334,2.346573545145064,1
1957,persistent_non_wildfire_heat_source,3,0,1,2,0,28.131778533333332,2.2532211855754256,0
1958,high_confidence_satellite_false_positive,1,0,0,0,1,0.0,0.0,0
1959,multi_satellite_plus_multi_news,4,3,0,1,3,43.90054513333334,3.1151918145150055,1
1960,nominal_low_satellite_with_news_real_fire,3,1,3,0,0,9.5392616,2.319935823805531,1
1961,news_only_before_satellite,0,1,0,0,0,0.0,0.0,1
1962,mixed_satellite_with_false_news,1,1,0,1,0,14.98513505,0.09406586650500227,0
1963,mixed_satellite_with_false_news,1,1,1,0,0,12.406672483333333,2.5371109706679222,0
1964,high_confidence_satellite_false_positive,1,0,0,0,1,0.0,0.0,0
1965,persistent_non_wildfire_heat_source,3,0,1,2,0,24.12037056666667,1.047569903315501,0
1966,mixed_satellite_with_false_news,3,2,2,0,1,31.442093783333334,3.1446058621265083,0
1967,news_only_before_satellite,0,2,0,0,0,9.1857091,0.8092708407464949,1
1968,nominal_satellite_false_heat_source,2,0,0,2,0,5.161766416666667,0.7325441640912561,0
1969,nominal_low_satellite_with_news_real_fire,2,1,0,2,0,17.149827983333335,2.0230090120248416,1
1970,multi_satellite_real_fire,3,0,0,1,2,19.45315325,0.6989651227889734,1
1971,satellite_only_before_news,1,0,0,0,1,0.0,0.0,1
1972,mixed_confidence_non_fire_heat_source,2,0,1,1,0,7.305246133333333,1.4745832147128286,0
1973,high_confidence_satellite_with_news,1,2,0,0,1,2.4000634333333335,1.5840403957496738,1
1974,nominal_satellite_false_heat_source,2,0,0,2,0,1.5229784333333332,0.12025738908742456,0
1975,high_low_satellite_false_alarm,2,0,2,0,0,3.5170061166666664,2.725990608498421,0
1976,multi_satellite_plus_multi_news,2,3,0,2,0,44.59549846666666,2.4102636636899053,1
1977,mixed_confidence_satellite_real_fire,2,2,1,0,1,34.74870515,3.281881023527025,1
1978,mixed_confidence_satellite_real_fire,3,2,2,1,0,21.991286866666666,3.4156144222846243,1
1979,nominal_satellite_false_heat_source,2,0,0,2,0,1.6609674833333334,1.0860653239706264,0
1980,high_confidence_satellite_false_positive,1,0,0,0,1,0.0,0.0,0
1981,nominal_satellite_with_news,2,2,0,2,0,32.92052593333333,2.1143582268941676,1
1982,high_confidence_satellite_false_positive,1,0,0,0,1,0.0,0.0,0
1983,news_rumor_no_fire,0,1,0,0,0,0.0,0.0,0
1984,mixed_satellite_with_false_news,3,2,2,0,1,21.969943783333335,2.796434541017693,0
1985,high_low_satellite_with_news_real_fire,3,2,1,0,2,32.343628450000004,2.946661514351489,1
1986,nominal_satellite_with_news,1,1,0,1,0,23.88676065,1.7914704096393756,1
1987,correlated_satellite_news_false_alarm,1,2,1,0,0,15.628769883333332,1.992179117130412,0
1988,multiple_news_same_false_alarm,0,2,0,0,0,25.06314345,0.33657376974559877,0
1989,news_only_before_satellite,0,1,0,0,0,0.0,0.0,1
1990,high_low_satellite_false_alarm,2,0,1,0,1,13.924731533333333,2.4139541054920235,0
1991,multi_satellite_real_fire,4,0,0,3,1,18.842651516666667,1.2231906805933843,1
1992,news_rumor_no_fire,0,1,0,0,0,0.0,0.0,0
1993,multi_satellite_plus_multi_news,4,2,0,2,2,36.576542866666664,3.4757864190570724,1
1994,persistent_non_wildfire_heat_source,2,0,0,2,0,24.094931983333332,1.0026948378719984,0
1995,low_confidence_satellite_noise,1,0,1,0,0,0.0,0.0,0
1996,high_confidence_satellite_with_news,1,1,0,0,1,13.012128316666667,1.677401733218895,1
1997,persistent_non_wildfire_heat_source,2,0,2,0,0,0.3094118333333334,0.8257075691200312,0
1998,correlated_satellite_news_false_alarm,2,2,1,1,0,18.27654888333333,1.237543390341876,0
1999,nominal_low_satellite_with_news_real_fire,3,1,2,1,0,6.13851255,1.8486457197837933,1
2000,mixed_confidence_non_fire_heat_source,4,0,2,0,2,14.497596083333333,1.6370678594207921,0
2001,news_rumor_no_fire,0,1,0,0,0,0.0,0.0,0
2002,nominal_low_satellite_with_news_real_fire,3,1,2,1,0,28.688862883333336,3.3446111992566068,1
2003,multi_satellite_real_fire,2,0,0,0,2,31.736002816666666,2.416035423382268,1
2004,satellite_only_before_news,2,0,0,0,2,3.29226635,0.6481598261644379,1
2005,multi_satellite_plus_multi_news,3,3,0,2,1,26.05406041666667,1.9909852118495186,1
2006,mixed_satellite_with_false_news,1,1,0,0,1,7.072096716666667,1.75487638875271,0
2007,low_confidence_satellite_noise,1,0,1,0,0,0.0,0.0,0
2008,multi_confidence_persistent_real_fire,4,2,1,1,2,42.62265905,3.5201208366883416,1
2009,persistent_non_wildfire_heat_source,2,0,0,2,0,5.681439583333333,1.322360544193733,0
2010,mixed_satellite_with_false_news,3,1,2,1,0,17.90250145,0.5158048040879486,0
2011,nominal_satellite_with_news,2,1,0,2,0,22.545883833333335,1.430645514940468,1
2012,multi_confidence_persistent_real_fire,5,1,2,2,1,42.31269903333334,3.3201302937521406,1
2013,low_confidence_satellite_noise,2,0,2,0,0,1.3812918166666668,0.5574606536670255,0
2014,news_rumor_no_fire,0,1,0,0,0,0.0,0.0,0
2015,low_confidence_satellite_noise,2,0,2,0,0,24.542702033333335,1.0720256792140743,0
2016,multiple_news_same_false_alarm,0,3,0,0,0,42.039627833333334,0.923714661774565,0
2017,multi_confidence_persistent_real_fire,4,0,1,0,3,41.434040483333334,2.0796831638842708,1
2018,multi_confidence_persistent_real_fire,5,2,3,2,0,29.987386833333336,3.562653756494066,1
2019,high_low_satellite_false_alarm,3,0,2,0,1,21.106750183333336,2.0554930798305775,0
2020,mixed_confidence_satellite_real_fire,2,2,0,0,2,29.027787366666665,2.0080325476354637,1
2021,nominal_satellite_with_news,2,1,0,2,0,13.01403975,2.243445749933474,1
2022,news_rumor_no_fire,0,1,0,0,0,0.0,0.0,0
2023,nominal_satellite_false_heat_source,2,0,0,2,0,4.598827,0.6089291678939508,0
2024,mixed_confidence_satellite_real_fire,2,2,0,2,0,21.170037883333336,2.6756133360181398,1
2025,mixed_confidence_satellite_real_fire,3,0,1,1,1,31.515317933333332,2.2462065338707116,1
2026,high_low_satellite_false_alarm,3,1,2,0,1,13.505880816666666,2.2725153592589753,0
2027,high_confidence_satellite_false_positive,1,0,0,0,1,0.0,0.0,0
2028,high_confidence_satellite_false_positive,1,0,0,0,1,0.0,0.0,0
2029,nominal_satellite_with_news,1,2,0,1,0,18.35749685,1.3607650098332498,1
2030,mixed_confidence_satellite_real_fire,4,1,2,1,1,27.53738663333333,1.154700784158165,1
2031,high_low_satellite_false_alarm,3,0,0,0,3,26.841952,2.7575656547037632,0
2032,mixed_confidence_satellite_real_fire,3,2,2,0,1,24.999777333333334,3.1558882281843945,1
2033,persistent_non_wildfire_heat_source,4,0,1,3,0,19.7832626,2.0762225941277808,0
2034,low_confidence_satellite_noise,3,0,3,0,0,19.536192200000002,2.075949660812732,0
2035,high_confidence_satellite_with_news,1,2,0,0,1,16.829930583333333,1.060139890879771,1
2036,nominal_low_satellite_with_news_real_fire,2,1,1,1,0,22.821589433333333,2.6135946046210323,1
2037,persistent_non_wildfire_heat_source,2,0,0,2,0,23.85834571666667,1.9583177132648204,0
2038,multi_confidence_persistent_real_fire,3,2,0,2,1,22.224061533333334,3.883976525701627,1
2039,correlated_satellite_news_false_alarm,1,1,0,1,0,15.359276716666667,2.3971796242173085,0
2040,multi_satellite_plus_multi_news,3,2,0,1,2,30.8802153,3.3915558688510385,1
2041,satellite_only_before_news,1,0,0,0,1,0.0,0.0,1
2042,mixed_confidence_satellite_real_fire,2,0,0,2,0,3.604373133333333,1.5326276913970802,1
2043,high_low_satellite_with_news_real_fire,2,2,2,0,0,17.957050849999998,2.6216129814982487,1
2044,news_only_before_satellite,0,2,0,0,0,1.9463794166666666,0.5847771257354307,1
2045,low_confidence_satellite_noise,3,0,3,0,0,12.769617833333333,0.4883053202517249,0
2046,low_confidence_satellite_noise,1,0,1,0,0,0.0,0.0,0
2047,low_confidence_satellite_noise,1,0,1,0,0,0.0,0.0,0
2048,persistent_non_wildfire_heat_source,3,0,1,2,0,36.04023383333333,2.0292477301181813,0
2049,high_low_satellite_with_news_real_fire,2,2,1,0,1,8.49456365,1.3394454814363121,1
2050,high_confidence_satellite_with_news,1,1,0,0,1,4.402337016666666,1.473926365947376,1
2051,news_rumor_no_fire,0,1,0,0,0,0.0,0.0,0
2052,mixed_confidence_satellite_real_fire,4,2,2,1,1,37.54230966666667,3.375536987998275,1
2053,multi_confidence_persistent_real_fire,4,2,1,1,2,37.88662025,2.9988818352324453,1
2054,high_confidence_satellite_false_positive,1,0,0,0,1,0.0,0.0,0
2055,high_confidence_satellite_with_news,2,2,0,0,2,8.188808866666667,2.5815023825374186,1
2056,mixed_satellite_with_false_news,2,2,0,1,1,15.308024833333333,1.6468064940092397,0
2057,multiple_news_same_false_alarm,0,3,0,0,0,33.27323808333333,1.348039429735391,0
2058,nominal_satellite_false_heat_source,1,0,0,1,0,0.0,0.0,0
2059,news_only_before_satellite,0,1,0,0,0,0.0,0.0,1
2060,nominal_low_satellite_with_news_real_fire,2,1,1,1,0,7.348257616666667,1.7781982208549358,1
2061,multi_satellite_plus_multi_news,4,2,0,2,2,41.6070182,2.3643989882835683,1
2062,high_confidence_satellite_false_positive,1,0,0,0,1,0.0,0.0,0
2063,mixed_satellite_with_false_news,2,1,1,1,0,4.1826387,2.2977187762334625,0
2064,high_confidence_satellite_false_positive,1,0,0,0,1,0.0,0.0,0
2065,high_confidence_satellite_false_positive,1,0,0,0,1,0.0,0.0,0
2066,high_low_satellite_false_alarm,3,0,1,0,2,5.326181583333334,2.001816756624338,0
2067,nominal_satellite_with_news,2,2,0,2,0,18.873056183333333,1.112036837296414,1
2068,persistent_non_wildfire_heat_source,4,0,2,2,0,27.913092666666667,1.899543736277704,0
2069,news_rumor_no_fire,0,1,0,0,0,0.0,0.0,0
2070,high_low_satellite_false_alarm,3,0,1,0,2,25.508410333333334,1.5426324978192447,0
2071,satellite_only_before_news,1,0,0,1,0,0.0,0.0,1
2072,nominal_satellite_false_heat_source,1,0,0,1,0,0.0,0.0,0
2073,persistent_non_wildfire_heat_source,2,0,1,1,0,27.147544783333334,0.3831872820361575,0
2074,high_confidence_satellite_false_positive,1,0,0,0,1,0.0,0.0,0
2075,nominal_low_satellite_with_news_real_fire,3,1,1,2,0,24.7993154,3.491062582936963,1
2076,multi_satellite_real_fire,3,0,0,2,1,29.2504989,2.824384770437245,1
2077,multiple_news_same_false_alarm,0,3,0,0,0,29.876497033333333,0.7190667057341316,0
2078,high_low_satellite_false_alarm,2,1,1,0,1,15.021462866666667,1.9753918651352573,0
2079,nominal_satellite_with_news,2,1,0,2,0,31.217365416666667,2.1721779347622014,1
2080,high_low_satellite_false_alarm,3,0,1,0,2,13.756845466666666,0.49650504694902725,0
2081,high_low_satellite_with_news_real_fire,2,1,1,0,1,25.69525721666667,2.9671435819245864,1
2082,satellite_only_before_news,1,0,0,0,1,0.0,0.0,1
2083,high_confidence_satellite_false_positive,1,0,0,0,1,0.0,0.0,0
2084,low_confidence_satellite_noise,2,0,2,0,0,10.323326483333334,0.33766981664177353,0
2085,news_only_before_satellite,0,2,0,0,0,11.109245183333334,0.6782975134876714,1
2086,nominal_satellite_false_heat_source,2,0,0,2,0,2.1630426666666667,0.7474993225544269,0
2087,high_confidence_satellite_with_news,3,2,0,0,3,15.5224948,2.688735394771639,1
2088,high_confidence_satellite_false_positive,1,0,0,0,1,0.0,0.0,0
2089,correlated_satellite_news_false_alarm,2,1,1,1,0,19.2394872,1.4480895511475897,0
2090,persistent_non_wildfire_heat_source,2,0,1,1,0,2.3414452166666666,2.373673341434721,0
2091,news_rumor_no_fire,0,1,0,0,0,0.0,0.0,0
2092,multi_confidence_persistent_real_fire,4,0,2,2,0,44.43462276666666,1.5480751432602382,1
2093,multi_confidence_persistent_real_fire,4,1,0,2,2,35.3735535,3.4030220508570945,1
2094,high_low_satellite_with_news_real_fire,2,1,0,0,2,19.62853523333333,2.5355415192859816,1
2095,news_only_before_satellite,0,2,0,0,0,1.5908978,1.0753779954237586,1
2096,nominal_satellite_with_news,2,2,0,2,0,12.837559283333333,1.4629983208839696,1
2097,high_low_satellite_false_alarm,2,0,0,0,2,2.2787952666666667,1.471326907176669,0
2098,multi_satellite_real_fire,4,0,0,1,3,21.20999505,3.934780488878403,1
2099,mixed_confidence_non_fire_heat_source,2,0,1,1,0,15.234412066666666,1.509630713360326,0
2100,mixed_confidence_satellite_real_fire,4,0,2,1,1,43.38960195,1.7858871326510124,1
2101,mixed_confidence_non_fire_heat_source,3,0,1,2,0,6.248130349999999,1.2251632427841743,0
2102,mixed_satellite_with_false_news,2,1,0,1,1,12.008173883333335,2.094932399446471,0
2103,nominal_low_satellite_with_news_real_fire,2,2,2,0,0,25.169739166666666,3.090230632401795,1
2104,correlated_satellite_news_false_alarm,1,2,1,0,0,10.7100013,1.428694753229905,0
2105,nominal_satellite_false_heat_source,2,0,0,2,0,4.0320909,1.3249101903569476,0
2106,nominal_satellite_false_heat_source,1,0,0,1,0,0.0,0.0,0
2107,multi_satellite_real_fire,3,0,0,2,1,35.50886865,1.7922799665778057,1
2108,multiple_news_same_false_alarm,0,4,0,0,0,29.706658416666667,0.9822173252214007,0
2109,high_confidence_satellite_with_news,3,1,0,0,3,6.874471683333334,2.1920606318261098,1
2110,mixed_confidence_satellite_real_fire,3,0,0,1,2,36.94790458333333,1.7335615671140552,1
2111,persistent_non_wildfire_heat_source,3,0,0,3,0,44.0298247,2.816020794718523,0
2112,news_only_before_satellite,0,2,0,0,0,14.855320466666665,0.24738584239810935,1
2113,correlated_satellite_news_false_alarm,1,2,1,0,0,21.011377216666666,1.3406156240330465,0
2114,nominal_low_satellite_with_news_real_fire,3,2,3,0,0,23.76194896666667,2.578628919741558,1
2115,correlated_satellite_news_false_alarm,1,2,1,0,0,13.362132283333333,2.7083696981986978,0
2116,persistent_non_wildfire_heat_source,2,0,0,2,0,39.42179031666667,0.3650242582978624,0
2117,mixed_confidence_non_fire_heat_source,2,0,1,0,1,11.0226094,0.3555990887484662,0
2118,nominal_low_satellite_with_news_real_fire,3,2,1,2,0,29.96862205,2.5521816157162585,1
2119,high_low_satellite_false_alarm,2,1,0,0,2,19.64598111666667,1.7851159575105782,0
2120,persistent_non_wildfire_heat_source,2,0,1,1,0,39.62474938333333,2.8641515342072603,0
2121,high_confidence_satellite_false_positive,1,0,0,0,1,0.0,0.0,0
2122,high_confidence_satellite_false_positive,1,0,0,0,1,0.0,0.0,0
2123,high_confidence_satellite_false_positive,1,0,0,0,1,0.0,0.0,0
2124,multi_satellite_real_fire,2,0,0,2,0,11.23428685,0.8333408462921252,1
2125,persistent_non_wildfire_heat_source,4,0,1,3,0,32.822381766666666,1.7872988510672574,0
2126,satellite_only_before_news,1,0,0,0,1,0.0,0.0,1
2127,persistent_non_wildfire_heat_source,2,0,1,1,0,7.047332549999999,2.482330007646617,0
2128,multi_satellite_plus_multi_news,2,2,0,2,0,37.386452,2.756116785045998,1
2129,mixed_satellite_with_false_news,3,1,1,1,1,16.371643866666666,2.7539162601999654,0
2130,nominal_low_satellite_with_news_real_fire,2,1,0,2,0,23.720717433333334,0.7613161316901228,1
2131,news_only_before_satellite,0,2,0,0,0,18.35662891666667,0.7075859992662927,1
2132,news_rumor_no_fire,0,1,0,0,0,0.0,0.0,0
2133,high_low_satellite_with_news_real_fire,3,2,0,0,3,15.703251116666667,3.3850000376546934,1
2134,high_low_satellite_with_news_real_fire,2,1,0,0,2,23.053606883333334,1.9360241939812355,1
2135,mixed_confidence_non_fire_heat_source,3,0,2,1,0,21.3722568,1.1087617779760366,0
2136,persistent_non_wildfire_heat_source,4,0,2,2,0,29.95264535,2.803160181180557,0
2137,multi_satellite_plus_multi_news,3,2,0,2,1,32.52236908333334,3.345200053924833,1
2138,multiple_news_same_false_alarm,0,4,0,0,0,26.727295350000002,1.5110038328700566,0
2139,multi_confidence_persistent_real_fire,5,1,0,4,1,26.51671898333333,4.0026744645170345,1
2140,mixed_satellite_with_false_news,1,1,1,0,0,13.624866183333333,1.615022777952108,0
2141,nominal_low_satellite_with_news_real_fire,3,1,1,2,0,23.417243166666665,2.309770745846167,1
2142,multi_satellite_plus_multi_news,2,2,0,0,2,29.811832433333333,3.1995354004650505,1
2143,mixed_confidence_non_fire_heat_source,2,0,0,2,0,10.5689673,0.7897849900806162,0
2144,high_low_satellite_with_news_real_fire,2,2,2,0,0,18.538329816666664,2.2061953520734052,1
2145,multi_satellite_real_fire,2,0,0,0,2,4.644363066666667,2.8622262867314543,1
2146,news_only_before_satellite,0,2,0,0,0,6.318631083333333,0.3463292594881121,1
2147,satellite_only_before_news,2,0,0,0,2,11.824582216666666,0.7099983332742223,1
2148,mixed_confidence_satellite_real_fire,4,0,1,1,2,28.612561216666666,1.7657023177115625,1
2149,mixed_satellite_with_false_news,1,2,0,1,0,18.07614445,2.499544918677657,0
2150,mixed_satellite_with_false_news,1,1,0,0,1,11.768801033333334,1.9495557801576664,0
2151,nominal_satellite_false_heat_source,1,0,0,1,0,0.0,0.0,0
2152,satellite_only_before_news,1,0,0,1,0,0.0,0.0,1
2153,multi_confidence_persistent_real_fire,4,1,2,0,2,34.716879766666665,3.914229614493418,1
2154,multi_satellite_real_fire,2,0,0,2,0,18.6895996,0.5148396812334123,1
2155,mixed_confidence_satellite_real_fire,3,1,2,1,0,12.680511833333332,2.211284355443012,1
2156,multi_satellite_plus_multi_news,3,3,0,2,1,33.13559371666666,3.3754074286576725,1
2157,satellite_only_before_news,2,0,0,1,1,6.0850507,1.1846513709427653,1
2158,high_low_satellite_with_news_real_fire,2,1,1,0,1,13.8498021,2.5879099585005103,1
2159,correlated_satellite_news_false_alarm,1,1,0,1,0,28.940726299999998,1.608675018804219,0
2160,multiple_news_same_false_alarm,0,3,0,0,0,22.200154166666668,0.621455556971215,0
2161,multi_confidence_persistent_real_fire,5,0,2,2,1,30.906502933333336,3.2206538697190004,1
2162,high_confidence_satellite_with_news,3,2,0,0,3,21.13864541666667,2.4764667275905534,1
2163,mixed_confidence_satellite_real_fire,4,2,0,1,3,33.1977865,2.438602095357518,1
2164,mixed_confidence_non_fire_heat_source,3,0,0,1,2,16.219656666666666,0.6126178748321531,0
2165,mixed_confidence_non_fire_heat_source,4,0,2,1,1,14.440164766666667,1.6157199817315804,0
2166,multi_confidence_persistent_real_fire,3,1,1,2,0,13.3607099,2.3631197960815276,1
2167,news_rumor_no_fire,0,1,0,0,0,0.0,0.0,0
2168,mixed_satellite_with_false_news,3,1,0,1,2,14.493568516666667,3.1190051757048405,0
2169,news_rumor_no_fire,0,1,0,0,0,0.0,0.0,0
2170,persistent_non_wildfire_heat_source,3,0,3,0,0,29.8111786,2.9901771617002826,0
2171,nominal_satellite_with_news,1,1,0,1,0,7.36909435,0.44516145049556444,1
2172,multiple_news_same_false_alarm,0,2,0,0,0,16.269773366666666,1.18869979574128,0
2173,high_low_satellite_with_news_real_fire,2,2,1,0,1,12.454153933333334,2.8468052561326394,1
2174,high_confidence_satellite_false_positive,1,0,0,0,1,0.0,0.0,0
2175,high_confidence_satellite_with_news,2,2,0,0,2,22.09682563333333,2.1259766225973897,1
2176,high_low_satellite_false_alarm,2,1,0,0,2,10.1543627,1.421058911012943,0
2177,high_confidence_satellite_with_news,1,2,0,0,1,16.189248333333335,2.394581809467519,1
2178,high_low_satellite_with_news_real_fire,3,2,2,0,1,15.223339466666665,2.127798644990252,1
2179,nominal_low_satellite_with_news_real_fire,3,2,1,2,0,30.867634083333332,2.5120606040220905,1
2180,multi_confidence_persistent_real_fire,5,0,1,3,1,46.355733416666666,2.161497326230967,1
2181,mixed_satellite_with_false_news,3,1,1,1,1,7.609384283333333,3.240114076293077,0
2182,news_rumor_no_fire,0,1,0,0,0,0.0,0.0,0
2183,multi_satellite_plus_multi_news,3,2,0,1,2,29.46451708333333,3.5536152805022225,1
2184,nominal_low_satellite_with_news_real_fire,3,1,2,1,0,33.21505058333334,2.188748430885916,1
2185,high_low_satellite_false_alarm,3,1,2,0,1,6.720027666666667,1.770403386577511,0
2186,multi_satellite_real_fire,2,0,0,2,0,16.1016628,2.839200594093428,1
2187,news_only_before_satellite,0,1,0,0,0,0.0,0.0,1
2188,multi_satellite_plus_multi_news,3,2,0,0,3,41.0220014,1.8831694096144938,1
2189,mixed_confidence_satellite_real_fire,3,0,1,1,1,14.971272516666666,1.8881689046351273,1
2190,high_confidence_satellite_false_positive,1,0,0,0,1,0.0,0.0,0
2191,mixed_satellite_with_false_news,1,2,0,1,0,27.93860015,1.9898126729417733,0
2192,high_confidence_satellite_false_positive,1,0,0,0,1,0.0,0.0,0
2193,multi_satellite_plus_multi_news,3,2,0,2,1,42.86695208333333,3.5940596188629788,1
2194,high_confidence_satellite_with_news,1,1,0,0,1,15.379861783333332,1.2658083599314989,1
2195,multi_confidence_persistent_real_fire,3,0,1,1,1,31.73150881666667,1.668186861949092,1
2196,high_low_satellite_false_alarm,3,1,3,0,0,19.00376363333333,1.9399464759522287,0
2197,persistent_non_wildfire_heat_source,2,0,2,0,0,41.09610693333333,2.0790899494329875,0
2198,satellite_only_before_news,2,0,0,2,0,4.713602633333333,0.43145358784965193,1
2199,nominal_low_satellite_with_news_real_fire,2,1,1,1,0,16.456467566666667,1.6642748664752776,1
2200,satellite_only_before_news,2,0,0,1,1,2.17572235,0.3991498129442993,1
2201,multi_satellite_real_fire,3,0,0,2,1,2.5092051,2.7173405242767545,1
2202,nominal_satellite_with_news,2,1,0,2,0,12.978360316666668,2.1589244729652606,1
2203,mixed_satellite_with_false_news,3,1,0,3,0,2.78387345,2.373212547550369,0
2204,multi_satellite_real_fire,3,0,0,3,0,19.22448371666667,2.76010055017131,1
2205,multi_satellite_plus_multi_news,3,2,0,1,2,40.54180291666667,1.574091356155653,1
2206,mixed_satellite_with_false_news,2,1,0,1,1,15.824558416666667,3.7458340447310485,0
2207,multi_satellite_plus_multi_news,3,3,0,2,1,34.896354683333335,2.828463511960887,1
2208,multi_satellite_plus_multi_news,2,3,0,2,0,33.97763905,2.3965511464744473,1
2209,multi_satellite_plus_multi_news,2,2,0,2,0,44.77911303333334,4.0342595240209675,1
2210,satellite_only_before_news,2,0,0,2,0,16.729276433333332,1.501195699109046,1
2211,nominal_satellite_with_news,1,2,0,1,0,15.4716383,1.8740341911161427,1
2212,high_confidence_satellite_with_news,2,2,0,0,2,10.2284847,2.0552126369308135,1
2213,high_confidence_satellite_false_positive,1,0,0,0,1,0.0,0.0,0
2214,high_confidence_satellite_with_news,1,2,0,0,1,17.365275566666664,2.206882669778715,1
2215,correlated_satellite_news_false_alarm,2,2,1,1,0,16.3787497,2.203953969595999,0
2216,nominal_satellite_with_news,1,1,0,1,0,5.113859533333334,1.5403677210080096,1
2217,nominal_satellite_false_heat_source,2,0,0,2,0,13.562252183333333,0.48697526455139706,0
2218,high_confidence_satellite_with_news,1,2,0,0,1,23.225347133333333,1.867111827679969,1
2219,low_confidence_satellite_noise,3,0,3,0,0,28.425113816666666,2.6528743993519903,0
2220,news_only_before_satellite,0,2,0,0,0,5.0952899333333335,0.4671909315577602,1
2221,high_confidence_satellite_false_positive,1,0,0,0,1,0.0,0.0,0
2222,multi_satellite_real_fire,2,0,0,1,1,7.7674398,0.9445880344652244,1
2223,multi_satellite_real_fire,3,0,0,0,3,28.01066075,1.5040434586498854,1
2224,multi_satellite_real_fire,3,0,0,3,0,25.15004671666667,2.3655051502596507,1
2225,persistent_non_wildfire_heat_source,2,0,1,1,0,34.489950300000004,3.4781525599474787,0
2226,satellite_only_before_news,2,0,0,1,1,9.30253495,0.8243139462023176,1
2227,high_confidence_satellite_with_news,2,2,0,0,2,15.939604883333335,2.3659767170780044,1
2228,high_confidence_satellite_false_positive,1,0,0,0,1,0.0,0.0,0
2229,news_only_before_satellite,0,1,0,0,0,0.0,0.0,1
2230,mixed_confidence_satellite_real_fire,2,2,0,1,1,21.642482283333333,2.896250268289079,1
2231,persistent_non_wildfire_heat_source,4,0,3,1,0,35.023676216666665,2.0932278603659005,0
2232,persistent_non_wildfire_heat_source,2,0,2,0,0,19.6504235,2.2320993899658403,0
2233,high_confidence_satellite_false_positive,1,0,0,0,1,0.0,0.0,0
2234,persistent_non_wildfire_heat_source,2,0,1,1,0,23.804457116666665,0.25437460143785423,0
2235,mixed_confidence_non_fire_heat_source,4,0,2,0,2,12.922019866666666,1.636204872576043,0
2236,multi_satellite_plus_multi_news,3,2,0,2,1,31.23000765,3.4305890102848364,1
2237,satellite_only_before_news,1,0,0,1,0,0.0,0.0,1
2238,nominal_satellite_false_heat_source,2,0,0,2,0,1.4943689333333334,1.0499779479014029,0
2239,nominal_satellite_with_news,1,1,0,1,0,5.8462457,2.66544129353548,1
2240,high_low_satellite_with_news_real_fire,3,1,1,0,2,12.929646433333334,2.8502361582532134,1
2241,nominal_low_satellite_with_news_real_fire,2,1,0,2,0,11.772365316666667,2.7297888301961555,1
2242,high_low_satellite_with_news_real_fire,2,1,2,0,0,18.063029633333333,1.6372701838383008,1
2243,low_confidence_satellite_noise,2,0,2,0,0,20.9734455,1.454411906090399,0
2244,mixed_satellite_with_false_news,1,1,0,0,1,16.42809026666667,2.2727715542791445,0
2245,high_low_satellite_false_alarm,3,1,2,0,1,23.809235333333334,2.0619626019519344,0
2246,multi_confidence_persistent_real_fire,3,0,2,1,0,13.994354566666667,3.4953484775096864,1
2247,mixed_confidence_non_fire_heat_source,2,0,2,0,0,25.5491235,0.5778377641067528,0
2248,multiple_news_same_false_alarm,0,2,0,0,0,31.55159911666667,1.0393027195838944,0
2249,mixed_confidence_satellite_real_fire,3,1,2,0,1,5.481951466666667,1.7584573023461507,1
2250,high_confidence_satellite_false_positive,1,0,0,0,1,0.0,0.0,0
2251,satellite_only_before_news,1,0,0,0,1,0.0,0.0,1
2252,multiple_news_same_false_alarm,0,4,0,0,0,35.473281033333336,1.6468906783378492,0
2253,mixed_confidence_satellite_real_fire,2,0,1,1,0,11.505604716666666,1.2712262250623692,1
2254,nominal_satellite_with_news,2,1,0,2,0,18.67935771666667,2.1082226047619823,1
2255,high_confidence_satellite_with_news,1,1,0,0,1,1.71959955,0.6760342953288887,1
2256,news_only_before_satellite,0,2,0,0,0,18.3947571,0.44881697559101075,1
2257,mixed_confidence_satellite_real_fire,2,2,2,0,0,22.6979475,2.7179639798483874,1
2258,multi_satellite_plus_multi_news,2,3,0,1,1,38.82856838333333,3.6693078346708226,1
2259,high_confidence_satellite_with_news,1,1,0,0,1,11.165091683333333,0.9665106775074941,1
2260,high_low_satellite_false_alarm,3,1,0,0,3,26.2249061,1.9899604460624043,0
2261,high_confidence_satellite_false_positive,1,0,0,0,1,0.0,0.0,0
2262,multi_satellite_plus_multi_news,3,3,0,0,3,9.197936416666666,1.7456492757365276,1
2263,mixed_confidence_non_fire_heat_source,2,0,1,1,0,17.42450588333333,0.9292869786339955,0
2264,nominal_satellite_with_news,2,2,0,2,0,19.81006655,3.1128861652862443,1
2265,multi_confidence_persistent_real_fire,4,0,0,2,2,17.596931783333332,2.076137449592371,1
2266,low_confidence_satellite_noise,2,0,2,0,0,7.855144699999999,1.7154600404873805,0
2267,high_confidence_satellite_false_positive,1,0,0,0,1,0.0,0.0,0
2268,news_only_before_satellite,0,2,0,0,0,16.810047833333336,1.30273657400896,1
2269,multiple_news_same_false_alarm,0,4,0,0,0,34.24669313333333,0.9682950459647186,0
2270,multi_confidence_persistent_real_fire,5,1,0,3,2,42.89411131666667,2.0532697882986715,1
2271,mixed_confidence_satellite_real_fire,4,0,0,4,0,36.83283125,1.797952140972805,1
2272,satellite_only_before_news,2,0,0,1,1,0.9781255666666666,1.048001339558881,1
2273,multi_confidence_persistent_real_fire,3,1,1,1,1,20.655987916666668,2.5260683527382737,1
2274,satellite_only_before_news,1,0,0,1,0,0.0,0.0,1
2275,persistent_non_wildfire_heat_source,3,0,2,1,0,39.15640846666667,2.7360323695831865,0
2276,news_rumor_no_fire,0,1,0,0,0,0.0,0.0,0
2277,multiple_news_same_false_alarm,0,4,0,0,0,26.8471306,1.2905301339666564,0
2278,high_confidence_satellite_false_positive,1,0,0,0,1,0.0,0.0,0
2279,multi_satellite_plus_multi_news,3,2,0,1,2,33.98262385,3.655805793179427,1
2280,nominal_satellite_false_heat_source,2,0,0,2,0,0.2444756,0.45978923019751705,0
2281,high_low_satellite_with_news_real_fire,3,1,3,0,0,15.578843566666666,3.0407949542164308,1
2282,low_confidence_satellite_noise,1,0,1,0,0,0.0,0.0,0
2283,multiple_news_same_false_alarm,0,2,0,0,0,1.1156188666666667,0.9118434964306747,0
2284,nominal_satellite_false_heat_source,1,0,0,1,0,0.0,0.0,0
2285,nominal_low_satellite_with_news_real_fire,3,2,1,2,0,20.424274716666666,2.3138691100422397,1
2286,nominal_satellite_false_heat_source,1,0,0,1,0,0.0,0.0,0
2287,high_low_satellite_with_news_real_fire,3,1,1,0,2,25.209880966666667,2.1831717025164172,1
2288,multiple_news_same_false_alarm,0,3,0,0,0,17.07671656666667,0.9478474908436851,0
2289,correlated_satellite_news_false_alarm,2,1,1,1,0,23.115353083333332,3.287273363774312,0
2290,multi_confidence_persistent_real_fire,5,1,1,3,1,25.752970933333334,3.252461726151225,1
2291,multi_satellite_real_fire,2,0,0,1,1,0.7764072833333333,1.0822965025271507,1
2292,correlated_satellite_news_false_alarm,1,2,1,0,0,16.6606612,3.41549302976897,0
2293,multi_satellite_plus_multi_news,3,3,0,1,2,44.84439701666667,3.6576234850437626,1
2294,nominal_satellite_false_heat_source,1,0,0,1,0,0.0,0.0,0
2295,low_confidence_satellite_noise,3,0,3,0,0,33.932494383333335,2.0990957083116193,0
2296,persistent_non_wildfire_heat_source,2,0,0,2,0,5.012885499999999,0.6223310567064172,0
2297,high_confidence_satellite_with_news,3,2,0,0,3,10.279067016666666,1.5323875231416726,1
2298,high_low_satellite_with_news_real_fire,2,1,1,0,1,20.799696433333335,2.115378797921239,1
2299,mixed_satellite_with_false_news,2,2,0,0,2,16.7628509,1.9726006435164196,0
2300,nominal_low_satellite_with_news_real_fire,2,2,0,2,0,28.495827566666666,1.7853168687559546,1
2301,multi_satellite_real_fire,2,0,0,1,1,36.966112116666665,0.6372464673626648,1
2302,mixed_confidence_satellite_real_fire,4,1,2,2,0,33.44428685,3.1137602136499094,1
2303,multi_satellite_real_fire,4,0,0,1,3,23.203397116666668,2.6593441703121865,1
2304,high_confidence_satellite_with_news,2,2,0,0,2,20.730170649999998,2.085068195327526,1
2305,persistent_non_wildfire_heat_source,4,0,1,3,0,27.995882783333332,3.5251400365318597,0
2306,low_confidence_satellite_noise,1,0,1,0,0,0.0,0.0,0
2307,high_confidence_satellite_with_news,1,2,0,0,1,5.8175002,1.6652732704075097,1
2308,high_confidence_satellite_with_news,1,2,0,0,1,8.40323165,2.148542171353358,1
2309,mixed_confidence_non_fire_heat_source,3,0,0,2,1,13.583628066666668,1.0122302337954403,0
2310,nominal_satellite_with_news,1,2,0,1,0,14.953108533333333,1.8735809337084028,1
2311,high_low_satellite_with_news_real_fire,3,2,0,0,3,16.1661876,2.5524966487080896,1
2312,nominal_satellite_false_heat_source,1,0,0,1,0,0.0,0.0,0
2313,mixed_confidence_satellite_real_fire,3,0,1,1,1,30.995100416666666,3.9325240821902625,1
2314,high_low_satellite_false_alarm,3,0,1,0,2,13.232338866666668,2.19807175941022,0
2315,multi_satellite_real_fire,2,0,0,2,0,23.448887383333332,1.6295340933051883,1
2316,correlated_satellite_news_false_alarm,2,1,1,1,0,2.5645754999999997,2.3004154553482703,0
2317,multi_satellite_real_fire,3,0,0,2,1,16.418075599999998,2.445539160326134,1
2318,mixed_satellite_with_false_news,3,1,1,1,1,25.692451933333334,1.543220651472526,0
2319,high_low_satellite_with_news_real_fire,2,2,1,0,1,29.478611883333333,2.739761885654811,1
2320,high_low_satellite_false_alarm,2,1,1,0,1,13.466477950000002,2.5530455201783706,0
2321,high_confidence_satellite_with_news,3,1,0,0,3,15.725690066666667,2.1848538150251127,1
2322,high_low_satellite_false_alarm,2,1,1,0,1,19.706571566666664,0.8601993897166482,0
2323,multi_confidence_persistent_real_fire,3,2,2,1,0,26.840687,2.6062704006616553,1
2324,multi_satellite_plus_multi_news,4,2,0,2,2,41.92534546666666,1.813583590754889,1
2325,multi_satellite_plus_multi_news,2,2,0,1,1,40.23716796666667,2.8382050618547043,1
2326,mixed_satellite_with_false_news,2,2,0,2,0,22.85421458333333,1.7433924976726827,0
2327,mixed_confidence_satellite_real_fire,2,0,0,0,2,37.06213451666667,0.3748296828971725,1
2328,mixed_confidence_satellite_real_fire,4,0,1,1,2,26.0789542,2.5629541544716514,1
2329,correlated_satellite_news_false_alarm,1,2,0,1,0,12.19054465,1.3142755768536056,0
2330,mixed_confidence_satellite_real_fire,3,1,2,0,1,37.267927533333335,3.0874602706162317,1
2331,multi_confidence_persistent_real_fire,5,0,2,2,1,11.918778416666667,2.599342609648698,1
2332,multi_confidence_persistent_real_fire,3,0,1,2,0,30.814098483333332,3.173735166557355,1
2333,high_low_satellite_false_alarm,2,1,0,0,2,5.030987916666667,0.9083258568504513,0
2334,multiple_news_same_false_alarm,0,3,0,0,0,13.555973666666667,0.4819421768455273,0
2335,multiple_news_same_false_alarm,0,4,0,0,0,8.080382683333333,1.4807491874600576,0
2336,high_confidence_satellite_false_positive,1,0,0,0,1,0.0,0.0,0
2337,satellite_only_before_news,2,0,0,1,1,1.5545851333333334,0.8882031461080989,1
2338,multiple_news_same_false_alarm,0,3,0,0,0,11.95449245,1.6222683884317002,0
2339,mixed_confidence_non_fire_heat_source,3,0,1,0,2,10.09244425,2.2033257638368986,0
2340,nominal_satellite_false_heat_source,2,0,0,2,0,0.5086349333333333,0.9179341268960775,0
2341,nominal_low_satellite_with_news_real_fire,3,1,1,2,0,12.209997483333332,1.9322139572958552,1
2342,mixed_confidence_satellite_real_fire,2,1,0,1,1,9.865486333333333,1.9568953005326901,1
2343,correlated_satellite_news_false_alarm,2,2,2,0,0,20.13164168333333,2.09592044879086,0
2344,nominal_low_satellite_with_news_real_fire,2,2,1,1,0,15.484373049999999,2.983161098914361,1
2345,news_only_before_satellite,0,1,0,0,0,0.0,0.0,1
2346,mixed_confidence_non_fire_heat_source,2,0,0,1,1,6.7616009,1.0779024857012935,0
2347,multi_satellite_plus_multi_news,4,3,0,4,0,32.823238966666665,3.6917869159163943,1
2348,correlated_satellite_news_false_alarm,2,1,2,0,0,12.517957116666667,0.8023185755043194,0
2349,high_low_satellite_with_news_real_fire,3,1,1,0,2,22.747347433333335,3.433130847534953,1
2350,mixed_confidence_non_fire_heat_source,2,0,1,0,1,16.8197802,1.3148640319078342,0
2351,multi_satellite_plus_multi_news,3,2,0,1,2,20.6444268,2.4657964358371576,1
2352,news_rumor_no_fire,0,1,0,0,0,0.0,0.0,0
2353,high_low_satellite_with_news_real_fire,3,2,2,0,1,26.939341183333333,2.6891363570706064,1
2354,multi_satellite_real_fire,3,0,0,0,3,25.981840933333334,2.5362716898813793,1
2355,nominal_satellite_false_heat_source,2,0,0,2,0,0.2723534833333333,0.2563623224814542,0
2356,nominal_satellite_false_heat_source,2,0,0,2,0,10.711627616666668,1.0303602985189628,0
2357,multi_satellite_real_fire,4,0,0,4,0,35.17070395,1.3056996535398047,1
2358,mixed_satellite_with_false_news,1,1,0,1,0,20.320359366666665,1.6100451475179,0
2359,mixed_confidence_non_fire_heat_source,3,0,2,0,1,12.326690116666667,0.8760088468748809,0
2360,nominal_satellite_false_heat_source,1,0,0,1,0,0.0,0.0,0
2361,low_confidence_satellite_noise,2,0,2,0,0,6.570836516666666,0.9987574048389048,0
2362,mixed_confidence_non_fire_heat_source,3,0,0,0,3,12.867190933333335,1.89801687611023,0
2363,mixed_confidence_satellite_real_fire,4,0,1,0,3,32.86099615,1.0972734726310887,1
2364,persistent_non_wildfire_heat_source,3,0,2,1,0,5.7640614333333335,2.1006678582689644,0
2365,nominal_satellite_with_news,1,2,0,1,0,29.87817055,2.2952041939837633,1
2366,high_confidence_satellite_false_positive,1,0,0,0,1,0.0,0.0,0
2367,news_rumor_no_fire,0,1,0,0,0,0.0,0.0,0
2368,satellite_only_before_news,1,0,0,1,0,0.0,0.0,1
2369,correlated_satellite_news_false_alarm,2,1,1,1,0,1.562824,2.2394232623951824,0
2370,correlated_satellite_news_false_alarm,1,2,1,0,0,29.356479999999998,2.2397344934275187,0
2371,nominal_low_satellite_with_news_real_fire,3,1,1,2,0,23.171699750000002,3.401547319424348,1
2372,persistent_non_wildfire_heat_source,2,0,1,1,0,4.484709316666667,1.0914244192018994,0
2373,mixed_confidence_non_fire_heat_source,4,0,1,1,2,21.387979516666668,1.3702214924163771,0
2374,mixed_satellite_with_false_news,3,1,0,1,2,24.72829135,2.9606390354770404,0
2375,high_confidence_satellite_false_positive,1,0,0,0,1,0.0,0.0,0
2376,multi_confidence_persistent_real_fire,3,0,2,1,0,36.860565566666665,1.7842261593138715,1
2377,multi_satellite_plus_multi_news,3,2,0,2,1,30.578146166666667,3.1360536637089007,1
2378,multi_satellite_real_fire,2,0,0,0,2,26.883866916666666,0.35829377295328085,1
2379,persistent_non_wildfire_heat_source,3,0,1,2,0,25.31041865,0.9229498532917522,0
2380,low_confidence_satellite_noise,2,0,2,0,0,12.338748783333333,2.0658449657440623,0
2381,persistent_non_wildfire_heat_source,4,0,2,2,0,16.6728682,3.4991441575683453,0
2382,nominal_satellite_with_news,2,1,0,2,0,25.4588223,3.188746779030868,1
2383,high_low_satellite_false_alarm,3,0,2,0,1,10.3475473,0.6262579552618522,0
2384,high_confidence_satellite_false_positive,1,0,0,0,1,0.0,0.0,0
2385,multi_satellite_plus_multi_news,3,3,0,1,2,25.90374113333333,3.467750550035129,1
2386,high_low_satellite_with_news_real_fire,2,2,1,0,1,13.13925005,1.9527772148257279,1
2387,persistent_non_wildfire_heat_source,3,0,1,2,0,17.896740766666667,3.165033762514515,0
2388,correlated_satellite_news_false_alarm,2,1,1,1,0,23.9346364,2.7818414073426196,0
2389,low_confidence_satellite_noise,1,0,1,0,0,0.0,0.0,0
2390,nominal_low_satellite_with_news_real_fire,3,2,3,0,0,25.534658283333332,3.537678818704965,1
2391,mixed_satellite_with_false_news,2,1,0,1,1,10.907244183333335,2.3423257741650905,0
2392,high_low_satellite_false_alarm,3,1,1,0,2,19.684167316666667,1.3336058219725462,0
2393,high_low_satellite_with_news_real_fire,2,1,0,0,2,10.940708433333333,1.8262381784634711,1
2394,nominal_satellite_with_news,2,1,0,2,0,6.847532133333333,1.4472936272859336,1
2395,multi_satellite_plus_multi_news,2,2,0,1,1,38.79112143333334,2.440683521359944,1
2396,nominal_satellite_false_heat_source,2,0,0,2,0,8.026232466666666,0.3522488639264732,0
2397,mixed_confidence_satellite_real_fire,3,0,1,2,0,24.703624183333332,1.6303750780801984,1
2398,nominal_satellite_with_news,1,2,0,1,0,29.56895885,1.230481975789046,1
2399,multiple_news_same_false_alarm,0,3,0,0,0,13.283173833333333,0.4208325927608104,0
2400,multi_satellite_plus_multi_news,4,3,0,2,2,46.9466609,3.4244927613852014,1
2401,persistent_non_wildfire_heat_source,2,0,2,0,0,47.81406081666667,1.5548212569094997,0
2402,multi_confidence_persistent_real_fire,5,0,1,3,1,39.692832016666664,2.0797813537683036,1
2403,nominal_low_satellite_with_news_real_fire,3,2,2,1,0,25.487403200000003,2.3955394663743674,1
2404,mixed_confidence_satellite_real_fire,2,2,0,1,1,25.845036750000002,1.7918040614075337,1
2405,high_confidence_satellite_with_news,2,2,0,0,2,14.48060185,1.9026892921606273,1
2406,multi_satellite_real_fire,3,0,0,3,0,2.7501687833333337,3.1070530094808024,1
2407,multi_satellite_plus_multi_news,2,2,0,2,0,20.87754066666667,2.0592382052737834,1
2408,low_confidence_satellite_noise,3,0,3,0,0,25.386356483333334,3.114269008445171,0
2409,mixed_confidence_satellite_real_fire,3,1,0,3,0,12.6736866,1.2118422290850654,1
2410,news_only_before_satellite,0,2,0,0,0,13.80950925,1.3511032588240857,1
2411,high_confidence_satellite_false_positive,1,0,0,0,1,0.0,0.0,0
2412,high_low_satellite_false_alarm,2,0,1,0,1,4.07568435,0.9704759145728585,0
2413,multi_confidence_persistent_real_fire,3,2,1,1,1,37.81288565,3.7338727945071595,1
2414,high_low_satellite_with_news_real_fire,2,1,1,0,1,18.83220833333333,2.098201195248306,1
2415,news_only_before_satellite,0,2,0,0,0,5.649143083333333,0.25598460082469315,1
2416,correlated_satellite_news_false_alarm,2,2,0,2,0,5.266492816666667,1.882302206231003,0
2417,low_confidence_satellite_noise,1,0,1,0,0,0.0,0.0,0
2418,mixed_confidence_satellite_real_fire,4,2,1,1,2,39.9306693,2.419086184971654,1
2419,news_rumor_no_fire,0,1,0,0,0,0.0,0.0,0
2420,news_rumor_no_fire,0,1,0,0,0,0.0,0.0,0
2421,persistent_non_wildfire_heat_source,3,0,1,2,0,25.52867045,2.5883775551390857,0
2422,correlated_satellite_news_false_alarm,1,1,0,1,0,8.41384695,2.2939319633459303,0
2423,low_confidence_satellite_noise,3,0,3,0,0,30.61999375,1.5214810965588013,0
2424,news_only_before_satellite,0,2,0,0,0,8.5011379,0.7862124731830482,1
2425,mixed_confidence_non_fire_heat_source,4,0,2,1,1,27.058226583333333,1.3383950445950994,0
2426,correlated_satellite_news_false_alarm,1,2,0,1,0,9.705409516666666,0.754541577032136,0
2427,nominal_satellite_false_heat_source,1,0,0,1,0,0.0,0.0,0
2428,nominal_low_satellite_with_news_real_fire,2,2,0,2,0,17.04239881666667,2.1188609877670213,1
2429,persistent_non_wildfire_heat_source,2,0,2,0,0,21.87641065,0.34977010093455324,0
2430,mixed_confidence_satellite_real_fire,4,0,2,1,1,33.40121896666667,2.403919857686467,1
2431,mixed_confidence_satellite_real_fire,3,2,1,1,1,40.24962885,3.352362660746229,1
2432,persistent_non_wildfire_heat_source,3,0,2,1,0,35.9189042,2.8854670988334603,0
2433,low_confidence_satellite_noise,2,0,2,0,0,9.596360766666667,1.696102080350199,0
2434,mixed_confidence_non_fire_heat_source,3,0,2,0,1,7.1155863,2.344099739821907,0
2435,low_confidence_satellite_noise,3,0,3,0,0,18.246075299999998,2.8384825639030087,0
2436,nominal_low_satellite_with_news_real_fire,3,2,1,2,0,29.798287333333334,1.980592669453082,1
2437,high_confidence_satellite_with_news,3,1,0,0,3,6.728931516666666,2.436867574917904,1
2438,mixed_satellite_with_false_news,3,1,3,0,0,26.711622,1.894450178587904,0
2439,multi_confidence_persistent_real_fire,4,2,2,1,1,29.168022766666663,3.0091893167766206,1
2440,nominal_low_satellite_with_news_real_fire,3,1,2,1,0,30.268668066666667,3.427168199698013,1
2441,mixed_confidence_satellite_real_fire,4,1,1,2,1,21.027423,2.7307162664938134,1
2442,multi_satellite_plus_multi_news,2,3,0,1,1,31.117680083333333,2.981278195469552,1
2443,nominal_satellite_false_heat_source,1,0,0,1,0,0.0,0.0,0
2444,multiple_news_same_false_alarm,0,2,0,0,0,31.878596883333334,0.3020989773229436,0
2445,mixed_satellite_with_false_news,2,2,1,1,0,23.251333583333334,1.8375012329895055,0
2446,mixed_confidence_satellite_real_fire,3,0,1,2,0,27.221248483333333,3.4563095129972665,1
2447,multiple_news_same_false_alarm,0,3,0,0,0,15.141726183333333,0.5585579518565261,0
2448,news_rumor_no_fire,0,1,0,0,0,0.0,0.0,0
2449,mixed_satellite_with_false_news,3,2,0,2,1,22.56629175,3.0265226570121126,0
2450,high_low_satellite_with_news_real_fire,3,1,1,0,2,12.8127046,3.0123791059449894,1
2451,multiple_news_same_false_alarm,0,3,0,0,0,20.295355233333332,0.6827772025976859,0
2452,mixed_confidence_non_fire_heat_source,2,0,2,0,0,17.99256155,1.2082282069179424,0
2453,satellite_only_before_news,1,0,0,0,1,0.0,0.0,1
2454,high_low_satellite_with_news_real_fire,2,1,1,0,1,25.658099,2.451016136573815,1
2455,mixed_confidence_satellite_real_fire,3,0,0,3,0,16.164805316666666,2.9382017450881754,1
2456,satellite_only_before_news,1,0,0,0,1,0.0,0.0,1
2457,multiple_news_same_false_alarm,0,4,0,0,0,38.093523733333335,0.6033767719952513,0
2458,high_low_satellite_with_news_real_fire,2,1,1,0,1,28.47834215,3.319616006836748,1
2459,multi_satellite_plus_multi_news,4,3,0,2,2,39.17478406666667,2.3136050863188373,1
2460,high_confidence_satellite_false_positive,1,0,0,0,1,0.0,0.0,0
2461,satellite_only_before_news,2,0,0,1,1,3.4504697333333336,0.6964405240256342,1
2462,mixed_satellite_with_false_news,1,2,0,1,0,28.01236,1.0789375308621547,0
2463,mixed_confidence_satellite_real_fire,3,1,1,1,1,24.295469633333333,2.8894584126149376,1
2464,high_confidence_satellite_with_news,3,1,0,0,3,16.569119116666666,2.639003824665954,1
2465,nominal_low_satellite_with_news_real_fire,2,2,1,1,0,20.6788661,2.9459976835981014,1
2466,multiple_news_same_false_alarm,0,3,0,0,0,28.033583766666666,1.3654690244830197,0
2467,correlated_satellite_news_false_alarm,2,1,1,1,0,13.474419399999999,0.6276157354203854,0
2468,multiple_news_same_false_alarm,0,2,0,0,0,4.016975766666667,0.5331998009975798,0
2469,news_rumor_no_fire,0,1,0,0,0,0.0,0.0,0
2470,news_rumor_no_fire,0,1,0,0,0,0.0,0.0,0
2471,news_rumor_no_fire,0,1,0,0,0,0.0,0.0,0
2472,multi_confidence_persistent_real_fire,4,2,1,1,2,33.42363748333334,3.4703692085599687,1
2473,nominal_satellite_false_heat_source,2,0,0,2,0,5.9758759,1.1233801101178555,0
2474,mixed_satellite_with_false_news,1,2,0,0,1,11.990376300000001,2.8198472387130473,0
2475,multiple_news_same_false_alarm,0,4,0,0,0,20.70908245,0.966838903507434,0
2476,high_confidence_satellite_with_news,3,1,0,0,3,21.343114733333334,2.7278860223313077,1
2477,high_confidence_satellite_with_news,2,1,0,0,2,19.681451316666667,1.4261919976888047,1
2478,mixed_confidence_satellite_real_fire,4,0,2,2,0,13.14242305,3.5555218324760975,1
2479,correlated_satellite_news_false_alarm,1,1,1,0,0,4.755988716666667,0.22323743327573475,0
2480,nominal_satellite_false_heat_source,2,0,0,2,0,4.856548133333334,0.8110840855891356,0
2481,news_only_before_satellite,0,1,0,0,0,0.0,0.0,1
2482,mixed_confidence_non_fire_heat_source,3,0,1,0,2,14.706801500000001,2.5635051172793863,0
2483,multi_satellite_real_fire,2,0,0,1,1,14.756559766666667,0.9889515353021763,1
2484,low_confidence_satellite_noise,3,0,3,0,0,16.49776818333333,2.6112687604056926,0
2485,persistent_non_wildfire_heat_source,4,0,3,1,0,46.7090795,2.4705799169390024,0
2486,news_only_before_satellite,0,1,0,0,0,0.0,0.0,1
2487,high_low_satellite_with_news_real_fire,3,2,3,0,0,31.693877349999998,2.9581067048688703,1
2488,high_low_satellite_false_alarm,3,0,0,0,3,13.657387383333335,1.1647786344972908,0
2489,nominal_satellite_with_news,2,1,0,2,0,23.25978955,1.8919549315724675,1
2490,mixed_satellite_with_false_news,3,2,1,2,0,30.08705773333333,2.233612936866792,0
2491,news_only_before_satellite,0,2,0,0,0,13.902062800000001,0.44485913255891657,1
2492,mixed_confidence_non_fire_heat_source,4,0,2,1,1,26.111356233333332,1.5926133504912288,0
2493,high_confidence_satellite_with_news,1,2,0,0,1,15.14395005,2.7437153682223108,1
2494,multiple_news_same_false_alarm,0,2,0,0,0,12.501133483333332,1.1555164213446933,0
2495,satellite_only_before_news,1,0,0,1,0,0.0,0.0,1
2496,mixed_confidence_satellite_real_fire,3,2,2,1,0,28.746632233333333,2.416183638003947,1
2497,nominal_low_satellite_with_news_real_fire,2,2,1,1,0,19.496270916666667,1.8627614182899583,1
2498,satellite_only_before_news,2,0,0,1,1,7.7580531,0.9448537370706049,1
2499,nominal_low_satellite_with_news_real_fire,3,1,2,1,0,26.301965466666665,2.2609932632766476,1
2500,multiple_news_same_false_alarm,0,2,0,0,0,12.8830707,0.5731071767260593,0
2501,multi_confidence_persistent_real_fire,3,0,0,2,1,30.29870995,2.4053489108843564,1
2502,news_only_before_satellite,0,2,0,0,0,8.037956616666667,0.30449535846079817,1
2503,high_confidence_satellite_false_positive,1,0,0,0,1,0.0,0.0,0
2504,mixed_satellite_with_false_news,1,2,0,0,1,32.830243116666665,0.7003668655227153,0
2505,nominal_satellite_with_news,2,1,0,2,0,1.15412445,3.3244762760877284,1
2506,nominal_satellite_false_heat_source,1,0,0,1,0,0.0,0.0,0
2507,nominal_satellite_with_news,2,2,0,2,0,36.306016050000004,2.8110695808111097,1
2508,high_confidence_satellite_with_news,3,1,0,0,3,22.063974416666667,2.3352795802170405,1
2509,mixed_confidence_satellite_real_fire,4,0,1,1,2,37.56697633333333,3.6497877036621187,1
2510,low_confidence_satellite_noise,1,0,1,0,0,0.0,0.0,0
2511,high_confidence_satellite_false_positive,1,0,0,0,1,0.0,0.0,0
2512,high_low_satellite_with_news_real_fire,3,1,2,0,1,32.14283483333333,2.597998910634781,1
2513,low_confidence_satellite_noise,3,0,3,0,0,7.59079715,2.259350364039954,0
2514,mixed_satellite_with_false_news,3,2,0,0,3,24.63364195,2.861429630757127,0
2515,news_rumor_no_fire,0,1,0,0,0,0.0,0.0,0
2516,mixed_satellite_with_false_news,2,2,1,1,0,24.804319383333333,3.7138995116544926,0
2517,multi_confidence_persistent_real_fire,3,1,1,0,2,33.64089738333333,2.551494553997037,1
2518,high_low_satellite_false_alarm,3,0,2,0,1,24.1722175,2.094572076177924,0
2519,high_confidence_satellite_false_positive,1,0,0,0,1,0.0,0.0,0
2520,high_confidence_satellite_with_news,1,2,0,0,1,14.489178483333335,1.4364449978140668,1
2521,high_confidence_satellite_with_news,3,1,0,0,3,25.575604366666667,2.782210001014167,1
2522,correlated_satellite_news_false_alarm,2,1,1,1,0,1.78863685,1.8309275907452909,0
2523,mixed_confidence_non_fire_heat_source,4,0,3,1,0,11.0050165,1.515903589985587,0
2524,high_low_satellite_false_alarm,2,0,2,0,0,16.9856098,1.840229869307962,0
2525,nominal_low_satellite_with_news_real_fire,3,2,3,0,0,19.840991816666666,1.6709927612468414,1
2526,high_low_satellite_false_alarm,2,1,0,0,2,21.32272126666667,1.1586298362223073,0
2527,news_only_before_satellite,0,2,0,0,0,1.2528704166666667,0.7507387394609565,1
2528,multi_satellite_plus_multi_news,4,3,0,3,1,38.308260016666665,3.374224555631695,1
2529,mixed_confidence_non_fire_heat_source,2,0,1,1,0,0.6031637333333334,1.3027482050715933,0
2530,nominal_satellite_false_heat_source,2,0,0,2,0,0.31188483333333333,0.7591057416106779,0
2531,high_low_satellite_false_alarm,3,1,2,0,1,21.6621364,2.57719723189942,0
2532,high_confidence_satellite_with_news,2,1,0,0,2,9.291202933333333,1.5716289330523134,1
2533,high_low_satellite_with_news_real_fire,2,1,0,0,2,26.12921406666667,1.2711636638232828,1
2534,news_rumor_no_fire,0,1,0,0,0,0.0,0.0,0
2535,multi_satellite_real_fire,4,0,0,4,0,31.872444566666665,2.988602514697193,1
2536,high_low_satellite_with_news_real_fire,3,1,2,0,1,32.26873571666667,1.9140738854065242,1
2537,persistent_non_wildfire_heat_source,3,0,1,2,0,5.9118139,1.744697193969707,0
2538,multi_satellite_plus_multi_news,2,3,0,1,1,33.649216333333335,3.5398891495420606,1
2539,multi_satellite_plus_multi_news,3,2,0,2,1,40.75394153333333,2.4686996486604387,1
2540,satellite_only_before_news,1,0,0,0,1,0.0,0.0,1
2541,satellite_only_before_news,2,0,0,2,0,10.9573427,1.3026669201350811,1
2542,high_low_satellite_with_news_real_fire,3,1,3,0,0,25.766444200000002,1.8030377279995748,1
2543,high_confidence_satellite_with_news,3,2,0,0,3,24.3133705,2.127394836733603,1
2544,news_rumor_no_fire,0,1,0,0,0,0.0,0.0,0
2545,multi_satellite_real_fire,3,0,0,3,0,27.114267383333335,1.4901441889331326,1
2546,news_only_before_satellite,0,2,0,0,0,19.923516733333333,0.5882628998882194,1
2547,news_rumor_no_fire,0,1,0,0,0,0.0,0.0,0
2548,satellite_only_before_news,1,0,0,0,1,0.0,0.0,1
2549,nominal_satellite_false_heat_source,2,0,0,2,0,8.85992375,0.5251884151794679,0
2550,high_low_satellite_with_news_real_fire,3,1,1,0,2,26.111087316666666,0.9687584610009663,1
2551,nominal_satellite_with_news,2,1,0,2,0,24.646785583333333,2.519793698152563,1
2552,nominal_satellite_false_heat_source,1,0,0,1,0,0.0,0.0,0
2553,satellite_only_before_news,1,0,0,0,1,0.0,0.0,1
2554,low_confidence_satellite_noise,1,0,1,0,0,0.0,0.0,0
2555,multi_satellite_real_fire,3,0,0,1,2,19.739155966666665,2.6405638680847514,1
2556,multi_confidence_persistent_real_fire,4,0,1,0,3,35.950135016666664,2.4247086744459523,1
2557,multi_satellite_plus_multi_news,3,3,0,2,1,43.72363205,2.7039916702438123,1
2558,mixed_confidence_non_fire_heat_source,4,0,0,1,3,20.380867283333334,1.2202085733318693,0
2559,multi_satellite_plus_multi_news,4,2,0,3,1,38.26520495,3.055167731849487,1
2560,multi_satellite_real_fire,2,0,0,1,1,9.739089766666666,0.5242153115736201,1
2561,satellite_only_before_news,1,0,0,0,1,0.0,0.0,1
2562,satellite_only_before_news,2,0,0,1,1,16.713097716666667,0.6555034792874974,1
2563,high_confidence_satellite_false_positive,1,0,0,0,1,0.0,0.0,0
2564,multiple_news_same_false_alarm,0,3,0,0,0,40.64998971666667,1.5581659635752392,0
2565,low_confidence_satellite_noise,2,0,2,0,0,13.8864818,1.295907281339706,0
2566,news_only_before_satellite,0,1,0,0,0,0.0,0.0,1
2567,high_confidence_satellite_with_news,3,2,0,0,3,12.875965433333333,2.4035553570684063,1
2568,multi_satellite_plus_multi_news,2,3,0,1,1,22.72489615,2.9718608581273767,1
2569,nominal_satellite_with_news,1,2,0,1,0,24.525516683333333,1.923864612912308,1
2570,nominal_satellite_with_news,2,1,0,2,0,31.95535668333333,2.987967337457093,1
2571,multi_satellite_real_fire,4,0,0,3,1,31.141566266666665,2.3425040628621825,1
2572,multi_confidence_persistent_real_fire,3,2,0,1,2,19.9429442,2.7297791164629497,1
2573,multi_satellite_real_fire,4,0,0,2,2,33.98421413333333,1.9542454345896858,1
2574,mixed_confidence_satellite_real_fire,3,2,1,2,0,30.582395350000002,2.0530350208500603,1
2575,high_confidence_satellite_with_news,2,1,0,0,2,13.63916435,3.2732839056428076,1
2576,high_low_satellite_false_alarm,2,1,0,0,2,9.969807133333335,1.035996611141876,0
2577,nominal_low_satellite_with_news_real_fire,2,1,1,1,0,20.19081795,2.4669834281198844,1
2578,low_confidence_satellite_noise,1,0,1,0,0,0.0,0.0,0
2579,persistent_non_wildfire_heat_source,3,0,3,0,0,45.08288783333333,2.3897213053335835,0
2580,correlated_satellite_news_false_alarm,1,2,0,1,0,22.930064766666664,1.5516233065428608,0
2581,satellite_only_before_news,1,0,0,1,0,0.0,0.0,1
2582,multiple_news_same_false_alarm,0,4,0,0,0,41.49871783333333,1.0263109670757844,0
2583,high_confidence_satellite_with_news,1,1,0,0,1,17.765613466666665,1.596704638346923,1
2584,high_low_satellite_false_alarm,2,0,2,0,0,2.4970148833333337,1.8358608169285795,0
2585,news_rumor_no_fire,0,1,0,0,0,0.0,0.0,0
2586,news_only_before_satellite,0,1,0,0,0,0.0,0.0,1
2587,mixed_confidence_non_fire_heat_source,2,0,2,0,0,3.30463205,0.3281410332567303,0
2588,news_rumor_no_fire,0,1,0,0,0,0.0,0.0,0
2589,mixed_satellite_with_false_news,2,1,0,1,1,11.344178733333333,1.7300384339332215,0
2590,persistent_non_wildfire_heat_source,2,0,2,0,0,30.6489254,2.7455721159509983,0
2591,high_confidence_satellite_false_positive,1,0,0,0,1,0.0,0.0,0
2592,multi_satellite_plus_multi_news,4,3,0,3,1,33.6533921,3.3932338289897657,1
2593,high_low_satellite_with_news_real_fire,2,1,1,0,1,18.58602791666667,1.4721985438035399,1
2594,multi_confidence_persistent_real_fire,3,2,2,1,0,30.89850768333333,2.729442383010533,1
2595,high_confidence_satellite_with_news,2,2,0,0,2,17.149513333333335,2.820809729273786,1
2596,news_only_before_satellite,0,1,0,0,0,0.0,0.0,1
2597,mixed_confidence_satellite_real_fire,2,2,0,2,0,16.496306866666668,3.4731891870559464,1
2598,news_rumor_no_fire,0,1,0,0,0,0.0,0.0,0
2599,news_only_before_satellite,0,1,0,0,0,0.0,0.0,1
2600,satellite_only_before_news,2,0,0,1,1,1.8989114166666667,0.5479331417164192,1
2601,high_low_satellite_with_news_real_fire,3,1,1,0,2,26.493178,2.544858572498977,1
2602,correlated_satellite_news_false_alarm,2,2,0,2,0,16.929825833333332,1.8962940350089807,0
2603,correlated_satellite_news_false_alarm,1,1,0,1,0,2.5999283666666666,1.9452540628944293,0
2604,multi_satellite_real_fire,3,0,0,2,1,22.158946183333335,0.9072014529260115,1
2605,mixed_confidence_non_fire_heat_source,3,0,1,0,2,12.493926466666666,2.5221116746098207,0
2606,mixed_confidence_satellite_real_fire,4,1,2,1,1,15.452232366666667,3.0452869506773244,1
2607,mixed_confidence_satellite_real_fire,4,1,0,3,1,33.39494786666667,2.262672647174284,1
2608,multi_satellite_real_fire,3,0,0,2,1,16.167267666666667,1.0411803262458645,1
2609,nominal_satellite_false_heat_source,1,0,0,1,0,0.0,0.0,0
2610,multi_satellite_real_fire,3,0,0,2,1,10.310617299999999,1.203376202747542,1
2611,news_only_before_satellite,0,2,0,0,0,11.3348169,0.15402671650247823,1
2612,mixed_satellite_with_false_news,3,2,1,1,1,27.935609733333333,1.8746434779119254,0
2613,high_confidence_satellite_false_positive,1,0,0,0,1,0.0,0.0,0
2614,nominal_low_satellite_with_news_real_fire,2,1,2,0,0,7.6834526,1.456549141414459,1
2615,nominal_low_satellite_with_news_real_fire,3,2,1,2,0,6.87427695,1.6471816278710516,1
2616,high_low_satellite_false_alarm,3,1,1,0,2,21.099132766666667,3.0741981383633457,0
2617,multi_satellite_real_fire,2,0,0,2,0,7.434889483333333,2.1859675218362318,1
2618,nominal_satellite_with_news,2,1,0,2,0,13.209876783333334,2.2897526484237365,1
2619,satellite_only_before_news,2,0,0,1,1,2.8918948999999996,0.9777535528004079,1
2620,multiple_news_same_false_alarm,0,3,0,0,0,20.09399031666667,0.6274528944218123,0
2621,high_confidence_satellite_with_news,2,1,0,0,2,16.165647166666666,2.2280716791313933,1
2622,high_low_satellite_false_alarm,3,0,1,0,2,19.629905416666666,1.3479114732771371,0
2623,persistent_non_wildfire_heat_source,4,0,2,2,0,40.32445731666667,3.567134900086383,0
2624,high_confidence_satellite_with_news,1,1,0,0,1,12.85236945,2.621633959759929,1
2625,news_rumor_no_fire,0,1,0,0,0,0.0,0.0,0
2626,nominal_satellite_false_heat_source,2,0,0,2,0,4.4594563,1.1278029275842065,0
2627,nominal_low_satellite_with_news_real_fire,2,1,1,1,0,31.629761316666666,1.9845906926599768,1
2628,satellite_only_before_news,1,0,0,0,1,0.0,0.0,1
2629,multiple_news_same_false_alarm,0,4,0,0,0,20.842883566666668,1.570978360509996,0
2630,nominal_satellite_with_news,1,1,0,1,0,23.21402833333333,2.699646712442799,1
2631,multi_confidence_persistent_real_fire,4,2,2,1,1,23.7428399,3.5094861834521267,1
2632,high_confidence_satellite_with_news,2,1,0,0,2,12.048511083333333,3.3139399662080167,1
2633,multi_satellite_plus_multi_news,3,2,0,2,1,31.927070383333334,1.9515946703757039,1
2634,persistent_non_wildfire_heat_source,4,0,3,1,0,26.756916316666665,1.5157304405829384,0
2635,correlated_satellite_news_false_alarm,2,2,2,0,0,10.404981866666667,2.483185136298467,0
2636,news_only_before_satellite,0,2,0,0,0,4.806245516666666,1.7240428681372395,1
2637,nominal_satellite_false_heat_source,1,0,0,1,0,0.0,0.0,0
2638,high_confidence_satellite_with_news,2,2,0,0,2,17.98992355,2.7733564400306654,1
2639,multi_confidence_persistent_real_fire,3,1,0,0,3,32.20885858333333,2.1089723221440777,1
2640,mixed_satellite_with_false_news,1,1,1,0,0,12.971361133333334,2.185481736720524,0
2641,correlated_satellite_news_false_alarm,1,1,0,1,0,12.971610416666666,0.8433647129824099,0
2642,low_confidence_satellite_noise,1,0,1,0,0,0.0,0.0,0
2643,multi_satellite_plus_multi_news,2,2,0,1,1,31.180013033333335,1.932249443448998,1
2644,multi_confidence_persistent_real_fire,5,2,0,3,2,29.648412833333335,3.632208277950556,1
2645,nominal_satellite_false_heat_source,1,0,0,1,0,0.0,0.0,0
2646,correlated_satellite_news_false_alarm,2,1,1,1,0,10.539913183333335,1.3820615914708574,0
2647,multi_satellite_real_fire,2,0,0,1,1,1.02327645,0.3109157189829254,1
2648,high_low_satellite_false_alarm,3,1,2,0,1,26.055081649999998,2.9269995038668957,0
2649,news_only_before_satellite,0,1,0,0,0,0.0,0.0,1
2650,mixed_satellite_with_false_news,2,1,0,2,0,30.8685206,2.9338798115300238,0
2651,high_low_satellite_with_news_real_fire,3,2,2,0,1,24.189525266666667,1.7164291082631937,1
2652,news_only_before_satellite,0,1,0,0,0,0.0,0.0,1
2653,high_low_satellite_with_news_real_fire,2,1,0,0,2,16.037383683333335,2.216416056760881,1
2654,nominal_satellite_with_news,2,2,0,2,0,19.436994383333335,1.8292422016175403,1
2655,multi_confidence_persistent_real_fire,5,1,1,1,3,42.98060461666667,3.6856838236130645,1
2656,high_confidence_satellite_with_news,1,2,0,0,1,0.5595325666666666,1.9191488082771007,1
2657,news_rumor_no_fire,0,1,0,0,0,0.0,0.0,0
2658,multiple_news_same_false_alarm,0,2,0,0,0,13.937840433333333,0.5134780235270994,0
2659,news_rumor_no_fire,0,1,0,0,0,0.0,0.0,0
2660,high_low_satellite_false_alarm,2,0,0,0,2,6.431233533333333,0.9210927656091321,0
2661,satellite_only_before_news,2,0,0,1,1,1.64818305,0.09641497587736651,1
2662,mixed_confidence_non_fire_heat_source,3,0,2,1,0,17.041276200000002,1.4818771424688053,0
2663,multi_satellite_real_fire,4,0,0,3,1,22.920248516666668,2.086373234539789,1
2664,multiple_news_same_false_alarm,0,2,0,0,0,13.303590183333334,0.022143271388267764,0
2665,low_confidence_satellite_noise,1,0,1,0,0,0.0,0.0,0
2666,high_low_satellite_with_news_real_fire,2,1,1,0,1,10.930038533333335,1.9777699023820907,1
2667,correlated_satellite_news_false_alarm,1,2,0,1,0,14.105070766666667,2.300663308180981,0
2668,high_confidence_satellite_with_news,3,2,0,0,3,20.882787633333333,2.4464224043141343,1
2669,persistent_non_wildfire_heat_source,2,0,2,0,0,14.738248983333333,0.46515546436609767,0
2670,high_low_satellite_with_news_real_fire,3,2,2,0,1,16.399151783333334,3.5124748955683534,1
2671,nominal_satellite_with_news,2,1,0,2,0,31.881358916666667,2.3441068809024235,1
2672,high_low_satellite_false_alarm,2,1,1,0,1,19.017884383333335,1.1823044994351593,0
2673,multi_satellite_plus_multi_news,2,3,0,1,1,40.54950485,1.7860551275811787,1
2674,news_only_before_satellite,0,1,0,0,0,0.0,0.0,1
2675,mixed_confidence_satellite_real_fire,2,1,0,1,1,37.008251816666665,2.183802666180069,1
2676,persistent_non_wildfire_heat_source,3,0,2,1,0,42.00650401666667,2.197322955147332,0
2677,nominal_satellite_with_news,2,1,0,2,0,33.1168514,1.5054662713589466,1
2678,multi_satellite_plus_multi_news,3,3,0,1,2,26.000431250000002,3.970385861056417,1
2679,mixed_confidence_non_fire_heat_source,3,0,1,0,2,11.510467733333334,0.9233704613376131,0
2680,high_confidence_satellite_false_positive,1,0,0,0,1,0.0,0.0,0
2681,multiple_news_same_false_alarm,0,2,0,0,0,32.28662438333333,0.9779868930312913,0
2682,multiple_news_same_false_alarm,0,4,0,0,0,14.959011383333332,1.0559649047715494,0
2683,satellite_only_before_news,1,0,0,1,0,0.0,0.0,1
2684,multi_confidence_persistent_real_fire,5,1,0,2,3,48.491103833333334,3.4891696630915705,1
2685,multi_satellite_real_fire,2,0,0,1,1,1.98201245,0.9224647775568462,1
2686,satellite_only_before_news,2,0,0,0,2,2.3252164833333335,0.8353151613518045,1
2687,low_confidence_satellite_noise,3,0,3,0,0,23.460233300000002,3.0395667875688908,0
2688,persistent_non_wildfire_heat_source,4,0,2,2,0,30.38226673333333,2.9605451400186067,0
2689,multi_confidence_persistent_real_fire,3,1,1,2,0,28.8834565,2.001803941889719,1
2690,multi_satellite_real_fire,4,0,0,3,1,35.27016771666667,3.603236597823747,1
2691,news_only_before_satellite,0,1,0,0,0,0.0,0.0,1
2692,multi_confidence_persistent_real_fire,5,2,2,1,2,45.668591883333335,3.6829227136629186,1
2693,satellite_only_before_news,1,0,0,1,0,0.0,0.0,1
2694,persistent_non_wildfire_heat_source,3,0,3,0,0,18.286160116666668,2.010998297833129,0
2695,high_confidence_satellite_false_positive,1,0,0,0,1,0.0,0.0,0
2696,high_confidence_satellite_false_positive,1,0,0,0,1,0.0,0.0,0
2697,multi_confidence_persistent_real_fire,5,0,2,3,0,31.459195916666665,2.668031838401132,1
2698,correlated_satellite_news_false_alarm,2,1,0,2,0,17.364342616666665,2.731147527503626,0
2699,high_low_satellite_with_news_real_fire,2,2,1,0,1,32.71283183333333,2.463782450509554,1
2700,mixed_confidence_non_fire_heat_source,4,0,3,1,0,5.27907485,1.8507146939089356,0
2701,satellite_only_before_news,1,0,0,0,1,0.0,0.0,1
2702,correlated_satellite_news_false_alarm,1,2,1,0,0,18.109811933333333,1.4150227000806208,0
2703,multi_satellite_plus_multi_news,2,2,0,1,1,13.028440983333333,1.9711612296995977,1
2704,high_low_satellite_with_news_real_fire,3,1,2,0,1,27.453554583333336,1.994545980403712,1
2705,correlated_satellite_news_false_alarm,2,2,0,2,0,2.59221195,2.3624334048437876,0
2706,multi_satellite_plus_multi_news,2,3,0,1,1,45.944954,3.980147800094884,1
2707,mixed_confidence_non_fire_heat_source,3,0,1,2,0,21.985807216666668,2.5908181987635746,0
2708,low_confidence_satellite_noise,2,0,2,0,0,30.6436289,0.1737806212921034,0
2709,mixed_satellite_with_false_news,1,2,1,0,0,10.50026855,2.142237890627336,0
2710,high_confidence_satellite_with_news,3,1,0,0,3,22.565251699999997,1.6447399818843689,1
2711,multi_satellite_plus_multi_news,4,2,0,1,3,33.3433992,3.485417059203315,1
2712,nominal_low_satellite_with_news_real_fire,2,1,1,1,0,26.442791716666665,1.357252271902906,1
2713,news_only_before_satellite,0,1,0,0,0,0.0,0.0,1
2714,low_confidence_satellite_noise,2,0,2,0,0,29.59779178333333,2.0213901815486275,0
2715,low_confidence_satellite_noise,1,0,1,0,0,0.0,0.0,0
2716,nominal_satellite_with_news,1,1,0,1,0,5.5302908833333335,2.465507294392893,1
2717,high_confidence_satellite_with_news,2,2,0,0,2,13.56481375,1.835881777389393,1
2718,mixed_satellite_with_false_news,3,1,1,0,2,12.622319466666665,1.384322095731305,0
2719,correlated_satellite_news_false_alarm,1,2,1,0,0,17.9367474,0.43203183951725666,0
2720,mixed_confidence_satellite_real_fire,3,2,1,0,2,27.84720505,2.262076238356319,1
2721,multi_satellite_plus_multi_news,3,3,0,1,2,40.176927983333336,2.9891145087500273,1
2722,high_low_satellite_false_alarm,2,0,0,0,2,1.1650087833333334,1.1436020959940847,0
2723,high_confidence_satellite_false_positive,1,0,0,0,1,0.0,0.0,0
2724,multi_satellite_plus_multi_news,3,2,0,2,1,21.3283238,1.8653309164859573,1
2725,correlated_satellite_news_false_alarm,2,2,2,0,0,23.431435533333335,2.66657285153851,0
2726,satellite_only_before_news,2,0,0,0,2,14.060621816666666,1.336485936757328,1
2727,persistent_non_wildfire_heat_source,3,0,0,3,0,24.7058061,3.585587919928076,0
2728,mixed_satellite_with_false_news,2,2,0,2,0,28.891539566666665,2.15409649624914,0
2729,low_confidence_satellite_noise,3,0,3,0,0,11.827694549999999,1.3998125214242425,0
2730,nominal_satellite_with_news,1,1,0,1,0,5.891696016666667,1.9892848776152046,1
2731,high_low_satellite_with_news_real_fire,3,2,2,0,1,14.225441683333335,2.6981048286317635,1
2732,news_only_before_satellite,0,2,0,0,0,10.923889966666668,1.3139073926595797,1
2733,multi_satellite_real_fire,3,0,0,2,1,25.672649916666668,1.6612412855915573,1
2734,mixed_satellite_with_false_news,3,1,0,2,1,8.460596033333333,2.7217479830374396,0
2735,multi_satellite_plus_multi_news,3,3,0,1,2,33.25647873333333,3.2692985390684792,1
2736,nominal_satellite_with_news,2,2,0,2,0,10.826177716666667,2.0379447362692544,1
2737,high_confidence_satellite_false_positive,1,0,0,0,1,0.0,0.0,0
2738,correlated_satellite_news_false_alarm,2,2,2,0,0,12.115281033333334,2.5451881071495803,0
2739,high_confidence_satellite_with_news,1,1,0,0,1,8.093755683333333,1.3233064893200308,1
2740,multiple_news_same_false_alarm,0,3,0,0,0,22.655817916666667,1.4940618106070356,0
2741,mixed_confidence_non_fire_heat_source,3,0,0,0,3,17.26549238333333,1.0188287057903567,0
2742,nominal_satellite_false_heat_source,2,0,0,2,0,3.34014845,0.19290733796443005,0
2743,nominal_satellite_with_news,2,1,0,2,0,22.699227366666666,1.8651557900418667,1
2744,high_confidence_satellite_false_positive,1,0,0,0,1,0.0,0.0,0
2745,nominal_satellite_false_heat_source,1,0,0,1,0,0.0,0.0,0
2746,news_only_before_satellite,0,1,0,0,0,0.0,0.0,1
2747,news_only_before_satellite,0,1,0,0,0,0.0,0.0,1
2748,satellite_only_before_news,2,0,0,2,0,10.279381166666667,1.3808607691610402,1
2749,correlated_satellite_news_false_alarm,1,1,1,0,0,11.865852733333332,3.348472716094554,0
2750,correlated_satellite_news_false_alarm,2,2,2,0,0,11.860593833333333,0.976166160527736,0
2751,mixed_confidence_satellite_real_fire,4,0,1,1,2,42.306783949999996,1.395664909339409,1
2752,correlated_satellite_news_false_alarm,2,2,0,2,0,14.4771371,2.189652133684468,0
2753,high_confidence_satellite_false_positive,1,0,0,0,1,0.0,0.0,0
2754,multiple_news_same_false_alarm,0,3,0,0,0,18.490646766666668,0.5765366644058533,0
2755,nominal_low_satellite_with_news_real_fire,3,2,1,2,0,31.666626150000003,2.2494846828530757,1
2756,mixed_satellite_with_false_news,1,2,1,0,0,34.791194049999994,1.7278676156577943,0
2757,satellite_only_before_news,1,0,0,0,1,0.0,0.0,1
2758,high_confidence_satellite_false_positive,1,0,0,0,1,0.0,0.0,0
2759,mixed_confidence_non_fire_heat_source,2,0,1,0,1,10.016234800000001,0.589976298479083,0
2760,satellite_only_before_news,2,0,0,2,0,3.9452144166666665,2.8986655309591374,1
2761,nominal_low_satellite_with_news_real_fire,3,1,1,2,0,28.554160416666665,2.258853701509288,1
2762,multiple_news_same_false_alarm,0,3,0,0,0,7.875251316666667,0.9898704066499834,0
2763,low_confidence_satellite_noise,1,0,1,0,0,0.0,0.0,0
2764,high_confidence_satellite_with_news,2,1,0,0,2,19.87713785,1.5322893853454316,1
2765,nominal_low_satellite_with_news_real_fire,3,1,3,0,0,31.24044155,3.486444870132655,1
2766,multi_satellite_real_fire,4,0,0,2,2,30.036699583333334,2.464543870946226,1
2767,multi_satellite_plus_multi_news,4,2,0,3,1,46.99258953333333,1.6749087831151224,1
2768,high_low_satellite_with_news_real_fire,3,1,1,0,2,21.288206,3.279054169504294,1
2769,mixed_confidence_non_fire_heat_source,2,0,2,0,0,15.664208683333333,1.081163100694671,0
2770,multi_satellite_plus_multi_news,4,2,0,2,2,32.8779064,3.9001057283670377,1
2771,multi_satellite_plus_multi_news,2,2,0,1,1,29.468789583333333,1.85793819937938,1
2772,multiple_news_same_false_alarm,0,2,0,0,0,19.4111832,0.08301585752256825,0
2773,high_confidence_satellite_false_positive,1,0,0,0,1,0.0,0.0,0
2774,high_low_satellite_with_news_real_fire,3,1,2,0,1,25.9681204,1.7012676937542561,1
2775,correlated_satellite_news_false_alarm,2,1,0,2,0,4.10612115,2.5626017760433526,0
2776,news_rumor_no_fire,0,1,0,0,0,0.0,0.0,0
2777,mixed_confidence_satellite_real_fire,3,2,1,2,0,33.274630333333334,1.6529787328005185,1
2778,high_low_satellite_with_news_real_fire,3,2,2,0,1,29.651890050000002,2.395262088195069,1
2779,multi_satellite_real_fire,4,0,0,3,1,27.8765191,2.264030774300676,1
2780,multi_satellite_plus_multi_news,2,2,0,2,0,31.953147766666667,2.606769055532235,1
2781,high_confidence_satellite_with_news,1,2,0,0,1,17.901817016666666,1.5927389106868253,1
2782,high_low_satellite_with_news_real_fire,3,2,1,0,2,20.64848153333333,2.413780100717187,1
2783,mixed_confidence_non_fire_heat_source,3,0,1,1,1,22.2130864,0.997494871287887,0
2784,news_rumor_no_fire,0,1,0,0,0,0.0,0.0,0
2785,low_confidence_satellite_noise,1,0,1,0,0,0.0,0.0,0
2786,correlated_satellite_news_false_alarm,1,1,1,0,0,9.795142966666667,1.4621024828144666,0
2787,mixed_satellite_with_false_news,1,2,0,1,0,22.4581917,0.93156951532881,0
2788,high_confidence_satellite_false_positive,1,0,0,0,1,0.0,0.0,0
2789,mixed_confidence_non_fire_heat_source,2,0,0,0,2,20.11916385,0.7418346161477692,0
2790,news_only_before_satellite,0,2,0,0,0,5.387520433333333,0.8022043085343785,1
2791,multi_satellite_plus_multi_news,3,2,0,2,1,18.297582366666667,2.6094721908957896,1
2792,low_confidence_satellite_noise,2,0,2,0,0,1.1234573833333334,0.6121442390324335,0
2793,high_confidence_satellite_with_news,1,1,0,0,1,4.507205033333333,2.9007356330684773,1
2794,low_confidence_satellite_noise,2,0,2,0,0,31.35666133333333,1.484338931706277,0
2795,multiple_news_same_false_alarm,0,4,0,0,0,29.049139183333335,0.6084348008245233,0
2796,mixed_confidence_non_fire_heat_source,2,0,1,1,0,10.702203016666665,2.1909318363508152,0
2797,news_only_before_satellite,0,2,0,0,0,10.151080483333335,1.1889032411395675,1
2798,high_confidence_satellite_with_news,1,1,0,0,1,4.152339316666667,2.0999622690511397,1
2799,high_low_satellite_false_alarm,2,1,1,0,1,24.040653416666665,1.587473093369903,0
2800,persistent_non_wildfire_heat_source,3,0,1,2,0,17.11076711666667,1.5690880485777159,0
2801,mixed_confidence_non_fire_heat_source,2,0,1,1,0,16.805099933333334,2.3366825420680684,0
2802,satellite_only_before_news,2,0,0,1,1,2.2122095333333336,0.7561727868325441,1
2803,high_confidence_satellite_with_news,1,1,0,0,1,24.494592466666667,1.7643171480540398,1
2804,multiple_news_same_false_alarm,0,2,0,0,0,13.830487916666668,1.3081972383034768,0
2805,satellite_only_before_news,2,0,0,0,2,14.1878908,1.340930207756618,1
2806,news_rumor_no_fire,0,1,0,0,0,0.0,0.0,0
2807,news_only_before_satellite,0,2,0,0,0,1.90742255,0.7894116290215608,1
2808,nominal_satellite_false_heat_source,1,0,0,1,0,0.0,0.0,0
2809,multiple_news_same_false_alarm,0,3,0,0,0,15.586411566666667,1.274761438477399,0
2810,news_only_before_satellite,0,1,0,0,0,0.0,0.0,1
2811,news_only_before_satellite,0,1,0,0,0,0.0,0.0,1
2812,mixed_confidence_satellite_real_fire,3,2,0,0,3,32.614638883333335,2.8546288293067454,1
2813,high_confidence_satellite_with_news,3,2,0,0,3,14.857406316666667,3.126671451042225,1
2814,nominal_satellite_with_news,1,2,0,1,0,30.691272316666666,1.8241522375610155,1
2815,nominal_satellite_with_news,2,2,0,2,0,22.099147883333334,1.8164066387494417,1
2816,multi_satellite_real_fire,2,0,0,1,1,35.0346462,2.6174973980978478,1
2817,mixed_satellite_with_false_news,3,2,0,2,1,19.229140949999998,2.1072330364445877,0
2818,multi_satellite_real_fire,4,0,0,3,1,32.74824013333333,2.8167262500891734,1
2819,persistent_non_wildfire_heat_source,3,0,1,2,0,26.838468966666667,3.290032847147735,0
2820,multi_satellite_plus_multi_news,3,2,0,0,3,47.46283211666666,4.123105400974757,1
2821,multiple_news_same_false_alarm,0,2,0,0,0,1.0257522833333332,0.8011850219850553,0
2822,news_rumor_no_fire,0,1,0,0,0,0.0,0.0,0
2823,nominal_low_satellite_with_news_real_fire,2,1,2,0,0,24.101286650000002,1.617923438014982,1
2824,persistent_non_wildfire_heat_source,3,0,1,2,0,4.525369850000001,2.3499509870362436,0
2825,low_confidence_satellite_noise,2,0,2,0,0,20.6325043,1.1056416686326807,0
2826,low_confidence_satellite_noise,1,0,1,0,0,0.0,0.0,0
2827,mixed_confidence_non_fire_heat_source,2,0,1,0,1,23.337656066666668,1.3925480284177334,0
2828,nominal_satellite_false_heat_source,1,0,0,1,0,0.0,0.0,0
2829,correlated_satellite_news_false_alarm,1,2,1,0,0,9.698351783333333,2.064703343026258,0
2830,high_low_satellite_with_news_real_fire,3,2,3,0,0,24.352349166666666,2.0660936417137976,1
2831,correlated_satellite_news_false_alarm,1,2,1,0,0,22.408921449999998,2.51215052879963,0
2832,multi_satellite_plus_multi_news,4,3,0,1,3,30.103203816666667,1.8256053987194882,1
2833,mixed_confidence_non_fire_heat_source,2,0,0,1,1,14.898786916666667,1.3966939295853766,0
2834,multi_satellite_plus_multi_news,4,2,0,2,2,33.52873865,2.9888932688455423,1
2835,mixed_confidence_non_fire_heat_source,2,0,1,1,0,10.415615366666666,2.5562801123136567,0
2836,high_low_satellite_with_news_real_fire,3,1,0,0,3,24.30321365,1.1665268311261392,1
2837,nominal_satellite_with_news,1,1,0,1,0,3.100171766666667,0.6563596546383519,1
2838,high_low_satellite_false_alarm,3,1,3,0,0,9.152501966666668,2.1442509620690964,0
2839,nominal_satellite_with_news,1,1,0,1,0,20.05551923333333,0.6040458637604187,1
2840,news_rumor_no_fire,0,1,0,0,0,0.0,0.0,0
2841,nominal_low_satellite_with_news_real_fire,3,1,2,1,0,31.2328508,1.7983497846338463,1
2842,nominal_satellite_false_heat_source,2,0,0,2,0,10.2258248,0.39252302272695583,0
2843,mixed_satellite_with_false_news,2,2,0,2,0,22.743509633333336,2.0174985248381962,0
2844,correlated_satellite_news_false_alarm,1,1,1,0,0,4.738955483333333,0.9314638439318549,0
2845,multi_confidence_persistent_real_fire,3,0,1,2,0,47.25869006666667,3.492125037758554,1
2846,low_confidence_satellite_noise,1,0,1,0,0,0.0,0.0,0
2847,multiple_news_same_false_alarm,0,3,0,0,0,28.472912,1.041092948570281,0
2848,multi_satellite_real_fire,2,0,0,2,0,8.130222,0.9988319444880961,1
2849,correlated_satellite_news_false_alarm,2,1,0,2,0,11.053234049999999,1.3268657265828687,0
2850,multi_confidence_persistent_real_fire,4,1,1,0,3,37.404062833333334,3.8164943953851567,1
2851,mixed_satellite_with_false_news,3,1,1,1,1,11.579733916666667,2.272713440660463,0
2852,multi_satellite_real_fire,2,0,0,2,0,8.387544716666666,1.923093382935079,1
2853,persistent_non_wildfire_heat_source,4,0,2,2,0,25.843339366666665,2.8561608852359743,0
2854,low_confidence_satellite_noise,3,0,3,0,0,23.99511903333333,1.5493808267504559,0
2855,multiple_news_same_false_alarm,0,2,0,0,0,2.2914521833333334,0.22057709827134753,0
2856,multiple_news_same_false_alarm,0,4,0,0,0,25.89910735,1.1559697350293068,0
2857,multiple_news_same_false_alarm,0,4,0,0,0,29.055297900000003,1.5338875766068336,0
2858,multi_confidence_persistent_real_fire,4,2,1,2,1,31.58889986666667,2.3256914983562202,1
2859,persistent_non_wildfire_heat_source,3,0,1,2,0,24.281221833333333,2.074936957909614,0
2860,high_low_satellite_false_alarm,2,0,1,0,1,22.642029633333333,1.6531520245430993,0
2861,persistent_non_wildfire_heat_source,2,0,0,2,0,37.60056746666667,2.100014790370897,0
2862,nominal_satellite_with_news,2,2,0,2,0,11.296631616666668,0.6873607456996977,1
2863,news_rumor_no_fire,0,1,0,0,0,0.0,0.0,0
2864,mixed_confidence_satellite_real_fire,4,0,2,2,0,32.978478,2.4536156895317354,1
2865,multi_satellite_real_fire,2,0,0,2,0,1.58186495,0.9162604489920515,1
2866,nominal_low_satellite_with_news_real_fire,3,2,1,2,0,16.812463816666668,2.5282762509511194,1
2867,satellite_only_before_news,2,0,0,0,2,2.2122920166666664,1.669561693610916,1
2868,mixed_confidence_non_fire_heat_source,3,0,2,1,0,25.26766125,1.183885248992511,0
2869,persistent_non_wildfire_heat_source,4,0,2,2,0,21.02533718333333,3.319817590361628,0
2870,high_low_satellite_with_news_real_fire,2,2,0,0,2,6.970104633333333,3.1441964548725636,1
2871,nominal_satellite_with_news,2,2,0,2,0,15.986807716666668,2.1921915897069377,1
2872,high_confidence_satellite_with_news,2,2,0,0,2,22.327103766666667,2.7597700433227463,1
2873,news_rumor_no_fire,0,1,0,0,0,0.0,0.0,0
2874,nominal_satellite_false_heat_source,2,0,0,2,0,1.3508871999999998,0.3127480655416422,0
2875,low_confidence_satellite_noise,1,0,1,0,0,0.0,0.0,0
2876,high_low_satellite_false_alarm,3,1,2,0,1,26.181786816666666,2.021050122021537,0
2877,multi_satellite_plus_multi_news,2,3,0,1,1,41.66370046666667,2.953235859211896,1
2878,correlated_satellite_news_false_alarm,2,2,1,1,0,18.649993316666666,2.406090520681012,0
2879,mixed_confidence_non_fire_heat_source,4,0,1,0,3,20.845340150000002,2.3498802382616604,0
2880,nominal_satellite_with_news,2,2,0,2,0,32.81884615,0.9671573837276607,1
2881,news_rumor_no_fire,0,1,0,0,0,0.0,0.0,0
2882,satellite_only_before_news,1,0,0,1,0,0.0,0.0,1
2883,satellite_only_before_news,1,0,0,0,1,0.0,0.0,1
2884,persistent_non_wildfire_heat_source,4,0,3,1,0,35.24715341666667,2.677034637831572,0
2885,nominal_satellite_false_heat_source,2,0,0,2,0,9.946506983333334,0.9515032611910033,0
2886,mixed_satellite_with_false_news,3,1,2,0,1,18.34280695,2.6006796899711793,0
2887,correlated_satellite_news_false_alarm,2,2,1,1,0,8.0400637,2.9046486081325824,0
2888,low_confidence_satellite_noise,1,0,1,0,0,0.0,0.0,0
2889,multi_satellite_real_fire,3,0,0,3,0,7.02567605,2.0210909408280937,1
2890,satellite_only_before_news,1,0,0,0,1,0.0,0.0,1
2891,low_confidence_satellite_noise,2,0,2,0,0,0.7560541,1.2530754419168117,0
2892,high_low_satellite_with_news_real_fire,3,1,3,0,0,19.62950688333333,2.7414234826676287,1
2893,satellite_only_before_news,1,0,0,1,0,0.0,0.0,1
2894,mixed_confidence_satellite_real_fire,3,0,0,1,2,39.793871366666664,0.8547572865479032,1
2895,persistent_non_wildfire_heat_source,3,0,0,3,0,26.385458316666664,1.394684800429312,0
2896,multi_satellite_real_fire,2,0,0,2,0,4.24959055,2.7428396601084812,1
2897,high_low_satellite_with_news_real_fire,2,1,1,0,1,9.61636075,1.2832375137954923,1
2898,multi_satellite_plus_multi_news,4,3,0,4,0,45.0575528,3.0495023614303625,1
2899,high_confidence_satellite_with_news,2,2,0,0,2,14.6918782,2.4244136107453396,1
2900,high_confidence_satellite_with_news,3,1,0,0,3,26.061802666666665,1.6945373020226067,1
2901,mixed_confidence_non_fire_heat_source,2,0,0,1,1,13.503953783333333,1.2788649923525914,0
2902,satellite_only_before_news,2,0,0,1,1,5.734709883333333,0.471878903183886,1
2903,low_confidence_satellite_noise,2,0,2,0,0,8.0498376,1.8055128188403673,0
2904,mixed_satellite_with_false_news,2,2,2,0,0,26.531881833333333,2.5785512995276685,0
2905,news_rumor_no_fire,0,1,0,0,0,0.0,0.0,0
2906,multi_confidence_persistent_real_fire,3,0,0,2,1,26.026867433333333,1.1386025991485178,1
2907,high_low_satellite_false_alarm,3,0,1,0,2,10.093642749999999,2.165644711742237,0
2908,high_low_satellite_false_alarm,3,0,2,0,1,11.4185862,0.7762591506896276,0
2909,multi_confidence_persistent_real_fire,5,0,2,3,0,34.9320643,2.9696309941800885,1
2910,nominal_low_satellite_with_news_real_fire,2,2,1,1,0,18.384833566666668,0.9430184816583853,1
2911,mixed_satellite_with_false_news,2,1,0,2,0,20.31362838333333,1.9054285307326893,0
2912,multi_satellite_real_fire,3,0,0,1,2,22.849175616666667,1.9608108983104684,1
2913,nominal_satellite_false_heat_source,1,0,0,1,0,0.0,0.0,0
2914,news_rumor_no_fire,0,1,0,0,0,0.0,0.0,0
2915,satellite_only_before_news,1,0,0,1,0,0.0,0.0,1
2916,mixed_satellite_with_false_news,1,2,0,0,1,20.8615243,2.651921929030633,0
2917,news_rumor_no_fire,0,1,0,0,0,0.0,0.0,0
2918,mixed_satellite_with_false_news,3,1,1,0,2,30.375403300000002,3.0704522504324485,0
2919,multi_confidence_persistent_real_fire,4,1,1,3,0,46.35506478333333,2.1686133696869074,1
2920,mixed_confidence_non_fire_heat_source,4,0,3,0,1,16.7774452,1.2618817182692268,0
2921,news_only_before_satellite,0,2,0,0,0,8.829573033333332,0.6668389076891703,1
2922,high_confidence_satellite_with_news,1,2,0,0,1,9.2553024,2.614126051653747,1
2923,multiple_news_same_false_alarm,0,3,0,0,0,18.704297166666667,1.0581662779918446,0
2924,multi_confidence_persistent_real_fire,4,0,2,1,1,32.06831031666667,2.975731951048491,1
2925,news_only_before_satellite,0,1,0,0,0,0.0,0.0,1
2926,high_confidence_satellite_false_positive,1,0,0,0,1,0.0,0.0,0
2927,multiple_news_same_false_alarm,0,3,0,0,0,30.506030783333333,0.8165454761275588,0
2928,persistent_non_wildfire_heat_source,3,0,2,1,0,20.5530158,1.3606055726629684,0
2929,mixed_satellite_with_false_news,2,1,2,0,0,13.545504116666667,0.7784395526727804,0
2930,high_low_satellite_with_news_real_fire,2,1,1,0,1,12.295951333333333,1.3801649920293464,1
2931,multi_satellite_plus_multi_news,4,2,0,3,1,46.31275213333333,2.7241543444725402,1
2932,news_only_before_satellite,0,2,0,0,0,11.59984885,0.7608757672532295,1
2933,news_only_before_satellite,0,2,0,0,0,2.191235583333333,0.6567195270133552,1
2934,satellite_only_before_news,1,0,0,0,1,0.0,0.0,1
2935,news_rumor_no_fire,0,1,0,0,0,0.0,0.0,0
2936,multi_confidence_persistent_real_fire,4,1,0,2,2,44.436130883333334,2.452556778161526,1
2937,news_only_before_satellite,0,2,0,0,0,15.270066883333334,0.6472498740083703,1
2938,mixed_satellite_with_false_news,2,1,0,1,1,18.74935268333333,2.5858647206793623,0
2939,news_only_before_satellite,0,2,0,0,0,5.258503,1.4564824151366822,1
2940,mixed_confidence_non_fire_heat_source,4,0,1,0,3,23.603321733333335,1.501934014729892,0
2941,mixed_confidence_satellite_real_fire,3,0,1,1,1,12.571027066666666,2.584125403664715,1
2942,high_low_satellite_false_alarm,2,1,1,0,1,17.018633516666668,1.8040425077447895,0
2943,mixed_satellite_with_false_news,2,1,0,2,0,6.459486283333334,1.2982596644561264,0
2944,satellite_only_before_news,2,0,0,2,0,9.830038483333334,1.0961804124149812,1
2945,high_confidence_satellite_false_positive,1,0,0,0,1,0.0,0.0,0
2946,multi_satellite_real_fire,3,0,0,2,1,5.343526266666667,1.829003652942189,1
2947,news_rumor_no_fire,0,1,0,0,0,0.0,0.0,0
2948,nominal_low_satellite_with_news_real_fire,3,2,1,2,0,12.674058733333334,3.475207272462977,1
2949,news_rumor_no_fire,0,1,0,0,0,0.0,0.0,0
2950,multiple_news_same_false_alarm,0,4,0,0,0,41.039735449999995,0.6109074947465045,0
2951,satellite_only_before_news,1,0,0,1,0,0.0,0.0,1
2952,satellite_only_before_news,2,0,0,1,1,8.53981885,1.2088040540092488,1
2953,mixed_satellite_with_false_news,3,2,2,0,1,22.663468266666666,3.041802227160132,0
2954,mixed_confidence_satellite_real_fire,3,0,1,1,1,6.667914316666667,2.4352898295105,1
2955,nominal_satellite_with_news,1,2,0,1,0,5.10682375,3.3782737755540633,1
2956,nominal_low_satellite_with_news_real_fire,2,1,1,1,0,30.836916683333335,3.2075623462384573,1
2957,high_low_satellite_false_alarm,2,1,2,0,0,23.120526700000003,1.4931646105855838,0
2958,news_only_before_satellite,0,2,0,0,0,7.6874853000000005,1.2063207436810472,1
2959,nominal_satellite_with_news,2,2,0,2,0,17.890149450000003,1.0620716490685513,1
2960,news_only_before_satellite,0,1,0,0,0,0.0,0.0,1
2961,nominal_satellite_with_news,1,2,0,1,0,11.939356366666667,2.073575541671445,1
2962,multi_confidence_persistent_real_fire,3,1,2,0,1,20.20469335,3.3284933228561657,1
2963,nominal_satellite_with_news,2,2,0,2,0,5.859306816666666,2.4026464987026666,1
2964,high_confidence_satellite_with_news,2,1,0,0,2,9.68067635,1.1278641592464311,1
2965,multiple_news_same_false_alarm,0,4,0,0,0,17.35418275,0.7628045203678928,0
2966,mixed_confidence_non_fire_heat_source,4,0,0,3,1,12.778969816666667,1.9895679659878676,0
2967,high_confidence_satellite_with_news,2,2,0,0,2,8.983547,0.9549751849331358,1
2968,nominal_satellite_with_news,2,1,0,2,0,22.879648850000002,1.829919308615287,1
2969,multi_satellite_real_fire,4,0,0,2,2,42.3244764,2.3773632934032873,1
2970,persistent_non_wildfire_heat_source,4,0,3,1,0,31.101559333333334,2.6979460660154713,0
2971,mixed_satellite_with_false_news,1,2,0,1,0,6.892841466666667,1.945029225048758,0
2972,nominal_satellite_with_news,2,1,0,2,0,14.752493483333334,2.1913500575378113,1
2973,mixed_satellite_with_false_news,3,1,0,2,1,29.080432283333334,2.1399263378661475,0
2974,news_rumor_no_fire,0,1,0,0,0,0.0,0.0,0
2975,mixed_confidence_non_fire_heat_source,4,0,1,1,2,4.8936896333333335,2.3981938243077257,0
2976,correlated_satellite_news_false_alarm,2,1,1,1,0,14.4759651,1.3832216730750797,0
2977,high_low_satellite_false_alarm,3,1,0,0,3,24.591793583333335,1.8656588164590684,0
2978,news_only_before_satellite,0,1,0,0,0,0.0,0.0,1
2979,nominal_satellite_false_heat_source,1,0,0,1,0,0.0,0.0,0
2980,high_low_satellite_with_news_real_fire,2,2,1,0,1,29.401739000000003,1.6600601632908822,1
2981,low_confidence_satellite_noise,3,0,3,0,0,16.39500376666667,1.2058132556922663,0
2982,persistent_non_wildfire_heat_source,4,0,1,3,0,39.00643363333334,0.8723748246643327,0
2983,multi_satellite_plus_multi_news,3,3,0,1,2,35.683476516666666,3.430017229326691,1
2984,high_confidence_satellite_with_news,2,1,0,0,2,13.899428499999999,3.580600179633706,1
2985,high_low_satellite_with_news_real_fire,3,2,1,0,2,20.603245183333335,2.321215156554822,1
2986,nominal_low_satellite_with_news_real_fire,3,2,2,1,0,13.936357,2.484477370495694,1
2987,nominal_satellite_with_news,1,2,0,1,0,6.444971883333333,3.065922476773539,1
2988,nominal_satellite_false_heat_source,2,0,0,2,0,6.6515959,0.8803882373819899,0
2989,mixed_confidence_non_fire_heat_source,2,0,1,1,0,7.837174383333333,0.8991361143414415,0
2990,nominal_satellite_with_news,1,2,0,1,0,10.975698683333333,1.9761247955666517,1
2991,mixed_satellite_with_false_news,3,2,1,0,2,26.977200516666667,3.114163053827024,0
2992,high_confidence_satellite_false_positive,1,0,0,0,1,0.0,0.0,0
2993,multi_satellite_plus_multi_news,3,3,0,2,1,46.810804016666665,2.5476945603753545,1
2994,nominal_low_satellite_with_news_real_fire,3,2,0,3,0,26.298436483333333,1.739483495082671,1
2995,multi_confidence_persistent_real_fire,3,2,0,3,0,25.70633528333333,2.495404150744775,1
2996,multi_confidence_persistent_real_fire,5,2,2,2,1,35.47423928333333,4.156064105090673,1
2997,news_only_before_satellite,0,2,0,0,0,3.54941015,0.3140598008269935,1
2998,multi_satellite_real_fire,3,0,0,3,0,28.672499883333334,1.8990044351287358,1
2999,satellite_only_before_news,2,0,0,2,0,13.428569533333333,0.4690862426082977,1
3000,mixed_confidence_non_fire_heat_source,4,0,2,1,1,10.601760149999999,1.6140451684787165,0
